# Resource object code (Python 3)
# Created by: object code
# Created by: The Resource Compiler for Qt version 6.11.2
# WARNING! All changes made in this file will be lost!

from PySide6 import QtCore

qt_resource_data = b"\
\x00\x00\x026\
<\
svg version=\x221.1\
\x22 id=\x22Layer_1\x22 x\
mlns=\x22http://www\
.w3.org/2000/svg\
\x22 x=\x220\x22 y=\x220\x22 vi\
ewBox=\x220 0 512 5\
12\x22 xml:space=\x22p\
reserve\x22><style \
type=\x22text/css\x22>\
.st0{fill:#de2b2\
6}</style><path \
class=\x22st0\x22 d=\x22M\
441.3 210.8C460.\
6 289 428 371.2 \
361 415.2l-62.2-\
142.6-59.6 25.9L\
301 441.1c-78.1 \
19.3-160.3-13.3-\
204.4-80.4L36.2 \
387C101 496.3 23\
8.4 542.6 358 49\
0.8s179.2-184 14\
3.7-305.9l-60.4 \
25.9zM154 21.2C3\
4.7 73.1-25.2 20\
5.3 10.3 327.1l6\
0.4-26.3C51.8 22\
3 84 140.5 151.4\
 96.4L213.2 239l\
59.6-25.9L211 70\
.5c78.1-19.3 160\
.3 13.3 204.4 80\
.4l60.4-26.3C410\
.9 15.7 273.6-30\
.6 154 21.2z\x22/><\
/svg>\
\x00\x00\x05\x98\
<\
svg xmlns=\x22http:\
//www.w3.org/200\
0/svg\x22 xml:space\
=\x22preserve\x22 view\
Box=\x220 0 250 250\
\x22><linearGradien\
t id=\x22a\x22 x1=\x22374\
.152\x22 x2=\x22616.43\
7\x22 y1=\x222.887\x22 y2\
=\x22-205.515\x22 grad\
ientTransform=\x22m\
atrix(.5625 0 0 \
-.568 -215.025 8\
.76)\x22 gradientUn\
its=\x22userSpaceOn\
Use\x22><stop offse\
t=\x220\x22 style=\x22sto\
p-color:#5a9fd4\x22\
/><stop offset=\x22\
1\x22 style=\x22stop-c\
olor:#306998\x22/><\
/linearGradient>\
<path d=\x22M123.5 \
0C113.3 0 103.6.\
9 95 2.4c-25.2 4\
.5-29.8 13.8-29.\
8 31v22.7h59.6v7\
.6H42.9c-17.3 0-\
32.5 10.4-37.2 3\
0.2-5.5 22.7-5.7\
 36.9 0 60.5C9.9\
 172 20 184.6 37\
.4 184.6h20.5v-2\
7.2c0-19.7 17-37\
 37.2-37h59.5c16\
.6 0 29.8-13.6 2\
9.8-30.3V33.4c0-\
16.1-13.6-28.3-2\
9.8-31C144.3.7 1\
33.7 0 123.5 0M9\
1.3 18.3c6.2 0 1\
1.2 5.1 11.2 11.\
4S97.5 41 91.3 4\
1s-11.2-5.1-11.2\
-11.3c0-6.3 5-11\
.4 11.2-11.4\x22 st\
yle=\x22fill:url(#a\
)\x22/><linearGradi\
ent id=\x22b\x22 x1=\x227\
10.159\x22 x2=\x22623.\
51\x22 y1=\x22-331.637\
\x22 y2=\x22-209.217\x22 \
gradientTransfor\
m=\x22matrix(.5625 \
0 0 -.568 -215.0\
25 8.76)\x22 gradie\
ntUnits=\x22userSpa\
ceOnUse\x22><stop o\
ffset=\x220\x22 style=\
\x22stop-color:#ffd\
43b\x22/><stop offs\
et=\x221\x22 style=\x22st\
op-color:#ffe873\
\x22/></linearGradi\
ent><path d=\x22M19\
1.8 63.7v26.5c0 \
20.5-17.4 37.8-3\
7.2 37.8H95.1c-1\
6.3 0-29.8 13.9-\
29.8 30.3V215c0 \
16.1 14 25.6 29.\
8 30.3 18.9 5.5 \
36.9 6.5 59.5 0 \
15-4.3 29.8-13.1\
 29.8-30.3v-22.7\
h-59.5v-7.6h89.3\
c17.3 0 23.8-12.\
1 29.8-30.2 6.2-\
18.7 6-36.6 0-60\
.5-4.3-17.2-12.5\
-30.2-29.8-30.2z\
m-33.5 143.6c6.2\
 0 11.2 5.1 11.2\
 11.3 0 6.3-5 11\
.4-11.2 11.4s-11\
.2-5.1-11.2-11.4\
c0-6.2 5.1-11.3 \
11.2-11.3\x22 style\
=\x22fill:url(#b)\x22/\
></svg>\
\x00\x00o\xb2\
R\
IFF\xaao\x00\x00WAVEfmt \x10\
\x00\x00\x00\x01\x00\x02\x00D\xac\x00\x00\x10\xb1\x02\x00\x04\
\x00\x10\x00LIST\x1a\x00\x00\x00INFOI\
SFT\x0d\x00\x00\x00Lavf63.6.\
100\x00\x00datado\x00\x00\xbd\xa5\xbd\
\xa5\xa2\xe4\xa2\xe4%\xf1%\xf1\xac\xa7\xac\xa7\xea:\xea\
:\xd7c\xd7c\xbe#\xbe#\xa4K\xa4Kr\x07r\
\x07\x946\x946k\x1ck\x1cD<D<\x93E\x93\
E{\x03{\x03\xb2'\xb2'z\xf0z\xf0\x0d\xd6\x0d\
\xd6\x22\x07\x22\x07\xbc=\xbc=\xa0\xda\xa0\xdaF\x11F\
\x11\x15\xdd\x15\xdd\xccM\xccM6A6A\xb3\x15\xb3\
\x15\xd6\xd2\xd6\xd2\xa1\x93\xa1\x93\x1fC\x1fC$\xff$\
\xff\xf0&\xf0&\x94\xfe\x94\xfe\xa5\xed\xa5\xed!\xea!\
\xea:\x05:\x05\xb7\xc2\xb7\xc2\x02\xf3\x02\xf3k\xd4k\
\xd4h4h48\x138\x13c\xabc\xabl\xfbl\
\xfb\xab\xfe\xab\xfe\xac[\xac[\xc7\xae\xc7\xae\x9c$\x9c\
$\x9b\x07\x9b\x07\xaa\xfd\xaa\xfd\xf0\xf2\xf0\xf2K\xc6K\
\xc6i\xfei\xfe\x81\x0d\x81\x0d5555\xc4X\xc4\
X\xce#\xce#8\x038\x03vQvQ\x18\x01\x18\
\x01\xb3R\xb3R\x82\x0d\x82\x0d9A9A\xb2t\xb2\
t2\xa92\xa9\xf7\xec\xf7\xec1^1^\x8d\xc8\x8d\
\xc8\xcf\xd5\xcf\xd5z\xd0z\xd0j\xc8j\xc8\x14\xc5\x14\
\xc5c\xc1c\xc1|\xd9|\xd9p\xacp\xac\xb3\xeb\xb3\
\xeb\xde\xb7\xde\xb7\x8e\xf4\x8e\xf4\xe7;\xe7;\xbbA\xbb\
A\x84&\x84&4'4'\xa6\x0e\xa6\x0e\x1f(\x1f\
(\xf5(\xf5(p$p$\x9c$\x9c$I\x0dI\
\x0d\xa9\x11\xa9\x11\xfe\xe5\xfe\xe5\xb5\xf0\xb5\xf0\x16\x19\x16\
\x19\xa0\x15\xa0\x15\x9b\xd8\x9b\xd8#\xf9#\xf9q\x18q\
\x18\x17J\x17J\x93\x1c\x93\x1c\x18\xf4\x18\xf4m\xbem\
\xbe\xab\xe4\xab\xe4\xf5\x18\xf5\x18-\x0f-\x0f\xb6\x19\xb6\
\x19W\xfaW\xfae\xefe\xef\xe8\xe3\xe8\xe3\xe9\xe6\xe9\
\xe6S\xcaS\xca\xfc\xde\xfc\xde\x81\xff\x81\xff\x18\x1d\x18\
\x1d<\xd1<\xd1\x99\xc8\x99\xc8\xd5\xef\xd5\xefw/w\
/\xa2\x05\xa2\x05\xcc\xdb\xcc\xdb\xd6\x1b\xd6\x1b\xab\x0d\xab\
\x0d0\xf60\xf6\xb9\xda\xb9\xda\xc1\xef\xc1\xef\x18\xfc\x18\
\xfc\xfa!\xfa!{C{C\xf3H\xf3H-\x0c-\
\x0c}\x1a}\x1aa\x1ea\x1ew\x22w\x22\x9e.\x9e\
.\xa7\x1e\xa7\x1e\xc1S\xc1S\x97\x0f\x97\x0f\xc5\xcc\xc5\
\xcc\x80\x15\x80\x15\xbb\x0a\xbb\x0a\x81\xd7\x81\xd70\xdb0\
\xdb3\xc63\xc6\xb3\xce\xb3\xce \xc1 \xc1\x8e\xd8\x8e\
\xd8I\xcaI\xca\x8d\xc8\x8d\xc8\xf0\xd7\xf0\xd7*\xd7*\
\xd7\xfc\x11\xfc\x11\x106\x106\x8e/\x8e/0#0\
#\x1f\x1d\x1f\x1d0\x130\x13j\x1bj\x1b\x22%\x22\
%6%6%\xa9\x13\xa9\x13\xc1\x11\xc1\x11h\xefh\
\xef\x0f\xea\x0f\xea\xff\x05\xff\x05\x13\x16\x13\x16.\x01.\
\x01\xad\xeb\xad\xebN\xfeN\xfe\xa2&\xa2&F0F\
0c\x0bc\x0bx\xd1x\xd1\x5c\xcf\x5c\xcf\xb0\x03\xb0\
\x03\xb3\x0e\xb3\x0e\xde\x1a\xde\x1a\xe9\xfb\xe9\xfbw\xf2w\
\xf2\x13\xeb\x13\xeb\x8f\xf0\x8f\xf0\x16\xdd\x16\xdd\x8e\xd6\x8e\
\xd6R\xeeR\xeeV\x04V\x04@\xfb@\xfb\xde\xca\xde\
\xca\xc4\xe9\xc4\xe98\x0f8\x0f\x01\x1a\x01\x1a\xa3\xf6\xa3\
\xf6\xab\x02\xab\x02O\x16O\x16\x9a\xfd\x9a\xfdo\xe9o\
\xe9\x06\xe2\x06\xe2\x22\xf3\x22\xf3\x18\x0d\x18\x0dG-G\
-M;M;\xec\x1c\xec\x1c\xad\x0e\xad\x0e\x80\x13\x80\
\x13\xcb\x1d\xcb\x1dY&Y&[%[%\xab8\xab\
8\xdc'\xdc'\xf8\xee\xf8\xeeO\xecO\xec{\x1a{\
\x1as\xf3s\xf3a\xd8a\xd8\xc4\xd4\xc4\xd42\xcd2\
\xcd\xf0\xcd\xf0\xcd!\xcd!\xcd\xca\xcd\xca\xcd|\xc8|\
\xc8\xeb\xd5\xeb\xd5\xba\xd5\xba\xd5|\xf4|\xf4+\x1f+\
\x1f\xe3-\xe3-\xd0,\xd0,\xd7&\xd7&\x0d\x17\x0d\
\x17b\x16b\x162\x1f2\x1fO O \xc6\x17\xc6\
\x17\xdd\x0f\xdd\x0f\x18\x09\x18\x09_\xf3_\xf3\xbc\xf4\xbc\
\xf4\xa2\x09\xa2\x09:\x04:\x04\x04\xf1\x04\xf1\x0a\xf9\x0a\
\xf9\x0f\x16\x0f\x16\xde'\xde'\xf9\x14\xf9\x14\xdc\xea\xdc\
\xear\xd0r\xd0\xc0\xe5\xc0\xe5g\x06g\x06\xd1\x0c\xd1\
\x0c\x84\x08\x84\x08{\x01{\x01'\xf9'\xf9F\xf2F\
\xf2\x83\xe4\x83\xe4\xc9\xd9\xc9\xd9\x81\xe3\x81\xe3\xa7\xfc\xa7\
\xfcO\x06O\x06\xe6\xec\xe6\xecE\xdeE\xde>\xf9>\
\xf9{\x10{\x10\x9a\x03\x9a\x03k\xf7k\xf7\xe6\x00\xe6\
\x00\x19\x02\x19\x02\xa5\xf2\xa5\xf2\xd5\xe4\xd5\xe4\xe6\xe8\xe6\
\xe8\xf1\xfc\xf1\xfcr\x15r\x15\x83+\x83+\x12*\x12\
*.\x1a.\x1a\xda\x17\xda\x17^\x1b^\x1b\xf1\x1e\xf1\
\x1e\xb5!\xb5!\xbd+\xbd+\x880\x880\xd0\x0d\xd0\
\x0dv\xf7v\xf7 \x0d \x0d\x1c\x0b\x1c\x0bQ\xebQ\
\xeb-\xd8-\xd8A\xd2A\xd2\x18\xcf\x18\xcfW\xcfW\
\xcfn\xd2n\xd2j\xd0j\xd0\x99\xcd\x99\xcd\xe2\xd0\xe2\
\xd0$\xe1$\xe1\xec\x06\xec\x06\xb9&\xb9&\xbd(\xbd\
(\x0a\x1c\x0a\x1c\x01\x12\x01\x12\x81\x13\x81\x13\xd9\x18\xd9\
\x18\xdb\x19\xdb\x19\xaa\x1a\xaa\x1a\x22\x16\x22\x16M\x0aM\
\x0a\xff\xfc\xff\xfc\xe4\xf5\xe4\xf5\xa2\xfe\xa2\xfe,\x0a,\
\x0a\xe6\x03\xe6\x03\x12\xfb\x12\xfb\x1b\x08\x1b\x08c\x1ec\
\x1e\x06 \x06 \xe7\x02\xe7\x02\x96\xe1\x96\xe1\xde\xe1\xde\
\xe1q\xf9q\xf9\xc2\x07\xc2\x07\x03\x09\x03\x09-\xff-\
\xffr\xf1r\xf1b\xebb\xeb\xe8\xe7\xe8\xe7\xe8\xe3\xe8\
\xe3*\xe5*\xe5\xdb\xf1\xdb\xf1L\x00L\x00\x81\xf7\x81\
\xf7U\xe5U\xe5j\xeej\xeeD\x06D\x06\x19\x0a\x19\
\x0a\x81\xfd\x81\xfd \xfb \xfbY\x02Y\x02\xbd\xfc\xbd\
\xfc\xf7\xed\xf7\xed\x1c\xeb\x1c\xeb\xbd\xf6\xbd\xf6#\x0b#\
\x0b\x9c!\x9c!!*!*\xe7 \xe7  \x17 \
\x17\xeb\x16\xeb\x16\xca\x1b\xca\x1b\xab\x1f\xab\x1f\xa7$\xa7\
$\xd9)\xd9)2\x1b2\x1b\x13\xff\x13\xffr\xfar\
\xfa\xa5\x01\xa5\x01\x13\xf5\x13\xf5\x22\xe2\x22\xe2\x1b\xd8\x1b\
\xd8v\xd2v\xd2\xe3\xd0\xe3\xd0\xde\xd1\xde\xd1\xd3\xd0\xd3\
\xd0\xcc\xd0\xcc\xd0e\xd6e\xd6\xb3\xe3\xb3\xe3\x09\xfd\x09\
\xfd\x14\x1a\x14\x1aM(M(\xd7%\xd7%R\x1cR\
\x1c\x19\x15\x19\x15\xf3\x15\xf3\x15\xa8\x19\xa8\x19;\x19;\
\x19\xe1\x14\xe1\x14^\x0d^\x0d:\x00:\x00@\xf4@\
\xf4\xa6\xf6\xa6\xf6\x0b\x00\x0b\x00\xf4\xff\xf4\xffY\xfaY\
\xfa\x1c\xfe\x1c\xfe\xc3\x0d\xc3\x0d1\x191\x19\x03\x0f\x03\
\x0f\xdb\xf3\xdb\xf3>\xe3>\xe3\x8f\xee\x8f\xee\xd1\x03\xd1\
\x03\xa7\x0c\xa7\x0c\x8e\x08\x8e\x08S\xfeS\xfeL\xf4L\
\xf4#\xed#\xed\xe3\xe6\xe3\xe6Q\xe4Q\xe4\xe6\xeb\xe6\
\xeb\xd3\xf9\xd3\xf9\x82\xfc\x82\xfc!\xef!\xef\x0a\xe9\x0a\
\xe9\xdc\xf8\xdc\xf8\xba\x08\xba\x08\xae\x04\xae\x04\x02\xfd\x02\
\xfdZ\x00Z\x00K\x00K\x00\x15\xf5\x15\xf5\xc3\xeb\xc3\
\xeb\xff\xee\xff\xee\xed\xfe\xed\xfe#\x15#\x15\x05%\x05\
%\xfb#\xfb#\xbc\x19\xbc\x19v\x15v\x15/\x18/\
\x18\x81\x1c\x81\x1c2!2!=&=&\xe3!\xe3\
!;\x0c;\x0c\xcb\xfb\xcb\xfb|\xff|\xff\xb5\xfd\xb5\
\xfd\x7f\xeb\x7f\xeb}\xdb}\xdb\xba\xd4\xba\xd4q\xd2q\
\xd2\xe2\xd1\xe2\xd1\x95\xd1\x95\xd1b\xd2b\xd29\xd69\
\xd6\x89\xde\x89\xdea\xefa\xef\x06\x09\x06\x09\xa2\x1e\xa2\
\x1e\xb6$\xb6$\xd6\x1f\xd6\x1fD\x1aD\x1a5\x185\
\x18\x1d\x19\x1d\x19\x98\x1b\x98\x1b\xf4\x1a\xf4\x1a\xde\x12\xde\
\x12{\x06{\x06\x1c\xfb\x1c\xfb\x10\xf7\x10\xf7f\xfcf\
\xfc\x09\x00\x09\x00\xd9\xfb\xd9\xfb\x1b\xfa\x1b\xfaf\x03f\
\x03\x03\x11\x03\x11\xc9\x12\xc9\x12\xbc\x02\xbc\x02\xe7\xee\xe7\
\xee\x08\xea\x08\xea\xb2\xf5\xb2\xf5m\x02m\x02(\x05(\
\x05e\xffe\xffQ\xf7Q\xf7Y\xf1Y\xf1\xed\xeb\xed\
\xeb8\xe68\xe6G\xe7G\xe7\xb8\xf2\xb8\xf2*\xfd*\
\xfd\x82\xf9\x82\xf9\xaf\xef\xaf\xefa\xf2a\xf2I\x00I\
\x00\xa7\x07\xa7\x07(\x05(\x05p\x04p\x04\x8c\x04\x8c\
\x04\xb0\xfc\xb0\xfcS\xf2S\xf2\xfb\xef\xfb\xef\xf2\xf8\xf2\
\xf8\x1b\x0a\x1b\x0a@\x1a@\x1a\xb7 \xb7 \x03\x1d\x03\
\x1d)\x16)\x16\x87\x12\x87\x12\xed\x12\xed\x12\x04\x17\x04\
\x17\x15\x1d\x15\x1d\x14\x1e\x14\x1eY\x13Y\x13\x0a\x04\x0a\
\x04:\xfe:\xfe\x96\xfd\x96\xfd\x85\xf4\x85\xf4*\xe6*\
\xe6%\xdd%\xddi\xdai\xda\xf5\xd8\xf5\xd87\xd77\
\xd7\x88\xd6\x88\xd6\xd7\xd7\xd7\xd7\xea\xdd\xea\xdd\xf0\xea\xf0\
\xea\x7f\xfe\x7f\xfeB\x14B\x14\xa4!\xa4!i!i\
!\xfc\x19\xfc\x19P\x14P\x14\x22\x14\x22\x14L\x15L\
\x15\xa5\x13\xa5\x13\xd4\x0f\xd4\x0fZ\x09Z\x09+\x00+\
\x00\xbe\xf8\xbe\xf8'\xf8'\xf8\x18\xfc\x18\xfc\x04\xfd\x04\
\xfdH\xfcH\xfcB\x02B\x02\x09\x0e\x09\x0e\xfd\x13\xfd\
\x13q\x0bq\x0bx\xf9x\xf91\xed1\xed\xaf\xf1\xaf\
\xf1\xc0\x01\xc0\x01%\x0c%\x0c\xda\x07\xda\x07\xab\xfc\xab\
\xfc\xc1\xf4\xc1\xf4\x8a\xef\x8a\xef\xfc\xe9\xfc\xe9\xd0\xe8\xd0\
\xe8/\xef/\xef7\xf77\xf7O\xf8O\xf8\x8a\xf1\x8a\
\xf1\xc3\xee\xc3\xee\x82\xf7\x82\xf7\xe8\x00\xe8\x00\xeb\x00\xeb\
\x000\xfd0\xfd$\xfd$\xfd\x0a\xfd\x0a\xfd/\xf7/\
\xf7I\xf1I\xf1\xdf\xf4\xdf\xf4u\x02u\x02\x98\x13\x98\
\x13\x87\x1f\x87\x1f' ' \xf6\x19\xf6\x19n\x16n\
\x16N\x17N\x17k\x19k\x19q\x1cq\x1c\xf9\x1e\xf9\
\x1e?\x1a?\x1a\x1a\x0c\x1a\x0c\xa0\xff\xa0\xffY\xfcY\
\xfc=\xf9=\xf95\xef5\xefg\xe3g\xe3L\xdbL\
\xdb\xf0\xd7\xf0\xd7\xf5\xd7\xf5\xd7\xad\xd8\xad\xd8C\xd9C\
\xd9\xf2\xdb\xf2\xdb\xd4\xe3\xd4\xe3\xb3\xf2\xb3\xf2s\x06s\
\x06\x09\x17\x09\x17\x5c\x1d\x5c\x1d\xf1\x1a\xf1\x1a\x12\x16\x12\
\x16#\x14#\x14e\x15e\x15\x10\x15\x10\x15\xc2\x11\xc2\
\x11(\x0d(\x0dP\x06P\x06|\xfe|\xfe\xbb\xfa\xbb\
\xfa\x02\xfc\x02\xfc\xc9\xfd\xc9\xfd\xf1\xfd\xf1\xfd\xc7\xff\xc7\
\xffe\x06e\x06\x8c\x0e\x8c\x0e\xc2\x0e\xc2\x0e\xb8\x02\xb8\
\x02\x5c\xf4\x5c\xf4\xca\xf0\xca\xf0\xe4\xf8\xe4\xf8\x87\x02\x87\
\x02\x0c\x05\x0c\x05n\x00n\x00I\xf9I\xf9\x0c\xf3\x0c\
\xf3\x96\xee\x96\xee\x16\xec\x16\xeck\xedk\xed\x86\xf3\x86\
\xf3\x85\xf9\x85\xf9\x5c\xf8\x5c\xf86\xf26\xf2#\xf2#\
\xf2\xdd\xfa\xdd\xfaD\x02D\x02p\x02p\x02\x06\x00\x06\
\x00\xab\xfd\xab\xfde\xf8e\xf8|\xf2|\xf2\x89\xf3\x89\
\xf3\xf4\xfc\xf4\xfc\x95\x0a\x95\x0a\xf0\x17\xf0\x17p\x1ep\
\x1eJ\x1bJ\x1bC\x15C\x15\xae\x13\xae\x13\x8e\x16\x8e\
\x16O\x1aO\x1a\xd3\x1c\xd3\x1cd\x1bd\x1bh\x12h\
\x12@\x06@\x06\xa3\xff\xa3\xff\x0f\xfc\x0f\xfcs\xf3s\
\xf3\x83\xe7\x83\xe7\xfb\xde\xfb\xdeK\xdbK\xdb\x0c\xda\x0c\
\xdaU\xd9U\xd9O\xd9O\xd93\xdc3\xdc\xc1\xe2\xc1\
\xe2\xcd\xec\xcd\xec\xba\xfc\xba\xfc\xbe\x0f\xbe\x0fm\x1bm\
\x1b\xe3\x1b\xe3\x1bG\x17G\x17u\x13u\x13:\x12:\
\x12<\x13<\x13:\x14:\x14\xd8\x11\xd8\x11$\x0b$\
\x0b\xcb\x02\xcb\x02\xbf\xfc\xbf\xfc\xc5\xfb\xc5\xfb<\xfe<\
\xfe}\xff}\xff*\xff*\xff\xc5\x01\xc5\x01v\x08v\
\x08\x98\x0c\x98\x0c\xfe\x06\xfe\x06f\xfaf\xfa\x1f\xf2\x1f\
\xf2\x9b\xf4\x9b\xf4\x13\xfc\x13\xfcZ\x00Z\x00\xc7\xff\xc7\
\xff\xfb\xfb\xfb\xfb!\xf7!\xf7\xf7\xf2\xf7\xf2]\xef]\
\xef\xa7\xed\xa7\xed\xee\xf0\xee\xf0j\xf7j\xf7;\xfa;\
\xfaZ\xf7Z\xf7)\xf5)\xf5\x0a\xf9\x0a\xf9\xde\xff\xde\
\xff\xf8\x02\xf8\x02\x9f\x01\x9f\x01\xdf\xff\xdf\xff\xbf\xfd\xbf\
\xfd\xd8\xf8\xd8\xf8!\xf4!\xf4\xf1\xf5\xf1\xf5\x0c\x00\x0c\
\x00\x97\x0d\x97\x0d\x85\x17\x85\x17\xdb\x19\xdb\x19\xc9\x16\xc9\
\x16\xbe\x13\xbe\x13_\x13_\x13\x98\x15\x98\x15?\x19?\
\x19R\x1aR\x1a\x85\x14\x85\x149\x0a9\x0a\x01\x03\x01\
\x03~\x00~\x00\x0d\xfc\x0d\xfc\xd7\xf1\xd7\xf1\x82\xe6\x82\
\xe6\xdf\xdf\xdf\xdf\xf5\xdd\xf5\xdd\x17\xde\x17\xdes\xdes\
\xde+\xde+\xde\xab\xdf\xab\xdfU\xe6U\xe6\x04\xf3\x04\
\xf3,\x04,\x04F\x13F\x13L\x19L\x19=\x17=\
\x17\x22\x13\x22\x13\xeb\x10\xeb\x10\xc4\x10\xc4\x10\x7f\x11\x7f\
\x11\xd7\x10\xd7\x10\xfe\x0b\xfe\x0bh\x04h\x04A\xfeA\
\xfe\xe5\xfb\xe5\xfb\x82\xfd\x82\xfd\xaf\xff\xaf\xff\xc7\xff\xc7\
\xffp\x01p\x01\x83\x07\x83\x07\x00\x0d\x00\x0d!\x0b!\
\x0b\xfa\x01\xfa\x017\xf87\xf86\xf56\xf5F\xfaF\
\xfa\xfb\x00\xfb\x00\xc2\x02\xc2\x02\x0c\xff\x0c\xff\x8b\xf9\x8b\
\xf9\xd0\xf4\xd0\xf4g\xf0g\xf0y\xedy\xed\xac\xee\xac\
\xee3\xf33\xf3\xda\xf6\xda\xf6Q\xf6Q\xf6Z\xf4Z\
\xf4d\xf6d\xf6\x15\xfc\x15\xfc\xff\x00\xff\x00$\x02$\
\x02\x87\x00\x87\x00\xe9\xfe\xe9\xfeW\xfcW\xfc\x07\xf8\x07\
\xf8\xc6\xf6\xc6\xf6\xd2\xfc\xd2\xfc\xfb\x07\xfb\x07\x87\x12\x87\
\x12\xbc\x17\xbc\x17\xeb\x16\xeb\x166\x146\x14G\x13G\
\x13\xfa\x13\xfa\x13\xfb\x15\xfb\x15\x06\x18\x06\x18&\x16&\
\x16.\x0f.\x0f\xf9\x06\xf9\x06\xe9\x00\xe9\x00\x9c\xfb\x9c\
\xfbu\xf4u\xf4q\xecq\xec\x13\xe6\x13\xe6\x02\xe2\x02\
\xe2\xc3\xdf\xc3\xdf]\xdf]\xdf0\xe00\xe0M\xe1M\
\xe1\xc2\xe4\xc2\xe4\x9d\xed\x9d\xed\xcc\xfb\xcc\xfbB\x0bB\
\x0bL\x15L\x15%\x17%\x17\x12\x15\x12\x15\x8f\x13\x8f\
\x13\xd6\x12\xd6\x12\x9b\x11\x9b\x11\xb1\x0f\xb1\x0f\x8f\x0c\x8f\
\x0cd\x07d\x07\xc2\x01\xc2\x01\xf4\xfd\xf4\xfd|\xfc|\
\xfc\xa8\xfc\xa8\xfc\xda\xfd\xda\xfd\xf4\xff\xf4\xff\xf8\x02\xf8\
\x02\xc7\x06\xc7\x06\xdf\x08\xdf\x08\x13\x05\x13\x05\x9a\xfc\x9a\
\xfca\xf6a\xf6V\xf7V\xf7}\xfd}\xfdx\x02x\
\x02\xc2\x02\xc2\x02B\xffB\xff\xd6\xf9\xd6\xf9\x22\xf4\x22\
\xf4\xe1\xef\xe1\xef5\xef5\xef\x93\xf2\x93\xf2\xb8\xf6\xb8\
\xf6\xf4\xf7\xf4\xf7\xb8\xf6\xb8\xf6\xe7\xf6\xe7\xf6\x99\xfa\x99\
\xfa}\xff}\xff\xcf\x01\xcf\x01\xe8\x00\xe8\x00R\xffR\
\xffZ\xfdZ\xfdt\xf9t\xf9x\xf6x\xf6?\xf9?\
\xf9\x09\x02\x09\x02\x8b\x0c\x8b\x0c\xf7\x13\xf7\x13\xd0\x15\xd0\
\x15\x86\x13\x86\x13[\x11[\x11P\x11P\x11\xc9\x12\xc9\
\x12K\x15K\x15\x07\x16\x07\x16\xcb\x11\xcb\x11\x1f\x0a\x1f\
\x0a\xcb\x02\xcb\x02\xab\xfd\xab\xfdj\xf9j\xf9\xae\xf3\xae\
\xf3\xae\xec\xae\xecj\xe6j\xe6\x8e\xe2\x8e\xe2y\xe1y\
\xe1\xb4\xe1\xb4\xe1\x89\xe2\x89\xe2q\xe5q\xe5\x98\xeb\x98\
\xebu\xf5u\xf5\x9e\x02\x9e\x02\xb0\x0e\xb0\x0e_\x14_\
\x14F\x14F\x14\x8d\x12\x8d\x12j\x11j\x11\x19\x11\x19\
\x11\xe8\x10\xe8\x10\x16\x0f\x16\x0f\x02\x0a\x02\x0a/\x03/\
\x03?\xfe?\xfeq\xfcq\xfc\xd0\xfc\xd0\xfc'\xfe'\
\xfe\xa3\xff\xa3\xff\x9a\x01\x9a\x014\x044\x04N\x06N\
\x06\xc1\x05\xc1\x05\x01\x01\x01\x01\xe7\xfa\xe7\xfa\xc4\xf8\xc4\
\xf8\x8a\xfb\x8a\xfb\xba\xff\xba\xff\xf4\x01\xf4\x01\x9a\x00\x9a\
\x00;\xfc;\xfc=\xf7=\xf7/\xf3/\xf3\xfe\xf0\xfe\
\xf0\x86\xf2\x86\xf2\xae\xf6\xae\xf6\xaa\xf8\xaa\xf8O\xf7O\
\xf7C\xf6C\xf6\xee\xf7\xee\xf7\xed\xfb\xed\xfbH\x00H\
\x00\x17\x02\x17\x02x\x00x\x00`\xfd`\xfdJ\xfaJ\
\xfa\xe5\xf7\xe5\xf7T\xf8T\xf8\x9b\xfd\x9b\xfd\x94\x06\x94\
\x06m\x0fm\x0f%\x14%\x14\xa0\x13\xa0\x13Z\x11Z\
\x11\xfe\x10\xfe\x10Z\x12Z\x12+\x14+\x14X\x15X\
\x15\x8b\x13\x8b\x13\xe5\x0d\xe5\x0d\xe1\x06\xe1\x06\xfd\x00\xfd\
\x00\x12\xfc\x12\xfc\xc9\xf6\xc9\xf6\xf3\xf0\xf3\xf0=\xeb=\
\xeb&\xe6&\xe6\xb9\xe2\xb9\xe2\x11\xe2\x11\xe2V\xe3V\
\xe3\x90\xe5\x90\xe5\x0f\xea\x0f\xea\xe5\xf1\xe5\xf14\xfc4\
\xfc\xf8\x06\xf8\x06\xf2\x0e\xf2\x0e\xd9\x11\xd9\x11\x10\x11\x10\
\x11\x91\x0f\x91\x0f\x9a\x0e\x9a\x0e\x1c\x0e\x1c\x0e\xad\x0d\xad\
\x0d\xfc\x0b\xfc\x0b<\x08<\x08S\x03S\x03\xf6\xfe\xf6\
\xfeB\xfdB\xfdX\xfeX\xfe\xa2\xff\xa2\xff\xdc\x00\xdc\
\x00\xd5\x03\xd5\x03*\x07*\x07\xaa\x07\xaa\x07O\x04O\
\x04\xb4\xfe\xb4\xfeS\xfaS\xfa\x10\xfa\x10\xfa]\xfd]\
\xfd\xe0\x00\xe0\x00V\x01V\x01\x08\xfe\x08\xfe\x05\xf9\x05\
\xf9\x81\xf4\x81\xf4\x97\xf1\x97\xf1z\xf1z\xf1i\xf4i\
\xf4\x92\xf7\x92\xf7\xe6\xf7\xe6\xf7\x92\xf6\x92\xf6\x0b\xf7\x0b\
\xf7@\xfa@\xfaF\xfeF\xfe\xc2\x00\xc2\x00\xc5\x00\xc5\
\x00\xfd\xfe\xfd\xfe\x85\xfc\x85\xfcQ\xfaQ\xfa\xc2\xf9\xc2\
\xf9\xc1\xfc\xc1\xfcS\x03S\x03\xfd\x0a\xfd\x0a-\x11-\
\x11\x8e\x13\x8e\x13\x16\x12\x16\x12k\x10k\x10\xb0\x10\xb0\
\x10\xde\x11\xde\x11\xed\x12\xed\x12\x90\x12\x90\x12\x0b\x0f\x0b\
\x0f\xe8\x08\xe8\x08\x1b\x03\x1b\x03\x99\xfe\x99\xfe\x97\xf9\x97\
\xf9\x8f\xf3\x8f\xf3\xaa\xed\xaa\xed\xc7\xe8\xc7\xe8>\xe5>\
\xe5\xae\xe3\xae\xe3h\xe4h\xe40\xe60\xe69\xe99\
\xe9\x86\xef\x86\xef\xb2\xf8\xb2\xf8\xef\x02\xef\x02(\x0c(\
\x0c8\x118\x11p\x11p\x11\xe5\x0f\xe5\x0fD\x0fD\
\x0f\x11\x0f\x11\x0f\xe2\x0d\xe2\x0d\x84\x0b\x84\x0b\xc8\x07\xc8\
\x070\x030\x03\xc9\xff\xc9\xff\xac\xfe\xac\xfev\xfev\
\xfe\xd4\xfd\xd4\xfdd\xfed\xfew\x01w\x01K\x05K\
\x05\x8b\x07\x8b\x07L\x06L\x06i\x01i\x01\xea\xfb\xea\
\xfbD\xf9D\xf9\xdb\xfa\xdb\xfa\xf0\xfe\xf0\xfe\xe2\x01\xe2\
\x01D\x01D\x01$\xfd$\xfd\xf7\xf7\xf7\xf7n\xf4n\
\xf4w\xf3w\xf3\xae\xf4\xae\xf4p\xf6p\xf6D\xf7D\
\xf7R\xf7R\xf7\xaa\xf7\xaa\xf7\xaa\xf9\xaa\xf9\xe8\xfc\xe8\
\xfc\xc5\xfe\xc5\xfe\xc8\xfe\xc8\xfe\xc9\xfe\xc9\xfef\xfef\
\xfe0\xfc0\xfc\xa2\xf9\xa2\xf9\x11\xfa\x11\xfa\xe1\xfe\xe1\
\xfe\x16\x06\x16\x06\xf9\x0c\xf9\x0c\xcc\x11\xcc\x11$\x13$\
\x13\xe8\x11\xe8\x11\xeb\x10\xeb\x10\x22\x11\x22\x11\xc7\x11\xc7\
\x11\xa6\x11\xa6\x11\xcf\x0f\xcf\x0fJ\x0cJ\x0c\x8c\x07\x8c\
\x07>\x02>\x02\x9a\xfc\x9a\xfc}\xf6}\xf6}\xf0}\
\xf0%\xeb%\xeb\x0e\xe7\x0e\xe7M\xe5M\xe5\x99\xe5\x99\
\xe5H\xe6H\xe6\x8e\xe7\x8e\xe7\xb5\xeb\xb5\xebI\xf3I\
\xf3\xee\xfc\xee\xfc\x97\x06\x97\x06`\x0d`\x0d\x10\x10\x10\
\x10\xef\x0f\xef\x0f\x05\x0f\x05\x0f\x99\x0e\x99\x0e\xf4\x0d\xf4\
\x0d\x9f\x0c\x9f\x0c\xc6\x0a\xc6\x0az\x07z\x07&\x03&\
\x03\x01\x00\x01\x00\x18\xff\x18\xffE\xffE\xff\xa9\xff\xa9\
\xffQ\x01Q\x01\xf4\x03\xf4\x03\xed\x05\xed\x057\x067\
\x06L\x03L\x03\x0f\xfe\x0f\xfe\x83\xfa\x83\xfa\x80\xfa\x80\
\xfa\xac\xfc\xac\xfc\xea\xfe\xea\xfe\x8a\xff\x8a\xff\xc2\xfd\xc2\
\xfd\x96\xfa\x96\xfa\x8f\xf7\x8f\xf7\xb6\xf4\xb6\xf4%\xf3%\
\xf3c\xf4c\xf4\x8e\xf6\x8e\xf6\x8d\xf7\x8d\xf7\xd8\xf7\xd8\
\xf7\xea\xf8\xea\xf8\x9b\xfb\x9b\xfbH\xfeH\xfe\x0d\xff\x0d\
\xff\xe8\xfe\xe8\xfe\x13\xff\x13\xffH\xfeH\xfe\xec\xfb\xec\
\xfb\xeb\xfa\xeb\xfa\xa7\xfd\xa7\xfd\x07\x03\x07\x03X\x09X\
\x09\x09\x0f\x09\x0f\x14\x12\x14\x12\xf4\x11\xf4\x11\x9a\x10\x9a\
\x10a\x10a\x10!\x11!\x11$\x11$\x11\xd2\x0f\xd2\
\x0f\xea\x0c\xea\x0cZ\x08Z\x08\x84\x03\x84\x03(\xff(\
\xffZ\xfaZ\xfa\xd0\xf4\xd0\xf4@\xef@\xefh\xeah\
\xea\x1c\xe7\x1c\xe7\xd6\xe5\xd6\xe5\xfb\xe5\xfb\xe5\xe6\xe6\xe6\
\xe6\xb8\xe9\xb8\xe9\xe0\xef\xe0\xefa\xf8a\xf8@\x01@\
\x01$\x09$\x09y\x0ey\x0e\xf1\x0f\xf1\x0fd\x0ed\
\x0e\xde\x0c\xde\x0c\x16\x0d\x16\x0dz\x0dz\x0dK\x0cK\
\x0c\x9c\x09\x9c\x09\xf4\x05\xf4\x05\x15\x02\x15\x02\xce\xff\xce\
\xff\x02\x00\x02\x00\xed\x00\xed\x00\x90\x01\x90\x01\xca\x02\xca\
\x02^\x04^\x04@\x05@\x05@\x04@\x04\x87\x00\x87\
\x00\xe9\xfb\xe9\xfb\xcc\xf9\xcc\xf9L\xfbL\xfb\x0f\xfe\x0f\
\xfe^\xff^\xff8\xfe8\xfe\xf8\xfa\xf8\xfa\xd4\xf7\xd4\
\xf7(\xf6(\xf6#\xf5#\xf5.\xf5.\xf5\x93\xf6\x93\
\xf6\xff\xf7\xff\xf7\xa0\xf8\xa0\xf8\xa4\xf8\xa4\xf8\xd4\xf9\xd4\
\xf9\x12\xfd\x12\xfd\xd9\xff\xd9\xffl\x00l\x00\xbc\xff\xbc\
\xff\x96\xfe\x96\xfe\xfc\xfc\xfc\xfc\xc6\xfb\xc6\xfb\xe2\xfc\xe2\
\xfc\xad\x00\xad\x00\xcb\x05\xcb\x05E\x0bE\x0b\xa3\x0f\xa3\
\x0f\xf5\x10\xf5\x10\x8a\x0f\x8a\x0fR\x0eR\x0e\xe3\x0e\xe3\
\x0e\x99\x0f\x99\x0f9\x0f9\x0f\x9f\x0d\x9f\x0d\x16\x0a\x16\
\x0a\x1e\x05\x1e\x05\x18\x00\x18\x00g\xfbg\xfb\x13\xf7\x13\
\xf7\xf5\xf2\xf5\xf2\xf6\xee\xf6\xee\x90\xeb\x90\xeb{\xe9{\
\xe9\xd0\xe8\xd0\xe8\xe0\xe8\xe0\xe8v\xeav\xea9\xef9\
\xef>\xf6>\xf6\x8b\xfd\x8b\xfd\x87\x04\x87\x04q\x0aq\
\x0a\x99\x0d\x99\x0d\xa3\x0d\xa3\x0d\xb5\x0c\xb5\x0cd\x0cd\
\x0c\x22\x0c\x22\x0c\x88\x0b\x88\x0b?\x0a?\x0a`\x07`\
\x07H\x03H\x03A\x00A\x00\xba\xff\xba\xff'\x00'\
\x00m\x00m\x00t\x01t\x01\xef\x02\xef\x02\xf4\x03\xf4\
\x03\x07\x04\x07\x04K\x02K\x02\xf3\xfe\xf3\xfe\xfb\xfb\xfb\
\xfb\x8a\xfb\x8a\xfbS\xfdS\xfd\xf0\xfe\xf0\xfe\x0e\xff\x0e\
\xff^\xfd^\xfdM\xfaM\xfa\x80\xf7\x80\xf7\x0d\xf6\x0d\
\xf6\x0e\xf6\x0e\xf6\xe6\xf6\xe6\xf6\xdc\xf7\xdc\xf7\xc9\xf8\xc9\
\xf8\x04\xf9\x04\xf9\x19\xf9\x19\xf9\x0f\xfb\x0f\xfb4\xfe4\
\xfe\xfe\xff\xfe\xff\xce\xff\xce\xff\x9c\xfe\x9c\xfe%\xfd%\
\xfd\xed\xfb\xed\xfb0\xfc0\xfc\x03\xff\x03\xff\xe7\x03\xe7\
\x03$\x09$\x09\xfa\x0c\xfa\x0c\xde\x0e\xde\x0e,\x0f,\
\x0f\x84\x0e\x84\x0e7\x0e7\x0e\xd8\x0e\xd8\x0e8\x0f8\
\x0f=\x0e=\x0e\xd0\x0b\xd0\x0b-\x08-\x08w\x03w\
\x03+\xfe+\xfeZ\xf9Z\xf9Y\xf5Y\xf5d\xf1d\
\xf1X\xedX\xed_\xea_\xea`\xe9`\xe9\xa6\xe9\xa6\
\xe9\xcf\xea\xcf\xea\xfa\xed\xfa\xed&\xf3&\xf3h\xf9h\
\xf9\x84\x00\x84\x00G\x07G\x07\xa5\x0b\xa5\x0b\xd7\x0c\xd7\
\x0cK\x0cK\x0c\x08\x0c\x08\x0c\x18\x0c\x18\x0c\xbc\x0b\xbc\
\x0b\xd5\x0a\xd5\x0a\xcf\x08\xcf\x08|\x05|\x05&\x02&\
\x02]\x00]\x00\xf5\xff\xf5\xff\xf9\xff\xf9\xff\xfb\x00\xfb\
\x00\xd0\x02\xd0\x02\xf5\x03\xf5\x03\xeb\x03\xeb\x03n\x02n\
\x02\xa7\xff\xa7\xff\xc3\xfc\xc3\xfc\x22\xfb\x22\xfb\xba\xfb\xba\
\xfb\xca\xfd\xca\xfd7\xff7\xff0\xfe0\xfe\x01\xfb\x01\
\xfbY\xf8Y\xf8\x5c\xf7\x5c\xf7.\xf7.\xf7\x99\xf7\x99\
\xf7J\xf8J\xf8\x0e\xf9\x0e\xf9\xf6\xf9\xf6\xf9\xbf\xfa\xbf\
\xfa\xc2\xfb\xc2\xfbr\xfdr\xfdR\xffR\xff$\x00$\
\x00\xaa\xff\xaa\xff\x93\xfe\x93\xfe\xe5\xfc\xe5\xfc\xdd\xfb\xdd\
\xfb6\xfd6\xfdr\x00r\x00\xe4\x04\xe4\x04\x90\x09\x90\
\x09\xa4\x0c\xa4\x0c\xab\x0d\xab\x0d@\x0d@\x0d\xbe\x0c\xbe\
\x0cq\x0dq\x0d\x92\x0e\x92\x0e]\x0e]\x0e+\x0c+\
\x0c\xc2\x08\xc2\x08\x01\x05\x01\x05\xf3\x00\xf3\x00\xdc\xfc\xdc\
\xfc\x16\xf9\x16\xf9D\xf5D\xf5>\xf1>\xf1\xba\xed\xba\
\xed\x9c\xeb\x9c\xeb4\xeb4\xeb<\xec<\xecU\xeeU\
\xee\x94\xf1\x94\xf1`\xf6`\xf6\x87\xfc\x87\xfc\xfb\x02\xfb\
\x02f\x08f\x08\xae\x0b\xae\x0b\x94\x0c\x94\x0c\xdd\x0b\xdd\
\x0b\xb8\x0a\xb8\x0a\xe9\x09\xe9\x09M\x09M\x093\x083\
\x08\x17\x06\x17\x06E\x03E\x03\xee\x00\xee\x00\xd7\xff\xd7\
\xff\x86\xff\x86\xff\xd2\xff\xd2\xff-\x01-\x01&\x03&\
\x03L\x04L\x04\x8b\x03\x8b\x03_\x01_\x01\x00\xff\x00\
\xff=\xfd=\xfd\xf6\xfc\xf6\xfc\xed\xfd\xed\xfd\xd6\xfe\xd6\
\xfe\xed\xfe\xed\xfeq\xfdq\xfd\xe2\xfa\xe2\xfa\xec\xf8\xec\
\xf8\xc6\xf7\xc6\xf7\x86\xf7\x86\xf7h\xf8h\xf8e\xf9e\
\xf9\xec\xf9\xec\xf9q\xfaq\xfa[\xfb[\xfb\x91\xfc\x91\
\xfc\xf3\xfd\xf3\xfdn\xffn\xff2\x002\x00\x9b\xff\x9b\
\xff\xd9\xfd\xd9\xfd\x00\xfc\x00\xfc/\xfc/\xfc\xe7\xfe\xe7\
\xfe\xa0\x02\xa0\x02L\x06L\x06_\x09_\x09\x5c\x0b\x5c\
\x0b\x01\x0c\x01\x0c\xc6\x0b\xc6\x0b\xc1\x0b\xc1\x0bi\x0ci\
\x0c<\x0d<\x0d\xd0\x0c\xd0\x0cT\x0aT\x0a\xe2\x06\xe2\
\x06:\x03:\x03I\xffI\xff\x95\xfb\x95\xfbG\xf8G\
\xf8\xe3\xf4\xe3\xf4}\xf1}\xf1\xe8\xee\xe8\xees\xeds\
\xed\xd3\xec\xd3\xec\x91\xed\x91\xedL\xf0L\xf0\xbb\xf4\xbb\
\xf4A\xfaA\xfa=\x00=\x00\xe5\x05\xe5\x05\xd6\x09\xd6\
\x096\x0b6\x0b\x0f\x0b\x0f\x0br\x0ar\x0a\x89\x09\x89\
\x09\xa9\x08\xa9\x08\xc2\x07\xc2\x07\x16\x06\x16\x06r\x03r\
\x03\xf5\x00\xf5\x00\xda\xff\xda\xff\xea\xff\xea\xffK\x00K\
\x00\xe7\x00\xe7\x00\x13\x02\x13\x02\x81\x03\x81\x03\x07\x04\x07\
\x04\x0a\x03\x0a\x03\x0c\x01\x0c\x01\xd5\xfe\xd5\xfe}\xfd}\
\xfd\xcf\xfd\xcf\xfd\xef\xfe\xef\xfeS\xffS\xffF\xfeF\
\xfe#\xfc#\xfc\xd3\xf9\xd3\xf9\x0e\xf8\x0e\xf8O\xf7O\
\xf7\xd9\xf7\xd9\xf7\x0f\xf9\x0f\xf9\xcb\xf9\xcb\xf9\xdd\xf9\xdd\
\xf9k\xfak\xfa\xe7\xfb\xe7\xfb\x7f\xfd\x7f\xfd\xec\xfe\xec\
\xfe\xf8\xff\xf8\xff\xe5\xff\xe5\xff\xd6\xfe\xd6\xfe\xa3\xfd\xa3\
\xfd2\xfd2\xfd'\xfe'\xfe\x9b\x00\x9b\x00C\x04C\
\x04\xf2\x07\xf2\x07j\x0aj\x0a\xa4\x0b\xa4\x0b\xf8\x0b\xf8\
\x0b\xb5\x0b\xb5\x0bq\x0bq\x0b\x95\x0b\x95\x0b\x9c\x0b\x9c\
\x0bf\x0af\x0a\xed\x07\xed\x07\xc7\x04\xc7\x04\xf6\x00\xf6\
\x00\x15\xfd\x15\xfd\xde\xf9\xde\xf9\xd4\xf6\xd4\xf6\x91\xf3\x91\
\xf3\xbd\xf0\xbd\xf0\xfe\xee\xfe\xee;\xee;\xeeo\xeeo\
\xee'\xf0'\xf0t\xf3t\xf3\xe6\xf7\xe6\xf7]\xfd]\
\xfdL\x03L\x03\xee\x07\xee\x07\xfb\x09\xfb\x09N\x0aN\
\x0a3\x0a3\x0a\xcf\x09\xcf\x09\x1e\x09\x1e\x09<\x08<\
\x08\xe2\x06\xe2\x06\xc9\x04\xc9\x04T\x02T\x02s\x00s\
\x00\x97\xff\x97\xff\x9c\xff\x9c\xffC\x00C\x001\x011\
\x01J\x02J\x02B\x03B\x03\x07\x03\x07\x03s\x01s\
\x01\xa7\xff\xa7\xffR\xfeR\xfe\xa2\xfd\xa2\xfd\xd0\xfd\xd0\
\xfd\x8e\xfe\x8e\xfe\xc0\xfe\xc0\xfe\xa2\xfd\xa2\xfd\xc1\xfb\xc1\
\xfb\xf9\xf9\xf9\xf9\xbf\xf8\xbf\xf8r\xf8r\xf8\x1c\xf9\x1c\
\xf9\x13\xfa\x13\xfa\x88\xfa\x88\xfa\xbc\xfa\xbc\xfa\x95\xfb\x95\
\xfb\xf1\xfc\xf1\xfc;\xfe;\xfe0\xff0\xff\x96\xff\x96\
\xff\x5c\xff\x5c\xffh\xfeh\xfeP\xfdP\xfds\xfds\
\xfdC\xffC\xff:\x02:\x02\x9a\x05\x9a\x05c\x08c\
\x08\x11\x0a\x11\x0a\xd3\x0a\xd3\x0a\x08\x0b\x08\x0b\xfe\x0a\xfe\
\x0a\x09\x0b\x09\x0b&\x0b&\x0b\xa2\x0a\xa2\x0a\x07\x09\x07\
\x09v\x06v\x06\x13\x03\x13\x03v\xffv\xff8\xfc8\
\xfc\x0c\xf9\x0c\xf9\xcc\xf5\xcc\xf5\xfb\xf2\xfb\xf2\xe8\xf0\xe8\
\xf0\x88\xef\x88\xef$\xef$\xef8\xf08\xf0\xb2\xf2\xb2\
\xf2H\xf6H\xf6\xee\xfa\xee\xfa9\x009\x00\xf9\x04\xf9\
\x04\x05\x08\x05\x08W\x09W\x09\xa0\x09\xa0\x09?\x09?\
\x09w\x08w\x08\xa1\x07\xa1\x07\xa5\x06\xa5\x06.\x05.\
\x05U\x03U\x03\x9e\x01\x9e\x01`\x00`\x00\xbe\xff\xbe\
\xff\xd6\xff\xd6\xff\x86\x00\x86\x00\x97\x01\x97\x01\xc8\x02\xc8\
\x02T\x03T\x03\x94\x02\x94\x02\xfa\x00\xfa\x00Z\xffZ\
\xffG\xfeG\xfe\x11\xfe\x11\xfe\x88\xfe\x88\xfe\xe9\xfe\xe9\
\xfe]\xfe]\xfe\xde\xfc\xde\xfcA\xfbA\xfb\xef\xf9\xef\
\xf9\xeb\xf8\xeb\xf8\xac\xf8\xac\xf8m\xf9m\xf9y\xfay\
\xfa \xfb \xfb\x99\xfb\x99\xfba\xfca\xfc\x85\xfd\x85\
\xfd\x9c\xfe\x9c\xfe\x15\xff\x15\xff\x00\xff\x00\xff\xb7\xfe\xb7\
\xfe1\xfe1\xfe\xdc\xfd\xdc\xfd\x9d\xfe\x9d\xfe\xb0\x00\xb0\
\x00\xa6\x03\xa6\x03\xbf\x06\xbf\x06 \x09 \x09K\x0aK\
\x0a\x9d\x0a\x9d\x0a\xb4\x0a\xb4\x0a\xba\x0a\xba\x0a\xba\x0a\xba\
\x0ae\x0ae\x0a\x19\x09\x19\x09\xe6\x06\xe6\x06)\x04)\
\x04\x01\x01\x01\x01\xb1\xfd\xb1\xfdu\xfau\xfaX\xf7X\
\xf7z\xf4z\xf4A\xf2A\xf2\xf9\xf0\xf9\xf0\x81\xf0\x81\
\xf0\xd9\xf0\xd9\xf0I\xf2I\xf2\x0c\xf5\x0c\xf5\x18\xf9\x18\
\xf9\xe4\xfd\xe4\xfd\xa1\x02\xa1\x02e\x06e\x06\x93\x08\x93\
\x08h\x09h\x09c\x09c\x09\xcc\x08\xcc\x08\xe9\x07\xe9\
\x07\xe5\x06\xe5\x06\xa0\x05\xa0\x05\xf5\x03\xf5\x038\x028\
\x02\xf5\x00\xf5\x00I\x00I\x00\x1b\x00\x1b\x00\x5c\x00\x5c\
\x00\xfe\x00\xfe\x00\xdf\x01\xdf\x01\x91\x02\x91\x02z\x02z\
\x02h\x01h\x01\xd6\xff\xd6\xff\x86\xfe\x86\xfe\xeb\xfd\xeb\
\xfd\x18\xfe\x18\xfe\x8c\xfe\x8c\xfet\xfet\xfe\x86\xfd\x86\
\xfd\x1f\xfc\x1f\xfc\xbc\xfa\xbc\xfa\xb4\xf9\xb4\xf9>\xf9>\
\xf9\x8c\xf9\x8c\xf9e\xfae\xfa1\xfb1\xfb\xca\xfb\xca\
\xfb\x81\xfc\x81\xfcp\xfdp\xfd}\xfe}\xfe_\xff_\
\xff\xa7\xff\xa7\xffD\xffD\xff\x9d\xfe\x9d\xfe;\xfe;\
\xfe\x9f\xfe\x9f\xfe\x0b\x00\x0b\x00U\x02U\x02\xfb\x04\xfb\
\x04Y\x07Y\x07\xf6\x08\xf6\x08\xad\x09\xad\x09\xc9\x09\xc9\
\x09\xc4\x09\xc4\x09\xc6\x09\xc6\x09\x95\x09\x95\x09\xc5\x08\xc5\
\x08\x1f\x07\x1f\x07\xe8\x04\xe8\x04T\x02T\x02`\xff`\
\xffB\xfcB\xfc=\xf9=\xf9w\xf6w\xf66\xf46\
\xf4\xb4\xf2\xb4\xf2\xed\xf1\xed\xf1\xd5\xf1\xd5\xf1\x92\xf2\x92\
\xf2y\xf4y\xf4\xaa\xf7\xaa\xf7\xce\xfb\xce\xfbJ\x00J\
\x00O\x04O\x04\x1e\x07\x1e\x07\x8f\x08\x8f\x08\xee\x08\xee\
\x08\x97\x08\x97\x08\xf4\x07\xf4\x073\x073\x07$\x06$\
\x06\xa9\x04\xa9\x04\xfb\x02\xfb\x02z\x01z\x01c\x00c\
\x00\xd8\xff\xd8\xff\xe4\xff\xe4\xffh\x00h\x00(\x01(\
\x01\xd7\x01\xd7\x01\x1e\x02\x1e\x02\x9d\x01\x9d\x01Y\x00Y\
\x00\xfe\xfe\xfe\xfe0\xfe0\xfe\x1a\xfe\x1a\xfex\xfex\
\xfe\xb3\xfe\xb3\xfeQ\xfeQ\xfeC\xfdC\xfd\xe2\xfb\xe2\
\xfb\xb6\xfa\xb6\xfa\x1e\xfa\x1e\xfa/\xfa/\xfa\xb4\xfa\xb4\
\xfa\x5c\xfb\x5c\xfb\xfe\xfb\xfe\xfb\xa2\xfc\xa2\xfch\xfdh\
\xfdW\xfeW\xfe.\xff.\xff\x91\xff\x91\xffi\xffi\
\xff\xe7\xfe\xe7\xfe]\xfe]\xfe<\xfe<\xfe\xf4\xfe\xf4\
\xfe\xa4\x00\xa4\x00\x06\x03\x06\x03\x82\x05\x82\x05t\x07t\
\x07\x8e\x08\x8e\x08\xeb\x08\xeb\x08\xf1\x08\xf1\x08\xf7\x08\xf7\
\x08\xf3\x08\xf3\x08\x96\x08\x96\x08\x97\x07\x97\x07\xe1\x05\xe1\
\x05\x8d\x03\x8d\x03\xe1\x00\xe1\x00$\xfe$\xfee\xfbe\
\xfb\xb6\xf8\xb6\xf8X\xf6X\xf6z\xf4z\xf4F\xf3F\
\xf3\xd3\xf2\xd3\xf2\x1f\xf3\x1f\xf3V\xf4V\xf4\xa8\xf6\xa8\
\xf6\x01\xfa\x01\xfa\x06\xfe\x06\xfe\x07\x02\x07\x02G\x05G\
\x05S\x07S\x07.\x08.\x08;\x08;\x08\xe0\x07\xe0\
\x07J\x07J\x07n\x06n\x06+\x05+\x05\x97\x03\x97\
\x03\x01\x02\x01\x02\xbd\x00\xbd\x00\xfa\xff\xfa\xff\xba\xff\xba\
\xff\xee\xff\xee\xff}\x00}\x000\x010\x01\xb3\x01\xb3\
\x01\xa5\x01\xa5\x01\xe4\x00\xe4\x00\xbc\xff\xbc\xff\xba\xfe\xba\
\xfeR\xfeR\xfez\xfez\xfe\xc9\xfe\xc9\xfe\xc4\xfe\xc4\
\xfe\x1e\xfe\x1e\xfe\xfa\xfc\xfa\xfc\xc3\xfb\xc3\xfb\xdf\xfa\xdf\
\xfa\x8f\xfa\x8f\xfa\xc2\xfa\xc2\xfa;\xfb;\xfb\xca\xfb\xca\
\xfb_\xfc_\xfc\x0f\xfd\x0f\xfd\xdd\xfd\xdd\xfd\xa4\xfe\xa4\
\xfe6\xff6\xffi\xffi\xff7\xff7\xff\xd2\xfe\xd2\
\xfe\x89\xfe\x89\xfe\xcb\xfe\xcb\xfe\xef\xff\xef\xff\xe8\x01\xe8\
\x01E\x04E\x04f\x06f\x06\xd6\x07\xd6\x07z\x08z\
\x08\x9d\x08\x9d\x08\x94\x08\x94\x08}\x08}\x08;\x08;\
\x08\x86\x07\x86\x07)\x06)\x065\x045\x04\xd3\x01\xd3\
\x01<\xff<\xff\x9d\xfc\x9d\xfc\x0c\xfa\x0c\xfa\xb4\xf7\xb4\
\xf7\xc3\xf5\xc3\xf5`\xf4`\xf4\xa6\xf3\xa6\xf3\x9f\xf3\x9f\
\xf3g\xf4g\xf4)\xf6)\xf6\xea\xf8\xea\xf8u\xfcu\
\xfcF\x00F\x00\xae\x03\xae\x03$\x06$\x06\x80\x07\x80\
\x07\xf5\x07\xf5\x07\xd2\x07\xd2\x07Z\x07Z\x07\x9f\x06\x9f\
\x06\x8c\x05\x8c\x05,\x04,\x04\xa8\x02\xa8\x02F\x01F\
\x01J\x00J\x00\xca\xff\xca\xff\xc4\xff\xc4\xff!\x00!\
\x00\xba\x00\xba\x00S\x01S\x01\x89\x01\x89\x01&\x01&\
\x01C\x00C\x00@\xff@\xff\x9a\xfe\x9a\xfe\x80\xfe\x80\
\xfe\xb6\xfe\xb6\xfe\xd3\xfe\xd3\xfey\xfey\xfe\xa3\xfd\xa3\
\xfd\x8b\xfc\x8b\xfc\x85\xfb\x85\xfb\xe9\xfa\xe9\xfa\xd4\xfa\xd4\
\xfa\x22\xfb\x22\xfb\xa6\xfb\xa6\xfb6\xfc6\xfc\xd0\xfc\xd0\
\xfc\x81\xfd\x81\xfdE\xfeE\xfe\xfa\xfe\xfa\xfei\xffi\
\xffw\xffw\xff9\xff9\xff\xf2\xfe\xf2\xfe\x06\xff\x06\
\xff\xbe\xff\xbe\xff/\x01/\x01+\x03+\x035\x055\
\x05\xcf\x06\xcf\x06\xbc\x07\xbc\x07\x11\x08\x11\x08\x12\x08\x12\
\x08\xf1\x07\xf1\x07\xb8\x07\xb8\x07<\x07<\x07B\x06B\
\x06\xb8\x04\xb8\x04\xb3\x02\xb3\x02g\x00g\x00\x00\xfe\x00\
\xfe\x99\xfb\x99\xfbV\xf9V\xf9V\xf7V\xf7\xc1\xf5\xc1\
\xf5\xb9\xf4\xb9\xf4U\xf4U\xf4\xb4\xf4\xb4\xf4\xef\xf5\xef\
\xf5\x13\xf8\x13\xf8\x0b\xfb\x0b\xfbq\xfeq\xfe\xc2\x01\xc2\
\x01\x80\x04\x80\x04J\x06J\x06%\x07%\x07K\x07K\
\x07\x00\x07\x00\x07x\x06x\x06\xae\x05\xae\x05\x97\x04\x97\
\x04G\x03G\x03\xf2\x01\xf2\x01\xe0\x00\xe0\x006\x006\
\x00\xf9\xff\xf9\xff)\x00)\x00\xa3\x00\xa3\x001\x011\
\x01\x8b\x01\x8b\x01i\x01i\x01\xbf\x00\xbf\x00\xd2\xff\xd2\
\xff\x05\xff\x05\xff\xa4\xfe\xa4\xfe\xb0\xfe\xb0\xfe\xd2\xfe\xd2\
\xfe\xa5\xfe\xa5\xfe\x0b\xfe\x0b\xfe\x1d\xfd\x1d\xfd\x1c\xfc\x1c\
\xfc]\xfb]\xfb\x0f\xfb\x0f\xfb4\xfb4\xfb\xa8\xfb\xa8\
\xfb8\xfc8\xfc\xd1\xfc\xd1\xfcs\xfds\xfd!\xfe!\
\xfe\xc4\xfe\xc4\xfe8\xff8\xffh\xffh\xffH\xffH\
\xff\xf8\xfe\xf8\xfe\xcd\xfe\xcd\xfe\x14\xff\x14\xff\x0d\x00\x0d\
\x00\xac\x01\xac\x01\x90\x03\x90\x03N\x05N\x05\x90\x06\x90\
\x06G\x07G\x07\x9b\x07\x9b\x07\xb5\x07\xb5\x07\xae\x07\xae\
\x07t\x07t\x07\xdc\x06\xdc\x06\xca\x05\xca\x05*\x04*\
\x04 \x02 \x02\xde\xff\xde\xff\x80\xfd\x80\xfd/\xfb/\
\xfb\x05\xf9\x05\xf9&\xf7&\xf7\xc4\xf5\xc4\xf5\xfa\xf4\xfa\
\xf4\xe1\xf4\xe1\xf4\x94\xf5\x94\xf5\x1d\xf7\x1d\xf7\x7f\xf9\x7f\
\xf9\x7f\xfc\x7f\xfc\xae\xff\xae\xff\x91\x02\x91\x02\xbc\x04\xbc\
\x04\x08\x06\x08\x06\x90\x06\x90\x06\x8a\x06\x8a\x06/\x06/\
\x06\x9a\x05\x9a\x05\xc9\x04\xc9\x04\xc3\x03\xc3\x03\xa5\x02\xa5\
\x02\x98\x01\x98\x01\xcb\x00\xcb\x00a\x00a\x00b\x00b\
\x00\xb8\x00\xb8\x002\x012\x01\x8d\x01\x8d\x01\x94\x01\x94\
\x01%\x01%\x01V\x00V\x00z\xffz\xff\xe2\xfe\xe2\
\xfe\xb3\xfe\xb3\xfe\xc8\xfe\xc8\xfe\xc7\xfe\xc7\xfeq\xfeq\
\xfe\xbd\xfd\xbd\xfd\xd0\xfc\xd0\xfc\xf8\xfb\xf8\xfbu\xfbu\
\xfba\xfba\xfb\xab\xfb\xab\xfb%\xfc%\xfc\xae\xfc\xae\
\xfc7\xfd7\xfd\xc3\xfd\xc3\xfdU\xfeU\xfe\xd6\xfe\xd6\
\xfe$\xff$\xff.\xff.\xff\x02\xff\x02\xff\xd1\xfe\xd1\
\xfe\xeb\xfe\xeb\xfe\x95\xff\x95\xff\xd7\x00\xd7\x00\x88\x02\x88\
\x02S\x04S\x04\xce\x05\xce\x05\xcd\x06\xcd\x06V\x07V\
\x07\x86\x07\x86\x07\x8a\x07\x8a\x07g\x07g\x07\xfc\x06\xfc\
\x06\x1f\x06\x1f\x06\xc0\x04\xc0\x04\xf5\x02\xf5\x02\xde\x00\xde\
\x00\xa2\xfe\xa2\xfea\xfca\xfc1\xfa1\xfa>\xf8>\
\xf8\xb1\xf6\xb1\xf6\xa7\xf5\xa7\xf5E\xf5E\xf5\x9d\xf5\x9d\
\xf5\xb8\xf6\xb8\xf6\xa0\xf8\xa0\xf88\xfb8\xfb6\xfe6\
\xfe1\x011\x01\xb1\x03\xb1\x03f\x05f\x05H\x06H\
\x06\x80\x06\x80\x06K\x06K\x06\xd0\x05\xd0\x05\x16\x05\x16\
\x05!\x04!\x04\xff\x02\xff\x02\xdf\x01\xdf\x01\xf2\x00\xf2\
\x00Z\x00Z\x00\x22\x00\x22\x00@\x00@\x00\xa0\x00\xa0\
\x00\x18\x01\x18\x01a\x01a\x01F\x01F\x01\xc2\x00\xc2\
\x00\x06\x00\x06\x00c\xffc\xff\x0f\xff\x0f\xff\x02\xff\x02\
\xff\x03\xff\x03\xff\xcf\xfe\xcf\xfeC\xfeC\xfes\xfds\
\xfd\x93\xfc\x93\xfc\xe2\xfb\xe2\xfb\x8d\xfb\x8d\xfb\x97\xfb\x97\
\xfb\xef\xfb\xef\xfbq\xfcq\xfc\xf9\xfc\xf9\xfc\x87\xfd\x87\
\xfd\x1e\xfe\x1e\xfe\xb2\xfe\xb2\xfe+\xff+\xffj\xffj\
\xfff\xfff\xff@\xff@\xff4\xff4\xff\x88\xff\x88\
\xffd\x00d\x00\xc0\x01\xc0\x01_\x03_\x03\xe1\x04\xe1\
\x04\xfc\x05\xfc\x05\xa4\x06\xa4\x06\xeb\x06\xeb\x06\xf4\x06\xf4\
\x06\xd7\x06\xd7\x06\x80\x06\x80\x06\xcb\x05\xcb\x05\xa5\x04\xa5\
\x04\x18\x03\x18\x03H\x01H\x01Q\xffQ\xffH\xfdH\
\xfdL\xfbL\xfb\x82\xf9\x82\xf9\x08\xf8\x08\xf8\xf9\xf6\xf9\
\xf6u\xf6u\xf6\x8f\xf6\x8f\xf6R\xf7R\xf7\xcc\xf8\xcc\
\xf8\xf4\xfa\xf4\xfa\x94\xfd\x94\xfdV\x00V\x00\xd2\x02\xd2\
\x02\xad\x04\xad\x04\xc0\x05\xc0\x05\x1e\x06\x1e\x06\xf9\x05\xf9\
\x05}\x05}\x05\xc3\x04\xc3\x04\xd8\x03\xd8\x03\xc5\x02\xc5\
\x02\xa5\x01\xa5\x01\xa9\x00\xa9\x00\xf7\xff\xf7\xff\xaa\xff\xaa\
\xff\xc0\xff\xc0\xff\x1a\x00\x1a\x00\x99\x00\x99\x00\x0c\x01\x0c\
\x019\x019\x01\x0b\x01\x0b\x01\x8b\x00\x8b\x00\xec\xff\xec\
\xffy\xffy\xffJ\xffJ\xffA\xffA\xff+\xff+\
\xff\xd6\xfe\xd6\xfe<\xfe<\xfez\xfdz\xfd\xca\xfc\xca\
\xfcZ\xfcZ\xfc:\xfc:\xfc\x5c\xfc\x5c\xfc\xaf\xfc\xaf\
\xfc \xfd \xfd\x99\xfd\x99\xfd\x13\xfe\x13\xfe\x91\xfe\x91\
\xfe\x06\xff\x06\xffL\xffL\xffL\xffL\xff\x18\xff\x18\
\xff\xe7\xfe\xe7\xfe\xfa\xfe\xfa\xfe\x80\xff\x80\xff\x88\x00\x88\
\x00\xf3\x01\xf3\x01u\x03u\x03\xc2\x04\xc2\x04\xab\x05\xab\
\x05*\x06*\x06_\x06_\x06l\x06l\x06P\x06P\
\x06\xea\x05\xea\x05\x1d\x05\x1d\x05\xe2\x03\xe2\x03U\x02U\
\x02\x9d\x00\x9d\x00\xcf\xfe\xcf\xfe\xfd\xfc\xfd\xfc<\xfb<\
\xfb\xae\xf9\xae\xf9t\xf8t\xf8\xa6\xf7\xa6\xf7\x5c\xf7\x5c\
\xf7\xa2\xf7\xa2\xf7\x89\xf8\x89\xf8\x19\xfa\x19\xfa7\xfc7\
\xfc\xab\xfe\xab\xfe\x13\x01\x13\x01\x0a\x03\x0a\x03a\x04a\
\x04\x15\x05\x15\x05C\x05C\x05\x1a\x05\x1a\x05\xaa\x04\xaa\
\x04\x00\x04\x00\x04'\x03'\x032\x022\x02I\x01I\
\x01\x94\x00\x94\x00,\x00,\x00\x14\x00\x14\x00>\x00>\
\x00\x9a\x00\x9a\x00\xfa\x00\xfa\x00+\x01+\x01\x11\x01\x11\
\x01\xa5\x00\xa5\x00\x0c\x00\x0c\x00\x81\xff\x81\xff.\xff.\
\xff\x16\xff\x16\xff\x0c\xff\x0c\xff\xe4\xfe\xe4\xfe\x8a\xfe\x8a\
\xfe\x03\xfe\x03\xfet\xfdt\xfd\x04\xfd\x04\xfd\xcb\xfc\xcb\
\xfc\xd0\xfc\xd0\xfc\x05\xfd\x05\xfdU\xfdU\xfd\xb4\xfd\xb4\
\xfd\x15\xfe\x15\xfex\xfex\xfe\xcc\xfe\xcc\xfe\x00\xff\x00\
\xff\x08\xff\x08\xff\xdd\xfe\xdd\xfe\x9e\xfe\x9e\xfe\x8b\xfe\x8b\
\xfe\xdd\xfe\xdd\xfe\xb0\xff\xb0\xff\xfb\x00\xfb\x00~\x02~\
\x02\xec\x03\xec\x03\x10\x05\x10\x05\xcd\x05\xcd\x05.\x06.\
\x06`\x06`\x06i\x06i\x06/\x06/\x06\x9d\x05\x9d\
\x05\xa4\x04\xa4\x04N\x03N\x03\xb0\x01\xb0\x01\xde\xff\xde\
\xff\xfe\xfd\xfe\xfd/\xfc/\xfc\x8b\xfa\x8b\xfa,\xf9,\
\xf9&\xf8&\xf8\x93\xf7\x93\xf7\x8e\xf7\x8e\xf7 \xf8 \
\xf8R\xf9R\xf9\x1b\xfb\x1b\xfbO\xfdO\xfd\xa8\xff\xa8\
\xff\xcf\x01\xcf\x01z\x03z\x03\x8a\x04\x8a\x04\x10\x05\x10\
\x05,\x05,\x05\xf5\x04\xf5\x04\x83\x04\x83\x04\xda\x03\xda\
\x03\x02\x03\x02\x03\x19\x02\x19\x02E\x01E\x01\xa7\x00\xa7\
\x00L\x00L\x000\x000\x00L\x00L\x00\x83\x00\x83\
\x00\xb0\x00\xb0\x00\xae\x00\xae\x00r\x00r\x00\x0b\x00\x0b\
\x00\x9b\xff\x9b\xffK\xffK\xff-\xff-\xff'\xff'\
\xff\x1a\xff\x1a\xff\xdb\xfe\xdb\xfe[\xfe[\xfe\xbd\xfd\xbd\
\xfd$\xfd$\xfd\xbe\xfc\xbe\xfc\xa4\xfc\xa4\xfc\xc3\xfc\xc3\
\xfc\x14\xfd\x14\xfd\x86\xfd\x86\xfd\x03\xfe\x03\xfe\x83\xfe\x83\
\xfe\xf5\xfe\xf5\xfeN\xffN\xff\x80\xff\x80\xffy\xffy\
\xffV\xffV\xffB\xffB\xfff\xfff\xff\xe1\xff\xe1\
\xff\xbd\x00\xbd\x00\xe7\x01\xe7\x01\x22\x03\x22\x03'\x04'\
\x04\xd9\x04\xd9\x040\x050\x05Q\x05Q\x05_\x05_\
\x05J\x05J\x05\xfe\x04\xfe\x04_\x04_\x04Y\x03Y\
\x03\xfd\x01\xfd\x01b\x00b\x00\xa5\xfe\xa5\xfe\xeb\xfc\xeb\
\xfcW\xfbW\xfb\x0b\xfa\x0b\xfa!\xf9!\xf9\xa5\xf8\xa5\
\xf8\xa3\xf8\xa3\xf8!\xf9!\xf9\x1e\xfa\x1e\xfa\x9a\xfb\x9a\
\xfby\xfdy\xfd}\xff}\xffg\x01g\x01\xf2\x02\xf2\
\x02\xf2\x03\xf2\x03i\x04i\x04k\x04k\x04\x1b\x04\x1b\
\x04\x98\x03\x98\x03\xec\x02\xec\x02'\x02'\x02^\x01^\
\x01\xaa\x00\xaa\x00)\x00)\x00\xe4\xff\xe4\xff\xe7\xff\xe7\
\xff*\x00*\x00\x90\x00\x90\x00\x03\x01\x03\x01T\x01T\
\x01e\x01e\x01>\x01>\x01\xdf\x00\xdf\x00j\x00j\
\x00\x0a\x00\x0a\x00\xb5\xff\xb5\xffa\xffa\xff\xfb\xfe\xfb\
\xfer\xfer\xfe\xd9\xfd\xd9\xfdG\xfdG\xfd\xda\xfc\xda\
\xfc\xa8\xfc\xa8\xfc\xad\xfc\xad\xfc\xe6\xfc\xe6\xfc?\xfd?\
\xfd\xa9\xfd\xa9\xfd\x1c\xfe\x1c\xfe\x91\xfe\x91\xfe\xfa\xfe\xfa\
\xfeB\xffB\xff\x5c\xff\x5c\xffM\xffM\xff1\xff1\
\xff9\xff9\xff\x89\xff\x89\xff2\x002\x00.\x01.\
\x01M\x02M\x02c\x03c\x03G\x04G\x04\xde\x04\xde\
\x043\x053\x05N\x05N\x059\x059\x05\xfc\x04\xfc\
\x04\x81\x04\x81\x04\xc3\x03\xc3\x03\xc2\x02\xc2\x02~\x01~\
\x01\x14\x00\x14\x00\x91\xfe\x91\xfe\x10\xfd\x10\xfd\xab\xfb\xab\
\xfbr\xfar\xfa\x83\xf9\x83\xf9\xf3\xf8\xf3\xf8\xd5\xf8\xd5\
\xf8<\xf9<\xf9(\xfa(\xfa\x98\xfb\x98\xfbh\xfdh\
\xfdX\xffX\xff-\x01-\x01\xa5\x02\xa5\x02\xa6\x03\xa6\
\x032\x042\x04W\x04W\x049\x049\x04\xe0\x03\xe0\
\x03R\x03R\x03\xa3\x02\xa3\x02\xe2\x01\xe2\x010\x010\
\x01\xa6\x00\xa6\x00V\x00V\x00C\x00C\x00]\x00]\
\x00\x90\x00\x90\x00\xba\x00\xba\x00\xc4\x00\xc4\x00\xa4\x00\xa4\
\x00W\x00W\x00\x00\x00\x00\x00\xb9\xff\xb9\xff\x87\xff\x87\
\xffh\xffh\xff:\xff:\xff\xe7\xfe\xe7\xfet\xfet\
\xfe\xee\xfd\xee\xfdu\xfdu\xfd!\xfd!\xfd\x03\xfd\x03\
\xfd\x18\xfd\x18\xfdK\xfdK\xfd\x96\xfd\x96\xfd\xef\xfd\xef\
\xfdG\xfeG\xfe\x9f\xfe\x9f\xfe\xe3\xfe\xe3\xfe\x09\xff\x09\
\xff\x1c\xff\x1c\xff\x11\xff\x11\xff*\xff*\xffe\xffe\
\xff\x03\x00\x03\x00\xf1\x00\xf1\x00\x22\x02\x22\x02.\x03.\
\x03>\x04>\x04\xb5\x04\xb5\x04 \x05 \x05j\x05j\
\x05G\x05G\x05)\x05)\x05\xed\x04\xed\x04X\x04X\
\x04T\x03T\x03\x16\x02\x16\x02Z\x00Z\x00\xf2\xfe\xf2\
\xfeX\xfdX\xfdL\xfcL\xfc\x03\xfb\x03\xfb&\xfa&\
\xfa0\xf90\xf9{\xf8{\xf8\xd4\xf8\xd4\xf8P\xf9P\
\xf9/\xfa/\xfa,\xfc,\xfc&\xfe&\xfe\xe9\xff\xe9\
\xff\xbd\x00\xbd\x00b\x02b\x02\x7f\x03\x7f\x03\x1a\x04\x1a\
\x04Y\x04Y\x04\xeb\x03\xeb\x03\x96\x05\x96\x05\xaa\x04\xaa\
\x04p\x04p\x04\xea\x02\xea\x02\xf0\x01\xf0\x01\x7f\x01\x7f\
\x01N\x01N\x01(\x01(\x01\xde\x00\xde\x00'\x00'\
\x00d\xffd\xff\xa1\xff\xa1\xff\x81\xff\x81\xff\xc9\xff\xc9\
\xff(\xff(\xff%\xff%\xff \xfe \xfe\xaf\xfd\xaf\
\xfd\xb9\xfc\xb9\xfc\xe3\xfc\xe3\xfc\x88\xfc\x88\xfcJ\xfdJ\
\xfd\xb1\xfd\xb1\xfd\xbc\xfe\xbc\xfe\x82\xfe\x82\xfe_\xfe_\
\xfe\xcf\xfe\xcf\xfej\xffj\xff\x0c\x00\x0c\x00I\x00I\
\x00\xad\xff\xad\xff\xfe\xfd\xfe\xfd[\xfe[\xfe0\xfd0\
\xfd\xd6\x00\xd6\x00$\x00$\x00\x95\x00\x95\x00[\x01[\
\x01\xb1\x02\xb1\x02R\x04R\x04\xb4\x02\xb4\x02\xbe\x02\xbe\
\x021\x031\x03\x80\x04\x80\x04\xb1\x03\xb1\x03<\x03<\
\x03\x18\x04\x18\x04c\x02c\x02\xcb\x00\xcb\x00\x94\x00\x94\
\x00\x5c\xff\x5c\xffD\x00D\x00\xfe\xfe\xfe\xfe\xfb\xfe\xfb\
\xfe\x85\xfc\x85\xfc\x9b\xfb\x9b\xfb\x9b\xfa\x9b\xfa\x91\xfa\x91\
\xfa\x7f\xfb\x7f\xfbX\xfcX\xfc\xc0\xfb\xc0\xfb?\xfe?\
\xfe\x1e\x00\x1e\x00\xba\xfe\xba\xfev\x01v\x01\x84\x00\x84\
\x00\xd7\x01\xd7\x01\xfd\x01\xfd\x01\x88\x02\x88\x02S\x01S\
\x01\xce\x02\xce\x02\x13\x02\x13\x02^\x03^\x03\x0c\x02\x0c\
\x02\xa1\x01\xa1\x01\x10\x01\x10\x01\xa3\x00\xa3\x006\x036\
\x03\x88\x00\x88\x00\xb0\xff\xb0\xffp\xffp\xff\xeb\x00\xeb\
\x00\x93\xff\x93\xff\x8d\x01\x8d\x01\x11\xfe\x11\xfe\xfd\xfe\xfd\
\xfe\xdf\xff\xdf\xff\xd5\x00\xd5\x00\xa9\xfe\xa9\xfe\x0c\x00\x0c\
\x00F\xffF\xffz\xfdz\xfd\xc0\xfe\xc0\xfe\x80\xfd\x80\
\xfd\x9e\xfc\x9e\xfcZ\xfcZ\xfc\xa9\xfc\xa9\xfcg\xfcg\
\xfct\xfft\xff\x81\xfd\x81\xfdY\x02Y\x02\x89\x00\x89\
\x00\xb7\x01\xb7\x01\x12\x00\x12\x00\x02\x04\x02\x04\xaa\x01\xaa\
\x01\x0e\x00\x0e\x00\xfb\x01\xfb\x01\x96\x01\x96\x01\x0d\xff\x0d\
\xff\x9c\xfc\x9c\xfcY\x01Y\x01f\x00f\x00\xf5\x02\xf5\
\x02\xa9\x01\xa9\x01\xe9\x06\xe9\x06b\x03b\x03\x00\x04\x00\
\x04\xdf\x01\xdf\x01\x98\x01\x98\x01\xc1\x00\xc1\x00\xab\x01\xab\
\x01\xda\xfd\xda\xfd-\xff-\xff\xa6\xfc\xa6\xfc\xf9\xfa\xf9\
\xfa\x8d\x01\x8d\x01\xd0\xf7\xd0\xf7a\xfba\xfb,\xf6,\
\xf6_\xf7_\xf7\x0a\xf6\x0a\xf6\x0b\xfb\x0b\xfb\xf8\x02\xf8\
\x02[\x09[\x096\x0a6\x0a>\x07>\x07\xd0\xfd\xd0\
\xfd\xdf\x03\xdf\x03\x08\x06\x08\x06\x85\x01\x85\x01\xd9\x02\xd9\
\x02\xe1\x01\xe1\x01`\x0d`\x0d\x8f\xfe\x8f\xfe\x93\x04\x93\
\x04\xcf\xf4\xcf\xf4F\xfeF\xfe\xad\x01\xad\x01\x0f\x00\x0f\
\x00\x04\xfe\x04\xfer\xfbr\xfbn\x09n\x093\xf53\
\xf5\xd8\xf4\xd8\xf4$\xf0$\xf0c\xfac\xfaA\x00A\
\x00~\x0f~\x0f6\x026\x02@\x0f@\x0f\xa1\xfb\xa1\
\xfb`\xb0`\xb0r\x90r\x90\xc1\xd3\xc1\xd3{\xe2{\
\xe2\x00\xac\x00\xac\x90\x16\x90\x16\x05B\x05B\x802\x80\
2\x8e9\x8e9\x00!\x00!\x13\x13\x13\x13\x98\x1a\x98\
\x1a\x81\x1b\x81\x1b\xe61\xe61\xcf\x15\xcf\x15\xe3\x13\xe3\
\x13\x1b\x17\x1b\x17\x12\xf7\x12\xf7\xbb\xec\xbb\xecw\x16w\
\x16q&q&\xe6\xe5\xe6\xe5s\xf3s\xf3m\xf1m\
\xf1\xb2Y\xb2Y>6>6\xf0\x16\xf0\x16F\xd3F\
\xd3\xfa\xa9\xfa\xa9x,x,\xa7\x0a\xa7\x0a[\x1b[\
\x1bY\xfdY\xfd\x1f\xdb\x1f\xdb\xe7\xe0\xe7\xe0\xff\xf0\xff\
\xf0\x0c\xc7\x0c\xc7\x18\xd3\x18\xd3\xe8\xcf\xe8\xcf7\x157\
\x15\xa9\x1b\xa9\x1bn\xc2n\xc2\xba\xda\xba\xda\x81\xf2\x81\
\xf2nNnN!\xf3!\xf3c\xeec\xee\xd6\x1e\xd6\
\x1e\x8f\x0a\x8f\x0a\x09\xf6\x09\xf6i\xe2i\xe2A\xd8A\
\xd8\x13\xfb\x13\xfb\xe5\x1d\xe5\x1d\x85:\x85:\xb5]\xb5\
]:\x16:\x16\xa0\x19\xa0\x19\x89\x1b\x89\x1bH\x1bH\
\x1b\x076\x076\xab\x1e\xab\x1e\x853\x853:\x5c:\
\x5cA\xacA\xac\xec\xfc\xec\xfc\x1cI\x1cIm\xcam\
\xca\xcf\xd5\xcf\xd5\xed\xbb\xed\xbb\xad\xd7\xad\xd7\x84\xac\x84\
\xac\xc7\xc8\xc7\xc8n\xben\xbe\x8a\xa5\x8a\xa5\xca\xd8\xca\
\xd8\x93\xd0\x93\xd0\xed\xe6\xed\xe60*0*\xe9=\xe9\
=\x90,\x90,\x141\x141R\x22R\x22\x13&\x13\
&\xc1!\xc1!\x99*\x99*\xba\x1c\xba\x1c9\x119\
\x11\xeb\x15\xeb\x15\x9e\xf6\x9e\xf6\xff\xed\xff\xed\x7f\x0a\x7f\
\x0ab\x0eb\x0e\xac\xfd\xac\xfd\x0b\xe9\x0b\xe9-\x06-\
\x06\xc32\xc32\x94;\x94;\xee\x04\xee\x04J\xcbJ\
\xcb\x82\xce\x82\xce\x19\xef\x19\xef\xc1\x14\xc1\x14\x16\x06\x16\
\x06j\xfdj\xfdj\xf6j\xf6L\xeeL\xee2\xe52\
\xe5G\xddG\xdd\xc6\xd1\xc6\xd1\xf1\xd4\xf1\xd4[\x02[\
\x02\x85\x1b\x85\x1b\x0e\xe1\x0e\xe1@\xc6@\xc6W\x02W\
\x02h.h.\xc2\x00\xc2\x00\x1d\xea\x1d\xeab\x17b\
\x17\x09\x05\x09\x05\x1e\xf2\x1e\xf2\xa8\xd2\xa8\xd2\xb5\xdd\xb5\
\xdd\xd3\x09\xd3\x09G\x1dG\x1dz=z=\x049\x04\
9\x14\x13\x14\x13\xa3\x1c\xa3\x1c\xf3&\xf3&\xdb \xdb\
 \xe2#\xe2#[\x22[\x22\x1fH\x1fH\xdf\x14\xdf\
\x14\x95\xd6\x95\xd6\xab\x0a\xab\x0a\xa3\x14\xa3\x14\xeb\xe4\xeb\
\xe4?\xd0?\xd0\xc0\xd1\xc0\xd1]\xcf]\xcfb\xc5b\
\xc5;\xcb;\xcb\x9d\xc8\x9d\xc8\xef\xc5\xef\xc5~\xd2~\
\xd2\xa4\xd6\xa4\xd6\xd4\xf3\xd4\xf3\x04'\x04'^9^\
9\xcb(\xcb(t\x14t\x14K\x11K\x11\xfd\x18\xfd\
\x18\x88#\x88#\x01#\x01#0\x100\x10a\x10a\
\x10\xee\x09\xee\x09\xb7\xf4\xb7\xf4\x15\xfb\x15\xfb\x0d\x10\x0d\
\x10\x9c\x08\x9c\x08\x95\xf2\x95\xf2\xd4\xf1\xd4\xf1\xaa\x18\xaa\
\x185151t t \xad\xf9\xad\xf98\xd58\
\xd5\x8f\xe4\x8f\xe4i\x05i\x05\xe5\x0e\xe5\x0eL\x01L\
\x01/\xf8/\xf8\x86\xef\x86\xef\xd1\xee\xd1\xeej\xe2j\
\xe2\xc1\xcd\xc1\xcd\xcf\xd9\xcf\xd9\x9b\xf1\x9b\xf1\xd5\x06\xd5\
\x06a\xf4a\xf4\xa3\xdb\xa3\xdb\x0e\xee\x0e\xee\x13\x14\x13\
\x14G\x0fG\x0f\x84\xf5\x84\xf5\xc7\xfb\xc7\xfb\x0b\x03\x0b\
\x03v\xf9v\xf9^\xe7^\xe7\xf3\xe2\xf3\xe2-\xef-\
\xef\xff\x0d\xff\x0d\xc6-\xc6-s:s:/%/\
%?\x1c?\x1cB$B$\xe7#\xe7#@-@\
-\xf6)\xf6)\x859\x859X'X'/\xf4/\
\xf4\xdb\xfb\xdb\xfbR\x0cR\x0c\xdb\xea\xdb\xea\x1f\xce\x1f\
\xce&\xcd&\xcd5\xc65\xc6\xb0\xc4\xb0\xc4\x9d\xc6\x9d\
\xc6\xe1\xc6\xe1\xc6x\xc4x\xc4\xbf\xce\xbf\xce\xc4\xd7\xc4\
\xd7\xac\xf3\xac\xf3_ _ \xcb/\xcb/\xe8-\xe8\
-g\x1cg\x1c\x0c\x14\x0c\x14+\x19+\x19\xd3#\xd3\
#\x0b\x22\x0b\x22\x14\x19\x14\x19^\x15^\x15\x9c\x09\x9c\
\x09\x8c\xf5\x8c\xf5\x17\xf4\x17\xf4\xa1\x0a\xa1\x0aL\x07L\
\x07}\xfa}\xfaW\xfeW\xfe \x14 \x14g$g\
$i\x19i\x19\xe2\xf0\xe2\xf0\x8f\xd0\x8f\xd0\xe1\xe1\xe1\
\xe1E\xfeE\xfe\x0f\x0b\x0f\x0b\xb2\x04\xb2\x04\xfe\xf3\xfe\
\xf3$\xe8$\xe8\xca\xeb\xca\xeb\x99\xea\x99\xea\xa2\xe1\xa2\
\xe1\xf4\xe6\xf4\xe6i\xffi\xff\x18\x0b\x18\x0b\xe0\xed\xe0\
\xed\xe8\xde\xe8\xdeS\xf8S\xf8\xe2\x12\xe2\x12\xeb\x07\xeb\
\x07\xc7\xfa\xc7\xfa\xa8\x05\xa8\x05\xab\x02\xab\x029\xf19\
\xf1.\xe6.\xe6\xc5\xea\xc5\xea\x0b\xfc\x0b\xfc\xf5\x15\xf5\
\x15\xf5,\xf5,\xd2+\xd2+K\x17K\x17\xb6\x11\xb6\
\x111\x1a1\x1a\x93 \x93 \xa9!\xa9!=(=\
(b,b,r\x09r\x09\x1c\xf0\x1c\xf0k\x01k\
\x01\xec\x00\xec\x004\xe64\xe6\xb1\xd7\xb1\xd7\x16\xd3\x16\
\xd3i\xcei\xce'\xcf'\xcf\xbe\xcf\xbe\xcf?\xce?\
\xce\x9c\xd2\x9c\xd2\xfc\xdb\xfc\xdb2\xef2\xefX\x11X\
\x11\x1f)\x1f)~(~(e\x1de\x1d0\x130\
\x13\x97\x11\x97\x11\xe9\x18\xe9\x187 7 W\x1cW\
\x1c\xdd\x0e\xdd\x0e\xf5\x02\xf5\x02\x22\xfa\x22\xfa\xbb\xf8\xbb\
\xf8>\x02>\x02\xb2\x07\xb2\x07d\x01d\x01\xd8\xff\xd8\
\xff\xf5\x0e\xf5\x0eb\x1eb\x1e\x02\x17\x02\x17\xc9\xf8\xc9\
\xf8a\xdfa\xdf\xaf\xe4\xaf\xe4\xda\xfa\xda\xfa^\x06^\
\x06\x99\x03\x99\x03\x9a\xf8\x9a\xf8m\xecm\xecT\xe6T\
\xe6/\xe4/\xe4\x8c\xe2\x8c\xe2\xb8\xe8\xb8\xe8H\xf8H\
\xf8\xcd\xff\xcd\xff[\xf6[\xf6p\xeep\xee\x97\xf9\x97\
\xf9G\x08G\x08\x01\x06\x01\x06\x83\xff\x83\xff\x12\x01\x12\
\x01O\x00O\x00\xc3\xf6\xc3\xf6Z\xecZ\xec\x98\xee\x98\
\xee\xa9\xff\xa9\xffy\x16y\x16n%n%\xb6\x22\xb6\
\x22\xe2\x19\xe2\x19\x8a\x16\x8a\x16\x85\x16\x85\x16M\x1aM\
\x1a\xf4!\xf4!\xec(\xec(\x12!\x12!C\x09C\
\x09\xb1\xfd\xb1\xfd\x18\x01\x18\x01\xa2\xf8\xa2\xf8\x8b\xe5\x8b\
\xe5`\xda`\xda\x8c\xd6\x8c\xd6\x1e\xd3\x1e\xd3\xde\xd2\xde\
\xd2\x06\xd5\x06\xd5r\xd4r\xd4w\xd5w\xd5\x90\xe0\x90\
\xe0\xe1\xf7\xe1\xf7\xdd\x11\xdd\x11-\x1f-\x1f\x11\x1d\x11\
\x1d\xe5\x15\xe5\x15\xac\x12\xac\x12\xce\x14\xce\x14\xcf\x17\xcf\
\x17\xc3\x17\xc3\x17\xba\x14\xba\x14\xca\x0d\xca\x0d\xbe\x01\xbe\
\x01\x16\xf9\x16\xf9K\xfdK\xfd\xb1\x04\xb1\x04'\x02'\
\x02\x0c\xfd\x0c\xfds\x02s\x02\x02\x12\x02\x12\x08\x1c\x08\
\x1c\x18\x0f\x18\x0f\xcd\xf3\xcd\xf3\xe8\xe6\xe8\xe6\x92\xf2\x92\
\xf2\x1d\x05\x1d\x05\x17\x0b\x17\x0bo\x03o\x03\x8c\xf7\x8c\
\xf7\x9a\xed\x9a\xed\xc6\xe6\xc6\xe6>\xe2>\xe2\x5c\xe3\x5c\
\xe3^\xed^\xed\xdc\xf7\xdc\xf7Q\xf6Q\xf6\x01\xed\x01\
\xed\xbb\xee\xbb\xee\xbd\xfc\xbd\xfc\x8d\x04\x8d\x04+\x03+\
\x03\xbf\x03\xbf\x03J\x04J\x04\x07\xfc\x07\xfcG\xf0G\
\xf0\xc7\xee\xc7\xee\x0a\xfc\x0a\xfc\xfe\x10\xfe\x10u u\
 \xbf!\xbf!P\x1bP\x1b\xe4\x17\xe4\x17\xab\x18\xab\
\x18\xd6\x1a\xd6\x1a\xe3\x1e\xe3\x1eX$X$\xf5 \xf5\
 \xa6\x0e\xa6\x0e\xf4\xff\xf4\xff\xdd\x00\xdd\x00|\xfd|\
\xfd~\xec~\xec\xe2\xdd\xe2\xdd\xc6\xd6\xc6\xd6\x12\xd2\x12\
\xd2$\xd1$\xd1\x80\xd3\x80\xd3\x8f\xd5\x8f\xd5\xbf\xd7\xbf\
\xd7\x1f\xdf\x1f\xdf\x8a\xf1\x8a\xf1Y\x0aY\x0ap\x1bp\
\x1b\x01\x1f\x01\x1f\xd2\x19\xd2\x19\x05\x13\x05\x13+\x11+\
\x11C\x14C\x14\xd2\x15\xd2\x15\x9b\x12\x9b\x12d\x0cd\
\x0c\x98\x04\x98\x04\x00\xfe\x00\xfe\xc1\xfd\xc1\xfd\x07\x02\x07\
\x02}\x03}\x03}\x03}\x03\xb1\x09\xb1\x09\x0c\x15\x0c\
\x15\xef\x18\xef\x18?\x0b?\x0b\xc1\xf4\xc1\xf4\xd6\xea\xd6\
\xea\x04\xf4\x04\xf4\xf6\x00\xf6\x00P\x04P\x04\xb0\xfe\xb0\
\xfe\x80\xf5\x80\xf5\xf1\xec\xf1\xec\x11\xe6\x11\xe6/\xe1/\
\xe1-\xe3-\xe32\xee2\xee\xb7\xf7\xb7\xf7H\xf5H\
\xf5\xfc\xef\xfc\xefg\xf6g\xf6<\x02<\x02S\x05S\
\x05\xb5\x02\xb5\x02A\x03A\x03)\x03)\x038\xfc8\
\xfcN\xf3N\xf3\xa6\xf2\xa6\xf2 \xff \xff\xec\x11\xec\
\x11S\x1dS\x1d\xfb\x1b\xfb\x1b{\x15{\x15v\x13v\
\x13t\x17t\x17\xa5\x1c\xa5\x1c\xd1 \xd1 \x9c\x22\x9c\
\x22\x1e\x1c\x1e\x1cd\x0ed\x0e\x07\x05\x07\x05\x80\x00\x80\
\x00\x1f\xf6\x1f\xf6\xc1\xe7\xc1\xe7\x88\xdd\x88\xdd\xd8\xd6\xd8\
\xd6\xc9\xd2\xc9\xd2\xe5\xd1\xe5\xd1\xe3\xd1\xe3\xd1\xf8\xd2\xf8\
\xd2\xcc\xd8\xcc\xd8\xb0\xe6\xb0\xe6\x0a\xfc\x0a\xfc\xc3\x10\xc3\
\x10\xfd\x1a\xfd\x1aB\x1aB\x1am\x16m\x16\xab\x15\xab\
\x15\x1f\x18\x1f\x18\x87\x19\x87\x19\x8d\x16\x8d\x16\xa4\x0f\xa4\
\x0fI\x06I\x06\xb8\xfd\xb8\xfd+\xfb+\xfb\xe7\xfe\xe7\
\xfe\x96\x02\x96\x02T\x03T\x03Y\x06Y\x06}\x0e}\
\x0e\x8f\x14\x8f\x14\xc0\x0e\xc0\x0e\xdb\xfd\xdb\xfd\xd1\xef\xd1\
\xef\xf6\xef\xf6\xef\xbb\xf9\xbb\xf9\xfd\x00\xfd\x00\x1c\x00\x1c\
\x00\x03\xfa\x03\xfa\x94\xf3\x94\xf3\x8a\xee\x8a\xee\x81\xea\x81\
\xea\xc5\xe9\xc5\xe9\xf2\xee\xf2\xee\xbe\xf4\xbe\xf4\xf4\xf3\xf4\
\xf3(\xf0(\xf0y\xf2y\xf2\x92\xfa\x92\xfa\xbe\xff\xbe\
\xff\xfe\xff\xfe\xffK\x00K\x00\xe5\xff\xe5\xff\xd5\xfa\xd5\
\xfa~\xf4~\xf4(\xf5(\xf5\x84\x00\x84\x00\xdd\x11\xdd\
\x11\x0c\x1f\x0c\x1f\x90 \x90 \x05\x1a\x05\x1a\x91\x15\x91\
\x15\x1a\x17\x1a\x17C\x1bC\x1b\xcb\x1e\xcb\x1e\xec\x1e\xec\
\x1eX\x17X\x17e\x09e\x09r\xfer\xfe\x85\xf9\x85\
\xf9\xf1\xf2\xf1\xf2\xb4\xe7\xb4\xe77\xde7\xde\xd7\xda\xd7\
\xda:\xdb:\xdbd\xdbd\xdb\xd5\xd9\xd5\xd9[\xd9[\
\xd9\xee\xde\xee\xde\xc7\xec\xc7\xecL\x00L\x00)\x12)\
\x12|\x1b|\x1b\xcf\x1b\xcf\x1bF\x17F\x17\x12\x13\x12\
\x13\xbf\x11\xbf\x11\xca\x10\xca\x10w\x0dw\x0d\xbd\x08\xbd\
\x08\xd8\x03\xd8\x03\xda\xfe\xda\xfef\xfcf\xfcq\xfeq\
\xfe\xea\x00\xea\x00`\x01`\x01\xa2\x04\xa2\x04\xd1\x0c\xd1\
\x0c\xd2\x11\xd2\x11\xe0\x0a\xe0\x0aj\xfcj\xfcN\xf4N\
\xf4\xb7\xf8\xb7\xf8\x07\x02\x07\x02\x08\x06\x08\x06\x85\x02\x85\
\x022\xfb2\xfb\x9f\xf3\x9f\xf3e\xede\xed\x0d\xea\x0d\
\xeaU\xecU\xec\xcf\xf2\xcf\xf2\x98\xf5\x98\xf5O\xf1O\
\xf1.\xee.\xeez\xf3z\xf3[\xfb[\xfb\xca\xfd\xca\
\xfd\xb4\xfc\xb4\xfco\xfco\xfc\xbe\xfb\xbe\xfb\xd5\xf8\xd5\
\xf85\xf75\xf7p\xfcp\xfc\x02\x09\x02\x09\xa6\x16\xa6\
\x16\xfc\x1d\xfc\x1dx\x1dx\x1d\x86\x19\x86\x19k\x17k\
\x17X\x18X\x18^\x19^\x19\xd4\x18\xd4\x18\xe5\x15\xe5\
\x15\x9d\x0e\x9d\x0eZ\x05Z\x05\x95\xfe\x95\xfe\xd0\xf8\xd0\
\xf8:\xf0:\xf0\x10\xe6\x10\xe6\x14\xde\x14\xde\xb1\xd9\xb1\
\xd9\xdb\xd8\xdb\xd8\xe2\xda\xe2\xdap\xdep\xde\xb8\xe3\xb8\
\xe3\xae\xec\xae\xec\x94\xfa\x94\xfa\x82\x0a\x82\x0a\xf0\x15\xf0\
\x15_\x19_\x19\x00\x17\x00\x17\xf2\x12\xf2\x12j\x10j\
\x10G\x10G\x10\x18\x10\x18\x10\xfa\x0c\xfa\x0c\xf3\x06\xf3\
\x06\xc2\xff\xc2\xff`\xfa`\xfa\x8c\xf9\x8c\xf9\xe4\xfb\xe4\
\xfb8\xfe8\xfe\xa0\x00\xa0\x00\x81\x05\x81\x05\x9a\x0b\x9a\
\x0b*\x0c*\x0c\xda\x03\xda\x03\x15\xfa\x15\xfa(\xf9(\
\xf9\x8f\x00\x8f\x001\x061\x06\x8a\x04\x8a\x04\x9d\xfe\x9d\
\xfe_\xf8_\xf8\xc1\xf2\xc1\xf2\xb1\xee\xb1\xeeL\xefL\
\xefa\xf4a\xf4f\xf7f\xf7`\xf4`\xf4[\xf0[\
\xf0\xea\xf1\xea\xf1\xe8\xf7\xe8\xf7i\xfci\xfc\x87\xfc\x87\
\xfc9\xfa9\xfa\xc7\xf8\xc7\xf8\x80\xf8\x80\xf8\xeb\xf8\xeb\
\xf8\xd6\xfc\xd6\xfc\x86\x06\x86\x06`\x12`\x12\xa0\x19\xa0\
\x19)\x1a)\x1aB\x18B\x18\x0e\x18\x0e\x18P\x19P\
\x19-\x1a-\x1a\x8e\x19\x8e\x19\xef\x14\xef\x14\xcc\x0a\xcc\
\x0a=\x00=\x00\xe9\xfa\xe9\xfa\x01\xf8\x01\xf8\xb4\xf1\xb4\
\xf1\xd1\xe8\xd1\xe82\xe22\xe2\xb8\xdf\xb8\xdf\x00\xe0\x00\
\xe0U\xe0U\xe0=\xe0=\xe0\xcf\xe3\xcf\xe3P\xeeP\
\xeeg\xfdg\xfd\xff\x0a\xff\x0ah\x12h\x12\xab\x13\xab\
\x13\xb3\x11\xb3\x11\xd4\x0f\xd4\x0f\xf2\x0f\xf2\x0f\x98\x10\x98\
\x10\xbc\x0e\xbc\x0eX\x09X\x09\xde\x02\xde\x02l\xfel\
\xfe\x08\xfd\x08\xfdr\xfer\xfe\x0c\x01\x0c\x01\xe2\x02\xe2\
\x02\xdf\x04\xdf\x044\x084\x08\xf0\x08\xf0\x08\xc8\x02\xc8\
\x020\xf90\xf9%\xf4%\xf4\xb0\xf7\xb0\xf7\x97\xff\x97\
\xff]\x03]\x03\xbd\x00\xbd\x00\x87\xfc\x87\xfco\xf9o\
\xf9\x86\xf6\x86\xf6\xdb\xf4\xdb\xf4\x89\xf6\x89\xf6\x04\xf9\x04\
\xf9\xff\xf7\xff\xf7\xc0\xf4\xc0\xf4\x0b\xf4\x0b\xf4\xe4\xf6\xe4\
\xf6\xd5\xf9\xd5\xf9\xdc\xfa\xdc\xfa\x09\xfb\x09\xfb\xa6\xfa\xa6\
\xfa\xe3\xf8\xe3\xf8[\xf6[\xf6\x07\xf6\x07\xf6\x83\xfb\x83\
\xfb6\x076\x07\xd9\x13\xd9\x13D\x1aD\x1a\xb8\x19\xb8\
\x19w\x17w\x17.\x17.\x17\xfa\x18\xfa\x18n\x1an\
\x1a\xf6\x17\xf6\x17U\x10U\x10\x00\x07\x00\x07\xcd\x00\xcd\
\x00O\xfcO\xfc$\xf4$\xf4\xb8\xe9\xb8\xe9,\xe3,\
\xe32\xe12\xe1V\xe0V\xe0\x94\xdf\x94\xdfU\xe0U\
\xe0\x02\xe4\x02\xe4-\xeb-\xeb\xea\xf5\xea\xf5F\x03F\
\x03\xc5\x0e\xc5\x0e\xee\x13\xee\x13\xc0\x13\xc0\x13\x0f\x12\x0f\
\x12\xde\x11\xde\x11.\x13.\x13H\x12H\x12\xc1\x0c\xc1\
\x0c\xd9\x04\xd9\x04\x95\xfe\x95\xfed\xfcd\xfc\xdd\xfd\xdd\
\xfdF\x00F\x00\x94\x01\x94\x01\x10\x03\x10\x03a\x06a\
\x06\x0c\x09\x0c\x09\xe6\x05\xe6\x05\xa3\xfc\xa3\xfc\x14\xf5\x14\
\xf5\xb6\xf5\xb6\xf5\x0f\xfc\x0f\xfc\xf9\x00\xf9\x00\xd5\xff\xd5\
\xff\xba\xfa\xba\xfa\x84\xf6\x84\xf6\xdb\xf3\xdb\xf3\xce\xf1\xce\
\xf1f\xf2f\xf2Y\xf6Y\xf6\xac\xf9\xac\xf9\x98\xf9\x98\
\xf9\xa0\xf8\xa0\xf8\x97\xf9\x97\xf9\xfb\xfb\xfb\xfb\x9d\xfe\x9d\
\xfe\x00\x01\x00\x01\x07\x01\x07\x01 \xfd \xfd\xaf\xf8\xaf\
\xf8\x9d\xf8\x9d\xf8v\xfev\xfen\x08n\x08\xf8\x11\xf8\
\x11\xf1\x15\xf1\x15\xc0\x13\xc0\x13\xa5\x10\xa5\x10\xf7\x10\xf7\
\x10\xcf\x13\xcf\x13\xb2\x16\xb2\x16\xb8\x16\xb8\x16\xa1\x10\xa1\
\x10\x10\x06\x10\x06\xd5\xfd\xd5\xfd)\xfa)\xfa\x9f\xf5\x9f\
\xf5\xd6\xed\xd6\xed\xf5\xe6\xf5\xe6\xf3\xe2\xf3\xe2\xe8\xdf\xe8\
\xdf\xdd\xdd\xdd\xdd\x19\xdf\x19\xdf5\xe45\xe4\x19\xed\x19\
\xedJ\xfaJ\xfa\x84\x08\x84\x08%\x12%\x12\x8e\x15\x8e\
\x15\xb8\x14\xb8\x14y\x12y\x12n\x11n\x11\xf0\x11\xf0\
\x11\x9a\x11\x9a\x11<\x0e<\x0e\x0c\x08\x0c\x08%\x01%\
\x01Z\xfcZ\xfc\x08\xfb\x08\xfbO\xfcO\xfc-\xff-\
\xff\x17\x03\x17\x03\xe6\x05\xe6\x055\x045\x04$\xfe$\
\xfe\x80\xf8\x80\xf8\x5c\xf7\x5c\xf7@\xfa@\xfac\xfdc\
\xfd\x1a\xfe\x1a\xfe\xc3\xfc\xc3\xfc0\xfa0\xfa\xc0\xf6\xc0\
\xf6\x1a\xf3\x1a\xf3\xff\xf0\xff\xf0\xfd\xf2\xfd\xf2\xfc\xf7\xfc\
\xf7\xa0\xfa\xa0\xfay\xf9y\xf9\xda\xf9\xda\xf9\xd4\xfd\xd4\
\xfd\xc3\x00\xc3\x00\x01\x01\x01\x01\xdf\x00\xdf\x00\xa6\xff\xa6\
\xff\xec\xfb\xec\xfb\xe3\xf8\xe3\xf8\x8e\xfb\x8e\xfbU\x04U\
\x04u\x0eu\x0e\xf5\x14\xf5\x14\xc3\x16\xc3\x16\xea\x15\xea\
\x15\x06\x14\x06\x14;\x12;\x12\x98\x11\x98\x11S\x10S\
\x10\xd6\x0b\xd6\x0b\x10\x05\x10\x05\x82\xfe\x82\xfe\xf1\xf8\xf1\
\xf8\xec\xf3\xec\xf3\xdf\xee\xdf\xee\xe4\xe9\xe4\xe9:\xe6:\
\xe6+\xe4+\xe4\x18\xe3\x18\xe3\xa7\xe3\xa7\xe36\xe76\
\xe7$\xef$\xef\x13\xfb\x13\xfb&\x07&\x07v\x0fv\
\x0f\x0f\x13\x0f\x13\xe8\x12\xe8\x12\xf1\x10\xf1\x10\x7f\x0f\x7f\
\x0f\xfc\x0e\xfc\x0eA\x0dA\x0dl\x09l\x09U\x05U\
\x05n\x02n\x02v\x00v\x009\xff9\xff\x17\xff\x17\
\xff\x8d\xff\x8d\xff\xe2\x00\xe2\x00Z\x04Z\x04\xec\x06\xec\
\x06\xdb\x03\xdb\x03\xae\xfc\xae\xfc:\xf7:\xf7\xd2\xf6\xd2\
\xf6\x8c\xfa\x8c\xfa\x00\xff\x00\xff}\x00}\x00\xa2\xfd\xa2\
\xfda\xf8a\xf8\xde\xf3\xde\xf3H\xf2H\xf2\xe8\xf3\xe8\
\xf3\xb2\xf6\xb2\xf6\xa2\xf7\xa2\xf7U\xf6U\xf6\x1f\xf6\x1f\
\xf6C\xf9C\xf9\x22\xfd\x22\xfd\xfd\xfd\xfd\xfd\xfa\xfc\xfa\
\xfcb\xfdb\xfd\x00\xfe\x00\xfe\xcf\xfd\xcf\xfd\xd1\x00\xd1\
\x00\xa8\x08\xa8\x08F\x11F\x11\x99\x16\x99\x16\x90\x17\x90\
\x17\xc4\x15\xc4\x15\xd2\x13\xd2\x13\xbd\x12\xbd\x12\xb4\x11\xb4\
\x11\xf6\x0f\xf6\x0fn\x0cn\x0c\xdc\x05\xdc\x05T\xfdT\
\xfd3\xf53\xf5\xdb\xee\xdb\xee}\xea}\xea\x9f\xe7\x9f\
\xe7\xd7\xe5\xd7\xe5\xd7\xe4\xd7\xe4\xef\xe4\xef\xe4\xd0\xe6\xd0\
\xe6|\xea|\xea\xfa\xf0\xfa\xf0\xe0\xfb\xe0\xfb\xbd\x08\xbd\
\x08\x22\x11\x22\x11!\x12!\x12(\x10(\x10\xdc\x0f\xdc\
\x0fe\x10e\x10\xae\x0f\xae\x0f\xc5\x0d\xc5\x0dP\x0aP\
\x0a\x08\x05\x08\x05\xda\x00\xda\x00\xfa\xff\xfa\xff\xaa\xff\xaa\
\xff\xf7\xfd\xf7\xfd+\xfe+\xfe\x06\x02\x06\x02f\x05f\
\x05\xbb\x04\xbb\x04=\x00=\x00\xc6\xf9\xc6\xf9\xc9\xf5\xc9\
\xf5\xe8\xf7\xe8\xf7v\xfdv\xfd\xe3\x00\xe3\x00\xe0\xff\xe0\
\xffi\xfci\xfc\x1b\xf9\x1b\xf9\xd0\xf6\xd0\xf6L\xf6L\
\xf6\x9e\xf7\x9e\xf7\x92\xf8\x92\xf8\xa8\xf7\xa8\xf7I\xf6I\
\xf6Q\xf6Q\xf6\xc9\xf7\xc9\xf7v\xf9v\xf9\x22\xfa\x22\
\xfa\x12\xfa\x12\xfa\x8c\xfa\x8c\xfa8\xfc8\xfc\xaa\xff\xaa\
\xff\x1d\x05\x1d\x05]\x0b]\x0b\x82\x10\x82\x10E\x13E\
\x13\x22\x14\x22\x14q\x14q\x14\xac\x14\xac\x14\xc9\x14\xc9\
\x14\x01\x14\x01\x14N\x10N\x10>\x09>\x09\x00\x02\x00\
\x02:\xfd:\xfdv\xf9v\xf9\x09\xf4\x09\xf4\xac\xec\xac\
\xec\x12\xe6\x12\xe6\x9c\xe3\x9c\xe3}\xe5}\xe5\x10\xe8\x10\
\xe8\xe7\xe8\xe7\xe8\xc3\xea\xc3\xeaZ\xf1Z\xf1\xdb\xfb\xdb\
\xfb\xf6\x05\xf6\x05\xd8\x0b\xd8\x0b\xf6\x0d\xf6\x0d\xce\x0f\xce\
\x0fv\x12v\x12\xed\x13\xed\x13`\x12`\x12\xd4\x0d\xd4\
\x0d\xaa\x07\xaa\x07\xd9\x01\xd9\x01\x96\xfe\x96\xfe\x86\xfe\x86\
\xfe\x04\x00\x04\x00o\x01o\x01\xd8\x02\xd8\x02?\x04?\
\x04\xae\x03\xae\x03.\x00.\x00\xc2\xfc\xc2\xfcR\xfcR\
\xfcq\xfdq\xfd\xb2\xfd\xb2\xfd|\xfd|\xfd,\xfd,\
\xfd`\xfb`\xfbW\xf8W\xf8j\xf6j\xf6Q\xf6Q\
\xf6\x10\xf6\x10\xf6\xae\xf4\xae\xf4E\xf4E\xf4\x89\xf6\x89\
\xf63\xfa3\xfa\x04\xfd\x04\xfdB\xfeB\xfe4\xfe4\
\xfeK\xfdK\xfdQ\xfcQ\xfc\xf7\xfb\xf7\xfb@\xfd@\
\xfdR\x01R\x01[\x07[\x07\xc6\x0c\xc6\x0c:\x0f:\
\x0f\xd2\x0e\xd2\x0ec\x0ec\x0e\xdc\x0f\xdc\x0fK\x12K\
\x12Y\x13Y\x13O\x11O\x11\xa1\x0c\xa1\x0cY\x07Y\
\x07\x8b\x02\x8b\x02t\xfdt\xfd%\xf7%\xf7\x08\xf0\x08\
\xf0\x17\xea\x17\xeaS\xe7S\xe7\xff\xe6\xff\xe6f\xe7f\
\xe7W\xe9W\xe9\xf7\xed\xf7\xed\xb9\xf4\xb9\xf4\xf8\xfc\xf8\
\xfcv\x05v\x05\xc9\x0a\xc9\x0a\xe1\x0a\xe1\x0aW\x09W\
\x09\xfe\x0a\xfe\x0aX\x0eX\x0el\x0el\x0e\xcf\x0a\xcf\
\x0a\x97\x06\x97\x06\x9c\x03\x9c\x03\xce\x02\xce\x02\xba\x03\xba\
\x03\xac\x03\xac\x03\x96\x01\x96\x01Q\x00Q\x00{\x02{\
\x02\x1d\x05\x1d\x05\x16\x03\x16\x03\xc0\xfd\xc0\xfd\xeb\xfa\xeb\
\xfa2\xfc2\xfc\x80\xfe\x80\xfe\xf7\xfe\xf7\xfe\xdb\xfc\xdb\
\xfc1\xf91\xf9\xcc\xf5\xcc\xf5\xb9\xf3\xb9\xf3\x9e\xf3\x9e\
\xf3\xc2\xf5\xc2\xf5\x5c\xf8\x5c\xf8\xd4\xf9\xd4\xf9C\xfbC\
\xfb\xc1\xfd\xc1\xfd\x82\x00\x82\x00\x04\x02\x04\x02Q\x01Q\
\x01\xa1\xfe\xa1\xfei\xfbi\xfb\x02\xfa\x02\xfa\x22\xfc\x22\
\xfc\xbf\x00\xbf\x00\x0a\x05\x0a\x05j\x08j\x082\x0c2\
\x0cj\x0fj\x0f\x8f\x0f\x8f\x0f\x0b\x0d\x0b\x0d\x0a\x0b\x0a\
\x0bE\x0bE\x0b\x01\x0c\x01\x0cq\x0aq\x0aF\x06F\
\x06t\x01t\x01\x86\xfc\x86\xfc\x8e\xf6\x8e\xf6<\xf0<\
\xf0\x8a\xeb\x8a\xeb\xa8\xe9\xa8\xe9\xeb\xe9\xeb\xe9\xe1\xea\xe1\
\xea\xa8\xed\xa8\xedY\xf4Y\xf41\xfd1\xfd\x98\x04\x98\
\x04=\x0a=\x0aB\x0fB\x0f\xe3\x11\xe3\x11=\x10=\
\x10\x1f\x0c\x1f\x0c\x0c\x08\x0c\x08\x22\x04\x22\x04\xde\xff\xde\
\xff\xd3\xfc\xd3\xfc\x22\xfd\x22\xfdl\xffl\xff!\x00!\
\x00\xfc\xfe\xfc\xfe\xf5\xfe\xf5\xfe<\x01<\x01\xbd\x03\xbd\
\x03\xe0\x03\xe0\x036\x016\x01\x98\xfe\x98\xfe\x12\xff\x12\
\xff\xb5\x01\xb5\x01e\x03e\x03\x8c\x02\x8c\x022\xff2\
\xffs\xfas\xfa\xf6\xf5\xf6\xf5\xf9\xf2\xf9\xf2\xc5\xf2\xc5\
\xf2\xd6\xf5\xd6\xf5\x8d\xf9\x8d\xf9\x00\xfb\x00\xfb<\xfb<\
\xfb\xe0\xfc\xe0\xfcy\xffy\xffq\x00q\x00V\xffV\
\xff\xb9\xfd\xb9\xfd\xc2\xfc\xc2\xfc\xf0\xfd\xf0\xfd%\x02%\
\x02\xbf\x07\xbf\x07Q\x0cQ\x0cH\x0eH\x0e\x95\x0d\x95\
\x0d\xd5\x0b\xd5\x0b\xa1\x0a\xa1\x0a\xa1\x0a\xa1\x0a\x0c\x0b\x0c\
\x0bM\x09M\x09\x07\x04\x07\x046\xfe6\xfeJ\xfbJ\
\xfb\xf4\xf9\xf4\xf9\xf3\xf6\xf3\xf6?\xf2?\xf2|\xee|\
\xee]\xed]\xed\xf4\xed\xf4\xed!\xef!\xef'\xf2'\
\xf2\xec\xf7\xec\xf7X\xfeX\xfe\xb6\x03\xb6\x03\xb8\x08\xb8\
\x08%\x0d%\x0d9\x0f9\x0fT\x0eT\x0e\xa5\x0b\xa5\
\x0b+\x09+\x09\xf1\x07\xf1\x07\xc5\x06\xc5\x06\xe9\x03\xe9\
\x03\x18\x00\x18\x00\x8c\xfd\x8c\xfd\xad\xfc\xad\xfc\xc1\xfc\xc1\
\xfc\xfa\xfd\xfa\xfd\x11\x00\x11\x005\x015\x01\xf1\xff\xf1\
\xffK\xfdK\xfd\x9c\xfb\x9c\xfb\x06\xfc\x06\xfc\x07\xfe\x07\
\xfeE\x00E\x00\xf0\x00\xf0\x00q\xfeq\xfe\xf8\xf9\xf8\
\xf9\xbb\xf7\xbb\xf7r\xf9r\xf9\xdb\xfb\xdb\xfb\xf4\xfb\xf4\
\xfb\x9d\xfa\x9d\xfa\x19\xfa\x19\xfa\xcc\xfa\xcc\xfa\xf9\xfb\xf9\
\xfb\x8f\xfd\x8f\xfd\x1c\xff\x1c\xff>\xff>\xff\x9d\xfd\x9d\
\xfd\x8c\xfc\x8c\xfcI\xffI\xff|\x05|\x05\xfa\x0a\xfa\
\x0aO\x0dO\x0dI\x0dI\x0d\x0b\x0c\x0b\x0c\xc5\x0a\xc5\
\x0aO\x0aO\x0a$\x0a$\x0a\x90\x09\x90\x09\xf2\x07\xf2\
\x07\xbe\x04\xbe\x04M\x00M\x00E\xfbE\xfba\xf6a\
\xf6\x87\xf2\x87\xf2\xc2\xef\xc2\xef\x97\xed\x97\xedt\xect\
\xec{\xed{\xed\xa1\xf0\xa1\xf0\xe6\xf4\xe6\xf4Z\xfaZ\
\xfa\x0c\x01\x0c\x01\xf0\x06\xf0\x06\xb5\x09\xb5\x09\x95\x09\x95\
\x09\xba\x08\xba\x081\x091\x09\x08\x0b\x08\x0b\x8d\x0b\x8d\
\x0b\xb4\x08\xb4\x08K\x04K\x04~\x01~\x01M\x01M\
\x01\x18\x02\x18\x02\xc2\x01\xc2\x01\xcb\x00\xcb\x00\x0a\x01\x0a\
\x01\xc7\x01\xc7\x01C\x01C\x01\xf2\xff\xf2\xff\xe0\xfe\xe0\
\xfe(\xfe(\xfe\xcd\xfd\xcd\xfd\x8b\xfd\x8b\xfd\xf4\xfc\xf4\
\xfc0\xfc0\xfc\x11\xfb\x11\xfb\xec\xf8\xec\xf8\x86\xf6\x86\
\xf6\xcb\xf5\xcb\xf5\xf2\xf6\xf2\xf6g\xf8g\xf8G\xf9G\
\xf9O\xfaO\xfaf\xfcf\xfc\x0d\xff\x0d\xff\x12\x01\x12\
\x01\xc8\x01\xc8\x01\xe3\x00\xe3\x00`\xff`\xff\xac\xff\xac\
\xff\xdf\x02\xdf\x025\x075\x07G\x0aG\x0a\xb2\x0b\xb2\
\x0bE\x0cE\x0c\xf7\x0b\xf7\x0b\xab\x0a\xab\x0a;\x09;\
\x09~\x08~\x08i\x08i\x08\x82\x07\x82\x07\xec\x03\xec\
\x03j\xfej\xfe\x8b\xf9\x8b\xf9\xc0\xf5\xc0\xf5K\xf2K\
\xf2Q\xf0Q\xf0\xa3\xf0\xa3\xf0a\xf1a\xf1\x1d\xf1\x1d\
\xf1\x94\xf1\x94\xf1\x0c\xf5\x0c\xf5\xd8\xfa\xd8\xfal\x00l\
\x00\xda\x04\xda\x04\x80\x08\x80\x08T\x0aT\x0a\x5c\x09\x5c\
\x09Q\x07Q\x07o\x06o\x06}\x06}\x06\xc2\x05\xc2\
\x05\x8d\x03\x8d\x03\x1c\x01\x1c\x01\x14\x00\x14\x00\xcd\x00\xcd\
\x00J\x02J\x02\x5c\x03\x5c\x03e\x03e\x03R\x02R\
\x02\xaa\x00\xaa\x00\x81\xff\x81\xff\xc6\xff\xc6\xffg\x01g\
\x01\xd4\x02\xd4\x02 \x02 \x02\x0a\xff\x0a\xff\x17\xfb\x17\
\xfb\x08\xf8\x08\xf8\xc9\xf6\xc9\xf6\xfd\xf6\xfd\xf66\xf76\
\xf7\x8f\xf6\x8f\xf6\x16\xf6\x16\xf6K\xf7K\xf7\xed\xf9\xed\
\xf9\xa9\xfc\xa9\xfcR\xfeR\xfeC\xfeC\xfez\xfdz\
\xfd<\xfe<\xfe[\x01[\x01J\x05J\x05G\x08G\
\x08d\x0ad\x0a9\x0c9\x0c\xfc\x0c\xfc\x0c\x00\x0c\x00\
\x0c>\x0a>\x0a\xb9\x08\xb9\x08]\x07]\x07\xb7\x05\xb7\
\x05\xad\x03\xad\x03\x8e\x01\x8e\x01e\xffe\xff\x81\xfc\x81\
\xfc\xd5\xf8\xd5\xf8\x0e\xf6\x0e\xf6\x1e\xf5\x1e\xf5f\xf4f\
\xf4\x96\xf2\x96\xf29\xf19\xf1\xc1\xf2\xc1\xf2h\xf7h\
\xf7@\xfd@\xfdO\x02O\x02l\x05l\x05n\x06n\
\x06\x9d\x06\x9d\x06'\x07'\x07x\x07x\x07\x85\x06\x85\
\x06R\x04R\x04\xe4\x01\xe4\x01~\x00~\x00\x9f\x00\x9f\
\x00\x9c\x01\x9c\x01c\x02c\x02\x97\x02\x97\x02|\x02|\
\x02\xef\x01\xef\x01\xb4\x00\xb4\x00C\xffC\xffW\xfeW\
\xfeM\xfeM\xfe\xd0\xfe\xd0\xfe\x17\xff\x17\xff\xce\xfe\xce\
\xfeC\xfeC\xfe\x85\xfd\x85\xfd*\xfc*\xfcL\xfaL\
\xfa\x1a\xf9\x1a\xf9\xa2\xf9\xa2\xf9\x5c\xfb\x5c\xfb\x96\xfc\x96\
\xfc\xc0\xfc\xc0\xfcB\xfdB\xfd\xa1\xfe\xa1\xfeX\xffX\
\xff\xdd\xfe\xdd\xfe\x8f\xfe\x8f\xfeZ\xffZ\xff\xab\x00\xab\
\x00\xe8\x01\xe8\x01\xb9\x03\xb9\x03`\x06`\x06A\x08A\
\x08\xad\x08\xad\x089\x099\x09E\x0aE\x0a'\x0a'\
\x0aP\x08P\x08\xc1\x05\xc1\x05:\x03:\x03\xc8\x00\xc8\
\x00\xda\xfd\xda\xfd\x1b\xfa\x1b\xfa\x9e\xf6\x9e\xf6u\xf4u\
\xf49\xf39\xf3W\xf2W\xf2K\xf2K\xf2\x09\xf4\x09\
\xf4\xa4\xf7\xa4\xf7:\xfc:\xfc\x0d\x01\x0d\x019\x059\
\x05\xbc\x07\xbc\x07\xb9\x08\xb9\x08\xe9\x08\xe9\x08\x86\x08\x86\
\x08\x9f\x07\x9f\x07j\x06j\x06.\x05.\x05\xb4\x03\xb4\
\x03\x95\x01\x95\x01z\xffz\xff\xaa\xfe\xaa\xfe\x82\xff\x82\
\xffY\x01Y\x01\xcc\x02\xcc\x02c\x02c\x02\x1b\x00\x1b\
\x00\x80\xfd\x80\xfd\xe4\xfb\xe4\xfb\xaa\xfb\xaa\xfb\xd5\xfc\xd5\
\xfcY\xfeY\xfeI\xfeI\xfeL\xfcL\xfc\x13\xfa\x13\
\xfaU\xf9U\xf9`\xfa`\xfa\xa4\xfb\xa4\xfb\x8b\xfb\x8b\
\xfb\xd1\xfa\xd1\xfa%\xfb%\xfb\xfa\xfc\xfa\xfc\x85\xff\x85\
\xffm\x01m\x01\xf2\x01\xf2\x01\x96\x01\x96\x01\x18\x01\x18\
\x01\xe4\x00\xe4\x00\xb9\x01\xb9\x01F\x04F\x04\x9c\x07\x9c\
\x07\xb2\x09\xb2\x09\xe5\x09\xe5\x09j\x09j\x09J\x09J\
\x09V\x09V\x09\xac\x08\xac\x08\x8f\x06\x8f\x060\x030\
\x03u\xffu\xff\xd3\xfb\xd3\xfbr\xf8r\xf8\x88\xf5\x88\
\xf5g\xf3g\xf3\x9b\xf2\x9b\xf2\xe4\xf2\xe4\xf2-\xf3-\
\xf3\xb9\xf3\xb9\xf3\x17\xf6\x17\xf6\xa6\xfa\xa6\xfa\xfa\xff\xfa\
\xffx\x04x\x04|\x07|\x07\x1f\x09\x1f\x09\x7f\x09\x7f\
\x09\xf2\x08\xf2\x08B\x08B\x08\xa4\x07\xa4\x072\x062\
\x06n\x03n\x03\xc1\x00\xc1\x00\xec\xff\xec\xff\x89\x00\x89\
\x00\x16\x01\x16\x01d\x01d\x01\xe7\x01\xe7\x010\x020\
\x02l\x01l\x01\xb4\xff\xb4\xff\x1c\xfe\x1c\xfe_\xfd_\
\xfdC\xfdC\xfd3\xfd3\xfd\xb7\xfc\xb7\xfc\x8c\xfb\x8c\
\xfb\x1c\xfa\x1c\xfau\xf9u\xf9\xd6\xf9\xd6\xf9P\xfaP\
\xfaj\xfaj\xfa\xda\xfa\xda\xfa(\xfc(\xfc\xd6\xfd\xd6\
\xfd\xfa\xfe\xfa\xfe\x09\xff\x09\xff|\xfe|\xfeU\xfeU\
\xfe\xa0\xfe\xa0\xfe\x22\xff\x22\xff\xa2\x00\xa2\x00\x92\x03\x92\
\x03\xdf\x06\xdf\x06I\x09I\x09\xae\x0a\xae\x0a\x7f\x0b\x7f\
\x0b\xab\x0b\xab\x0b\xc5\x0a\xc5\x0a\xed\x08\xed\x08\xfa\x06\xfa\
\x06;\x05;\x05\xbb\x02\xbb\x02\xf4\xfe\xf4\xfe\xbc\xfa\xbc\
\xfa\xfe\xf6\xfe\xf6#\xf4#\xf4e\xf2e\xf2\xb5\xf1\xb5\
\xf1\xfa\xf1\xfa\xf1H\xf3H\xf3\xb1\xf5\xb1\xf5d\xf9d\
\xf9;\xfe;\xfe&\x03&\x03\xe0\x06\xe0\x06\xa7\x08\xa7\
\x08\x90\x08\x90\x08\x9e\x07\x9e\x07\xdd\x06\xdd\x06(\x06(\
\x06\x82\x04\x82\x04\xea\x01\xea\x01\xdd\xff\xdd\xffP\xffP\
\xff\xd9\xff\xd9\xff\xf9\x00\xf9\x00c\x02c\x02}\x03}\
\x03\x8c\x03\x8c\x03Y\x02Y\x02\x85\x00\x85\x009\xff9\
\xff\xef\xfe\xef\xfe\xed\xfe\xed\xfe\x5c\xfe\x5c\xfe\x22\xfd\x22\
\xfd\xc8\xfb\xc8\xfb\x00\xfb\x00\xfb\xc2\xfa\xc2\xfay\xfay\
\xfa\x17\xfa\x17\xfa(\xfa(\xfa\xf0\xfa\xf0\xfa/\xfc/\
\xfc\xaf\xfd\xaf\xfdW\xffW\xff\x95\x00\x95\x00\x80\x00\x80\
\x00\x1c\xff\x1c\xff\xe6\xfd\xe6\xfdL\xfeL\xfe-\x00-\
\x00\x8d\x02\x8d\x02\xe5\x04\xe5\x04\xcf\x06\xcf\x06\xc4\x07\xc4\
\x07\x0a\x08\x0a\x08b\x08b\x08\xcf\x08\xcf\x08\xa2\x08\xa2\
\x08E\x07E\x07\xd8\x04\xd8\x04\xec\x01\xec\x01\xb0\xfe\xb0\
\xfe!\xfb!\xfb\xb7\xf7\xb7\xf7S\xf5S\xf5U\xf4U\
\xf4<\xf4<\xf4\x88\xf4\x88\xf4\xb7\xf5\xb7\xf5\xad\xf8\xad\
\xf8+\xfd+\xfd\xa2\x01\xa2\x01\xd6\x04\xd6\x04\xa8\x06\xa8\
\x06~\x07~\x07\xad\x07\xad\x07K\x07K\x07F\x06F\
\x06\xa3\x04\xa3\x04\x98\x02\x98\x02\x9d\x00\x9d\x00;\xff;\
\xff\x9b\xfe\x9b\xfe\xa9\xfe\xa9\xfet\xfft\xff\xb4\x00\xb4\
\x00\x9f\x01\x9f\x01\xb0\x01\xb0\x01\x00\x01\x00\x01\x0f\x00\x0f\
\x00i\xffi\xff,\xff,\xff\xff\xfe\xff\xfe\x8c\xfe\x8c\
\xfe\x9f\xfd\x9f\xfd\x1b\xfc\x1b\xfc\x9a\xfa\x9a\xfa8\xfa8\
\xfa\x0b\xfb\x0b\xfb\x0c\xfc\x0c\xfc\x99\xfc\x99\xfc\x12\xfd\x12\
\xfd\xf5\xfd\xf5\xfd&\xff&\xff/\x00/\x00\x9d\x00\x9d\
\x00\x1d\x00\x1d\x00\x1f\xff\x1f\xff\xfc\xfe\xfc\xfeq\x00q\
\x00\xb2\x02\xb2\x02\xad\x04\xad\x04\x13\x06\x13\x06\xf4\x06\xf4\
\x06`\x07`\x07\x84\x07\x84\x07z\x07z\x07\xdf\x06\xdf\
\x06R\x05R\x05%\x03%\x03\xba\x00\xba\x00)\xfe)\
\xfe\x84\xfb\x84\xfb\xe5\xf8\xe5\xf8\x90\xf6\x90\xf6\xf6\xf4\xf6\
\xf4S\xf4S\xf4\xb2\xf4\xb2\xf4\x12\xf6\x12\xf6l\xf8l\
\xf8\xab\xfb\xab\xfb\x8e\xff\x8e\xffl\x03l\x03f\x06f\
\x06\x17\x08\x17\x08\xa8\x08\xa8\x08Q\x08Q\x08G\x07G\
\x07\xc6\x05\xc6\x05\x0b\x04\x0b\x04f\x02f\x02*\x01*\
\x01\x80\x00\x80\x00Q\x00Q\x00g\x00g\x00\xa3\x00\xa3\
\x00\xe6\x00\xe6\x00\xd2\x00\xd2\x00\x1b\x00\x1b\x00\xfc\xfe\xfc\
\xfe\x1e\xfe\x1e\xfe\xcf\xfd\xcf\xfd\xad\xfd\xad\xfdT\xfdT\
\xfd\xb3\xfc\xb3\xfc\xc0\xfb\xc0\xfb\xc2\xfa\xc2\xfaU\xfaU\
\xfa\xad\xfa\xad\xfa\x80\xfb\x80\xfbt\xfct\xfcm\xfdm\
\xfdz\xfez\xfez\xffz\xff\x17\x00\x17\x00#\x00#\
\x00\xcc\xff\xcc\xff\x8c\xff\x8c\xff\xf4\xff\xf4\xffL\x01L\
\x01D\x03D\x03-\x05-\x05\x83\x06\x83\x06.\x07.\
\x07e\x07e\x07q\x07q\x07a\x07a\x07\x01\x07\x01\
\x07\x0f\x06\x0f\x06a\x04a\x04\xe9\x01\xe9\x01\xe1\xfe\xe1\
\xfe\xbc\xfb\xbc\xfb\xe7\xf8\xe7\xf8\x9e\xf6\x9e\xf6\x04\xf5\x04\
\xf57\xf47\xf4@\xf4@\xf4Q\xf5Q\xf5\xb0\xf7\xb0\
\xf70\xfb0\xfb2\xff2\xff\xe3\x02\xe3\x02\x81\x05\x81\
\x05\xc8\x06\xc8\x06\xf9\x06\xf9\x06\x84\x06\x84\x06\xc9\x05\xc9\
\x05\xe9\x04\xe9\x04\xd7\x03\xd7\x03\x84\x02\x84\x02)\x01)\
\x01;\x00;\x00\x0e\x00\x0e\x00\x90\x00\x90\x00c\x01c\
\x01\x07\x02\x07\x02\x0d\x02\x0d\x02e\x01e\x01z\x00z\
\x00\xd0\xff\xd0\xff\x8f\xff\x8f\xffm\xffm\xff\xee\xfe\xee\
\xfe\xdc\xfd\xdc\xfd\x89\xfc\x89\xfci\xfbi\xfb\xad\xfa\xad\
\xfaT\xfaT\xfaW\xfaW\xfa\xbe\xfa\xbe\xfa\x91\xfb\x91\
\xfb\xa7\xfc\xa7\xfc\xd5\xfd\xd5\xfd\xcf\xfe\xcf\xfe7\xff7\
\xff4\xff4\xffO\xffO\xff\xea\xff\xea\xff>\x01>\
\x016\x036\x03\x5c\x05\x5c\x05\x11\x07\x11\x07\xf7\x07\xf7\
\x07&\x08&\x08\xe7\x07\xe7\x07d\x07d\x07\x98\x06\x98\
\x06^\x05^\x05\x93\x03\x93\x03=\x01=\x01\xa1\xfe\xa1\
\xfe\x0b\xfc\x0b\xfc\x9b\xf9\x9b\xf9\x80\xf7\x80\xf7\x09\xf6\x09\
\xf6r\xf5r\xf5\xd1\xf5\xd1\xf5\x1a\xf7\x1a\xf7J\xf9J\
\xf9b\xfcb\xfc\xef\xff\xef\xff\x1c\x03\x1c\x034\x054\
\x05\xfa\x05\xfa\x05\xca\x05\xca\x05<\x05<\x05\x91\x04\x91\
\x04\xbe\x03\xbe\x03\xac\x02\xac\x02\x89\x01\x89\x01\xb1\x00\xb1\
\x00f\x00f\x00\xa9\x00\xa9\x00-\x01-\x01\x8b\x01\x8b\
\x01\x82\x01\x82\x01\xe0\x00\xe0\x00\xcf\xff\xcf\xff\xdd\xfe\xdd\
\xfel\xfel\xfev\xfev\xfe\x94\xfe\x94\xfeK\xfeK\
\xfe\x84\xfd\x84\xfd\x9f\xfc\x9f\xfc\x14\xfc\x14\xfc\x15\xfc\x15\
\xfc\x8f\xfc\x8f\xfcK\xfdK\xfd\x00\xfe\x00\xfe\x8c\xfe\x8c\
\xfe\xfd\xfe\xfd\xfeR\xffR\xffq\xffq\xffH\xffH\
\xff\x01\xff\x01\xff\xf3\xfe\xf3\xfen\xffn\xff\x96\x00\x96\
\x00=\x02=\x02\xf6\x03\xf6\x03l\x05l\x05o\x06o\
\x06\xf0\x06\xf0\x06\x08\x07\x08\x07\xb1\x06\xb1\x06\xca\x05\xca\
\x05N\x04N\x04U\x02U\x02\x13\x00\x13\x00\xb0\xfd\xb0\
\xfdD\xfbD\xfb\x0b\xf9\x0b\xf9Z\xf7Z\xf7x\xf6x\
\xf6\x88\xf6\x88\xf6v\xf7v\xf7%\xf9%\xf9\x89\xfb\x89\
\xfb}\xfe}\xfe\x89\x01\x89\x01\x07\x04\x07\x04\x8d\x05\x8d\
\x05\x10\x06\x10\x06\xca\x05\xca\x05\x1a\x05\x1a\x05C\x04C\
\x04T\x03T\x03T\x02T\x02]\x01]\x01\xa6\x00\xa6\
\x00p\x00p\x00\xbf\x00\xbf\x00K\x01K\x01\xa6\x01\xa6\
\x01k\x01k\x01\x84\x00\x84\x00]\xff]\xff\x85\xfe\x85\
\xfe0\xfe0\xfe(\xfe(\xfe\xf0\xfd\xf0\xfd5\xfd5\
\xfd5\xfc5\xfcf\xfbf\xfb\x1b\xfb\x1b\xfbj\xfbj\
\xfb\x15\xfc\x15\xfc\xc7\xfc\xc7\xfcg\xfdg\xfd\x10\xfe\x10\
\xfe\xd3\xfe\xd3\xfe\x82\xff\x82\xff\xea\xff\xea\xff\x0a\x00\x0a\
\x00\x19\x00\x19\x00x\x00x\x00\x7f\x01\x7f\x01&\x03&\
\x03\xfb\x04\xfb\x04r\x06r\x06D\x07D\x07~\x07~\
\x07U\x07U\x07\xe4\x06\xe4\x06\x0b\x06\x0b\x06\x99\x04\x99\
\x04\x8d\x02\x8d\x02\x14\x00\x14\x00l\xfdl\xfd\xdc\xfa\xdc\
\xfa\xa4\xf8\xa4\xf8\x03\xf7\x03\xf7$\xf6$\xf6\x08\xf6\x08\
\xf6\x9d\xf6\x9d\xf6\xf5\xf7\xf5\xf7E\xfaE\xfap\xfdp\
\xfd\xd6\x00\xd6\x00\xa2\x03\xa2\x03P\x05P\x05\xfc\x05\xfc\
\x05\x0e\x06\x0e\x06\xc5\x05\xc5\x05,\x05,\x05$\x04$\
\x04\xb4\x02\xb4\x02L\x01L\x01`\x00`\x00\x1f\x00\x1f\
\x00v\x00v\x00\x15\x01\x15\x01\x95\x01\x95\x01\x9b\x01\x9b\
\x01\x0c\x01\x0c\x018\x008\x00\x8d\xff\x8d\xffL\xffL\
\xffJ\xffJ\xff\x15\xff\x15\xffp\xfep\xfe\x82\xfd\x82\
\xfd\x8e\xfc\x8e\xfc\xd2\xfb\xd2\xfbh\xfbh\xfbS\xfbS\
\xfb\x96\xfb\x96\xfb1\xfc1\xfc\x0c\xfd\x0c\xfd\xe2\xfd\xe2\
\xfdf\xfef\xfe\x91\xfe\x91\xfe\x96\xfe\x96\xfe\xcf\xfe\xcf\
\xfe\x9e\xff\x9e\xff\x07\x01\x07\x01\xbd\x02\xbd\x02n\x04n\
\x04\xb6\x05\xb6\x05^\x06^\x06\x9f\x06\x9f\x06\xba\x06\xba\
\x06\xa8\x06\xa8\x061\x061\x06\x1d\x05\x1d\x05r\x03r\
\x03d\x01d\x013\xff3\xff\x15\xfd\x15\xfd'\xfb'\
\xfb~\xf9~\xf9C\xf8C\xf8\xa1\xf7\xa1\xf7\xc2\xf7\xc2\
\xf7\xd1\xf8\xd1\xf8\xc1\xfa\xc1\xfaA\xfdA\xfd\xdb\xff\xdb\
\xff\x04\x02\x04\x02Z\x03Z\x03\xe4\x03\xe4\x03\xf8\x03\xf8\
\x03\xd2\x03\xd2\x03v\x03v\x03\xd6\x02\xd6\x02\x08\x02\x08\
\x02E\x01E\x01\xc7\x00\xc7\x00\xa8\x00\xa8\x00\xda\x00\xda\
\x00%\x01%\x01T\x01T\x01J\x01J\x01\xf3\x00\xf3\
\x00d\x00d\x00\xd9\xff\xd9\xff\x81\xff\x81\xffV\xffV\
\xff'\xff'\xff\xc5\xfe\xc5\xfe-\xfe-\xfe\x87\xfd\x87\
\xfd\x10\xfd\x10\xfd\xeb\xfc\xeb\xfc\x0f\xfd\x0f\xfd_\xfd_\
\xfd\xba\xfd\xba\xfd\x0b\xfe\x0b\xfeF\xfeF\xfec\xfec\
\xfep\xfep\xfex\xfex\xfe\x8d\xfe\x8d\xfe\xe6\xfe\xe6\
\xfe\xc9\xff\xc9\xff>\x01>\x01\xf1\x02\xf1\x02r\x04r\
\x04\x88\x05\x88\x05\x17\x06\x17\x06\x22\x06\x22\x06\xd9\x05\xd9\
\x05K\x05K\x05Z\x04Z\x04\xef\x02\xef\x02\x0e\x01\x0e\
\x01\xdc\xfe\xdc\xfe\xa2\xfc\xa2\xfc\x9e\xfa\x9e\xfa\x03\xf9\x03\
\xf9\x0c\xf8\x0c\xf8\xdd\xf7\xdd\xf7{\xf8{\xf8\xe5\xf9\xe5\
\xf9\x06\xfc\x06\xfc\x9a\xfe\x9a\xfe9\x019\x01v\x03v\
\x03\xf9\x04\xf9\x04\x9a\x05\x9a\x05n\x05n\x05\xc4\x04\xc4\
\x04\xd8\x03\xd8\x03\xcc\x02\xcc\x02\xc7\x01\xc7\x01\xe3\x00\xe3\
\x00'\x00'\x00\xb5\xff\xb5\xff\xab\xff\xab\xff\xf7\xff\xf7\
\xffL\x00L\x00N\x00N\x00\xe3\xff\xe3\xff@\xff@\
\xff\xc0\xfe\xc0\xfe\x9f\xfe\x9f\xfe\xb2\xfe\xb2\xfe\xa5\xfe\xa5\
\xfeJ\xfeJ\xfe\xc0\xfd\xc0\xfdP\xfdP\xfd3\xfd3\
\xfds\xfds\xfd\xf6\xfd\xf6\xfd\x80\xfe\x80\xfe\xf1\xfe\xf1\
\xfeK\xffK\xff\x8c\xff\x8c\xff\xae\xff\xae\xff\xa9\xff\xa9\
\xff\x7f\xff\x7f\xffd\xffd\xff\xa5\xff\xa5\xff{\x00{\
\x00\xd4\x01\xd4\x01B\x03B\x03K\x04K\x04\xc2\x04\xc2\
\x04\xcc\x04\xcc\x04\xa9\x04\xa9\x04u\x04u\x04\x0e\x04\x0e\
\x04C\x03C\x03\x02\x02\x02\x02Y\x00Y\x00m\xfem\
\xfe\x81\xfc\x81\xfc\xc2\xfa\xc2\xfaY\xf9Y\xf9~\xf8~\
\xf8c\xf8c\xf80\xf90\xf9\xdc\xfa\xdc\xfa\x1b\xfd\x1b\
\xfd\x86\xff\x86\xff\xad\x01\xad\x017\x037\x03\x0d\x04\x0d\
\x048\x048\x04\xea\x03\xea\x03d\x03d\x03\xb9\x02\xb9\
\x02\xf9\x01\xf9\x01J\x01J\x01\xd5\x00\xd5\x00\xaa\x00\xaa\
\x00\xb4\x00\xb4\x00\xdc\x00\xdc\x00\x0d\x01\x0d\x01&\x01&\
\x01\x1e\x01\x1e\x01\xf1\x00\xf1\x00\xa7\x00\xa7\x00`\x00`\
\x00\x0b\x00\x0b\x00w\xffw\xff\x93\xfe\x93\xfe}\xfd}\
\xfd~\xfc~\xfc\xe1\xfb\xe1\xfb\xb6\xfb\xb6\xfb\xee\xfb\xee\
\xfbl\xfcl\xfc\x13\xfd\x13\xfd\xcf\xfd\xcf\xfd\x8f\xfe\x8f\
\xfe?\xff?\xff\xc3\xff\xc3\xff\x10\x00\x10\x00M\x00M\
\x00\xbe\x00\xbe\x00\x90\x01\x90\x01\x9c\x02\x9c\x02\x90\x03\x90\
\x03.\x04.\x04z\x04z\x04\xa5\x04\xa5\x04\xb7\x04\xb7\
\x04\x8e\x04\x8e\x04\xfe\x03\xfe\x03\xf1\x02\xf1\x02\x8b\x01\x8b\
\x01\x01\x00\x01\x00{\xfe{\xfe\x10\xfd\x10\xfd\xc0\xfb\xc0\
\xfb\x9c\xfa\x9c\xfa\xda\xf9\xda\xf9\xa2\xf9\xa2\xf9\x0c\xfa\x0c\
\xfa'\xfb'\xfb\xe0\xfc\xe0\xfc\xf3\xfe\xf3\xfe\x00\x01\x00\
\x01\xa1\x02\xa1\x02\x9f\x03\x9f\x03\xf2\x03\xf2\x03\xc0\x03\xc0\
\x03D\x03D\x03\xa0\x02\xa0\x02\xe4\x01\xe4\x01%\x01%\
\x01\x7f\x00\x7f\x00\x09\x00\x09\x00\xdb\xff\xdb\xff\x03\x00\x03\
\x00[\x00[\x00\x9c\x00\x9c\x00\x96\x00\x96\x005\x005\
\x00\x9b\xff\x9b\xff\x1d\xff\x1d\xff\xed\xfe\xed\xfe\xff\xfe\xff\
\xfe#\xff#\xff\x0e\xff\x0e\xff\xac\xfe\xac\xfe/\xfe/\
\xfe\xd0\xfd\xd0\xfd\xb8\xfd\xb8\xfd\xf6\xfd\xf6\xfdd\xfed\
\xfe\xd7\xfe\xd7\xfe2\xff2\xfff\xfff\xfft\xfft\
\xffc\xffc\xffQ\xffQ\xffl\xffl\xff\xdf\xff\xdf\
\xff\xce\x00\xce\x00\x11\x02\x11\x02F\x03F\x03$\x04$\
\x04\x85\x04\x85\x04{\x04{\x04>\x04>\x04\xda\x03\xda\
\x039\x039\x03E\x02E\x02\xf6\x00\xf6\x00[\xff[\
\xff\x99\xfd\x99\xfd\xe9\xfb\xe9\xfb\x8b\xfa\x8b\xfa\xaa\xf9\xaa\
\xf9\x5c\xf9\x5c\xf9\xab\xf9\xab\xf9\xa6\xfa\xa6\xfaV\xfcV\
\xfc\x8b\xfe\x8b\xfe\xde\x00\xde\x00\xec\x02\xec\x02G\x04G\
\x04\xb7\x04\xb7\x04u\x04u\x04\xd4\x03\xd4\x03%\x03%\
\x03\x8c\x02\x8c\x02\xee\x01\xee\x01;\x01;\x01\x86\x00\x86\
\x00\x09\x00\x09\x00\xf4\xff\xf4\xff(\x00(\x00h\x00h\
\x00v\x00v\x00\x1c\x00\x1c\x00p\xffp\xff\xc7\xfe\xc7\
\xfeb\xfeb\xfeI\xfeI\xfeV\xfeV\xfeG\xfeG\
\xfe\x03\xfe\x03\xfe\x9e\xfd\x9e\xfdD\xfdD\xfd8\xfd8\
\xfd\x8d\xfd\x8d\xfd$\xfe$\xfe\xc7\xfe\xc7\xfe8\xff8\
\xffX\xffX\xffC\xffC\xff:\xff:\xffq\xffq\
\xff\xf7\xff\xf7\xff\xb9\x00\xb9\x00\x97\x01\x97\x01\x89\x02\x89\
\x02\x8c\x03\x8c\x03\x85\x04\x85\x04F\x05F\x05\xa0\x05\xa0\
\x05\x85\x05\x85\x05\xf5\x04\xf5\x04\xfc\x03\xfc\x03\xb3\x02\xb3\
\x02!\x01!\x01P\xffP\xffU\xfdU\xfd\x5c\xfb\x5c\
\xfb\xbc\xf9\xbc\xf9\xba\xf8\xba\xf8z\xf8z\xf8\x01\xf9\x01\
\xf9#\xfa#\xfa\xb4\xfb\xb4\xfb\x9f\xfd\x9f\xfd\xbe\xff\xbe\
\xff\xc2\x01\xc2\x01Y\x03Y\x03J\x04J\x04\x89\x04\x89\
\x04?\x04?\x04\xaf\x03\xaf\x03\x0a\x03\x0a\x03W\x02W\
\x02\x9c\x01\x9c\x01\xfe\x00\xfe\x00\x8b\x00\x8b\x00Y\x00Y\
\x00}\x00}\x00\xcc\x00\xcc\x00\x01\x01\x01\x01\xe7\x00\xe7\
\x00q\x00q\x00\xc9\xff\xc9\xff-\xff-\xff\xb6\xfe\xb6\
\xfe[\xfe[\xfe\x09\xfe\x09\xfe\xb9\xfd\xb9\xfdq\xfdq\
\xfdB\xfdB\xfd7\xfd7\xfd`\xfd`\xfd\xbd\xfd\xbd\
\xfd?\xfe?\xfe\xca\xfe\xca\xfe2\xff2\xff^\xff^\
\xffX\xffX\xffQ\xffQ\xff\x86\xff\x86\xff\x0a\x00\x0a\
\x00\xd9\x00\xd9\x00\xcd\x01\xcd\x01\xba\x02\xba\x02\x8f\x03\x8f\
\x03+\x04+\x04}\x04}\x04\x83\x04\x83\x043\x043\
\x04\x91\x03\x91\x03\xa3\x02\xa3\x02\x80\x01\x80\x01=\x00=\
\x00\xd5\xfe\xd5\xfeR\xfdR\xfd\xe2\xfb\xe2\xfb\xd0\xfa\xd0\
\xfaQ\xfaQ\xfaw\xfaw\xfaE\xfbE\xfb\xa7\xfc\xa7\
\xfcW\xfeW\xfe\x07\x00\x07\x00x\x01x\x01q\x02q\
\x02\xe8\x02\xe8\x02\xf9\x02\xf9\x02\xbb\x02\xbb\x02@\x02@\
\x02\xa1\x01\xa1\x01\xfc\x00\xfc\x00\x83\x00\x83\x00M\x00M\
\x00V\x00V\x00\x87\x00\x87\x00\xbe\x00\xbe\x00\xdb\x00\xdb\
\x00\xce\x00\xce\x00\x93\x00\x93\x00A\x00A\x00\xf4\xff\xf4\
\xff\xb4\xff\xb4\xffn\xffn\xff\x14\xff\x14\xff\xab\xfe\xab\
\xfe@\xfe@\xfe\xe7\xfd\xe7\xfd\xb6\xfd\xb6\xfd\xb8\xfd\xb8\
\xfd\xf4\xfd\xf4\xfda\xfea\xfe\xe2\xfe\xe2\xfeR\xffR\
\xff\xa0\xff\xa0\xff\xb7\xff\xb7\xff\x9e\xff\x9e\xff\x81\xff\x81\
\xff\x98\xff\x98\xff\x01\x00\x01\x00\xb9\x00\xb9\x00\xa7\x01\xa7\
\x01\x91\x02\x91\x02C\x03C\x03\xb1\x03\xb1\x03\xd9\x03\xd9\
\x03\xba\x03\xba\x03\x5c\x03\x5c\x03\xc3\x02\xc3\x02\xf2\x01\xf2\
\x01\xe7\x00\xe7\x00\xa2\xff\xa2\xff)\xfe)\xfe\x9b\xfc\x9b\
\xfc=\xfb=\xfb^\xfa^\xfa+\xfa+\xfa\x99\xfa\x99\
\xfa\x89\xfb\x89\xfb\xf2\xfc\xf2\xfc\xb0\xfe\xb0\xfe~\x00~\
\x00\x15\x02\x15\x02/\x03/\x03\xae\x03\xae\x03\xa9\x03\xa9\
\x03_\x03_\x03\x08\x03\x08\x03\xa9\x02\xa9\x021\x021\
\x02\xa5\x01\xa5\x01\x17\x01\x17\x01\xb3\x00\xb3\x00\x88\x00\x88\
\x00}\x00}\x00e\x00e\x00\x1c\x00\x1c\x00\xa4\xff\xa4\
\xff!\xff!\xff\xb8\xfe\xb8\xfe~\xfe~\xfeU\xfeU\
\xfe$\xfe$\xfe\xe6\xfd\xe6\xfd\xac\xfd\xac\xfd\xa0\xfd\xa0\
\xfd\xc7\xfd\xc7\xfd\x15\xfe\x15\xfe}\xfe}\xfe\xe2\xfe\xe2\
\xfe?\xff?\xff\x92\xff\x92\xff\xd2\xff\xd2\xff\xf9\xff\xf9\
\xff\xfe\xff\xfe\xff\xfd\xff\xfd\xff-\x00-\x00\xaf\x00\xaf\
\x00\x80\x01\x80\x01l\x02l\x020\x030\x03\xac\x03\xac\
\x03\xe0\x03\xe0\x03\xdd\x03\xdd\x03\xaf\x03\xaf\x03G\x03G\
\x03\x92\x02\x92\x02\x8c\x01\x8c\x01<\x00<\x00\xc6\xfe\xc6\
\xfe^\xfd^\xfd#\xfc#\xfc,\xfb,\xfb\x94\xfa\x94\
\xfaz\xfaz\xfa\xef\xfa\xef\xfa\xf2\xfb\xf2\xfbo\xfdo\
\xfd)\xff)\xff\xc5\x00\xc5\x00\x00\x02\x00\x02\xbb\x02\xbb\
\x02\xf6\x02\xf6\x02\xd4\x02\xd4\x02\x88\x02\x88\x02*\x02*\
\x02\xbc\x01\xbc\x01B\x01B\x01\xcf\x00\xcf\x00\x8a\x00\x8a\
\x00\x84\x00\x84\x00\xb5\x00\xb5\x00\xf1\x00\xf1\x00\xff\x00\xff\
\x00\xd3\x00\xd3\x00x\x00x\x00\x16\x00\x16\x00\xd8\xff\xd8\
\xff\xb5\xff\xb5\xff\x88\xff\x88\xff-\xff-\xff\xa8\xfe\xa8\
\xfe-\xfe-\xfe\xe1\xfd\xe1\xfd\xcd\xfd\xcd\xfd\xe5\xfd\xe5\
\xfd\x0f\xfe\x0f\xfeA\xfeA\xfe|\xfe|\xfe\xbb\xfe\xbb\
\xfe\xf0\xfe\xf0\xfe\x13\xff\x13\xff'\xff'\xffJ\xffJ\
\xff\xac\xff\xac\xffe\x00e\x00j\x01j\x01\x89\x02\x89\
\x02|\x03|\x03\x19\x04\x19\x04K\x04K\x04\x1c\x04\x1c\
\x04\xa1\x03\xa1\x03\xed\x02\xed\x02\x13\x02\x13\x02\x13\x01\x13\
\x01\xee\xff\xee\xff\xaa\xfe\xaa\xfeg\xfdg\xfdR\xfcR\
\xfc\x8c\xfb\x8c\xfbF\xfbF\xfb\x83\xfb\x83\xfb,\xfc,\
\xfc=\xfd=\xfd\x97\xfe\x97\xfe\x0c\x00\x0c\x00e\x01e\
\x01c\x02c\x02\xdc\x02\xdc\x02\xcb\x02\xcb\x02]\x02]\
\x02\xca\x01\xca\x017\x017\x01\xbf\x00\xbf\x00k\x00k\
\x008\x008\x00+\x00+\x00H\x00H\x00{\x00{\
\x00\xa1\x00\xa1\x00\x9a\x00\x9a\x00W\x00W\x00\xf0\xff\xf0\
\xff\x8d\xff\x8d\xffP\xffP\xff:\xff:\xff\x1b\xff\x1b\
\xff\xd4\xfe\xd4\xfee\xfee\xfe\xfd\xfd\xfd\xfd\xdd\xfd\xdd\
\xfd\x12\xfe\x12\xfe\x88\xfe\x88\xfe\x0b\xff\x0b\xffu\xffu\
\xff\xc1\xff\xc1\xff\xe8\xff\xe8\xff\x02\x00\x02\x00\x1c\x00\x1c\
\x006\x006\x00g\x00g\x00\xb8\x00\xb8\x002\x012\
\x01\xcb\x01\xcb\x01Z\x02Z\x02\xc8\x02\xc8\x02\x04\x03\x04\
\x03\x04\x03\x04\x03\xc2\x02\xc2\x02?\x02?\x02\x88\x01\x88\
\x01\xa4\x00\xa4\x00\xa6\xff\xa6\xff\xa2\xfe\xa2\xfe\xa4\xfd\xa4\
\xfd\xb5\xfc\xb5\xfc\xf0\xfb\xf0\xfb\x90\xfb\x90\xfb\xb4\xfb\xb4\
\xfb`\xfc`\xfc{\xfd{\xfd\xd9\xfe\xd9\xfeF\x00F\
\x00\x7f\x01\x7f\x01g\x02g\x02\xe9\x02\xe9\x02\x00\x03\x00\
\x03\xce\x02\xce\x02b\x02b\x02\xcb\x01\xcb\x01-\x01-\
\x01\xa4\x00\xa4\x00K\x00K\x00'\x00'\x00,\x00,\
\x00D\x00D\x00X\x00X\x00S\x00S\x00,\x00,\
\x00\xfa\xff\xfa\xff\xca\xff\xca\xff\xa1\xff\xa1\xffx\xffx\
\xff6\xff6\xff\xe0\xfe\xe0\xfe\x7f\xfe\x7f\xfe*\xfe*\
\xfe\xf8\xfd\xf8\xfd\xec\xfd\xec\xfd\x13\xfe\x13\xfeX\xfeX\
\xfe\xac\xfe\xac\xfe\x06\xff\x06\xffG\xffG\xffr\xffr\
\xff\x95\xff\x95\xff\xbe\xff\xbe\xff\x0a\x00\x0a\x00\x81\x00\x81\
\x00\x1d\x01\x1d\x01\xcd\x01\xcd\x01t\x02t\x02\xfb\x02\xfb\
\x02V\x03V\x03\x80\x03\x80\x03p\x03p\x03#\x03#\
\x03\x95\x02\x95\x02\xc5\x01\xc5\x01\xc0\x00\xc0\x00\x98\xff\x98\
\xffj\xfej\xfeN\xfdN\xfd\x5c\xfc\x5c\xfc\xbb\xfb\xbb\
\xfb\x83\xfb\x83\xfb\xba\xfb\xba\xfbh\xfch\xfc\x7f\xfd\x7f\
\xfd\xd0\xfe\xd0\xfe$\x00$\x00L\x01L\x01\x15\x02\x15\
\x02|\x02|\x02\x91\x02\x91\x02c\x02c\x02\x11\x02\x11\
\x02\xa3\x01\xa3\x012\x012\x01\xcf\x00\xcf\x00\x85\x00\x85\
\x00k\x00k\x00o\x00o\x00{\x00{\x00\x81\x00\x81\
\x00_\x00_\x00\x1a\x00\x1a\x00\xc8\xff\xc8\xff\x84\xff\x84\
\xffa\xffa\xffM\xffM\xff1\xff1\xff\xf8\xfe\xf8\
\xfe\xb5\xfe\xb5\xfe\x84\xfe\x84\xfet\xfet\xfe\x89\xfe\x89\
\xfe\xb3\xfe\xb3\xfe\xe9\xfe\xe9\xfe&\xff&\xffW\xffW\
\xffw\xffw\xff\x82\xff\x82\xff\x85\xff\x85\xff\xa0\xff\xa0\
\xff\xea\xff\xea\xffp\x00p\x00#\x01#\x01\xdc\x01\xdc\
\x01u\x02u\x02\xd7\x02\xd7\x02\xfb\x02\xfb\x02\xe1\x02\xe1\
\x02\x91\x02\x91\x02\x0a\x02\x0a\x02U\x01U\x01\x80\x00\x80\
\x00\x92\xff\x92\xff\x98\xfe\x98\xfe\xa6\xfd\xa6\xfd\xdc\xfc\xdc\
\xfcW\xfcW\xfc(\xfc(\xfch\xfch\xfc\x19\xfd\x19\
\xfd \xfe \xfe\x5c\xff\x5c\xff\xa3\x00\xa3\x00\xb8\x01\xb8\
\x01t\x02t\x02\xd0\x02\xd0\x02\xcc\x02\xcc\x02|\x02|\
\x02\xff\x01\xff\x01l\x01l\x01\xdf\x00\xdf\x00j\x00j\
\x00\x1c\x00\x1c\x00\xfc\xff\xfc\xff\xfb\xff\xfb\xff\x0b\x00\x0b\
\x00\x0c\x00\x0c\x00\xee\xff\xee\xff\xbc\xff\xbc\xff\x85\xff\x85\
\xffa\xffa\xffQ\xffQ\xffF\xffF\xff,\xff,\
\xff\xfa\xfe\xfa\xfe\xc4\xfe\xc4\xfe\xa1\xfe\xa1\xfe\x9c\xfe\x9c\
\xfe\xb9\xfe\xb9\xfe\xea\xfe\xea\xfe$\xff$\xffc\xffc\
\xff\x9e\xff\x9e\xff\xca\xff\xca\xff\xe4\xff\xe4\xff\xf3\xff\xf3\
\xff\x09\x00\x09\x00E\x00E\x00\xb3\x00\xb3\x00D\x01D\
\x01\xde\x01\xde\x01\x5c\x02\x5c\x02\xab\x02\xab\x02\xc8\x02\xc8\
\x02\xb7\x02\xb7\x02y\x02y\x02\x08\x02\x08\x02f\x01f\
\x01\x94\x00\x94\x00\x9c\xff\x9c\xff\x9a\xfe\x9a\xfe\xaa\xfd\xaa\
\xfd\xe2\xfc\xe2\xfcW\xfcW\xfc\x18\xfc\x18\xfc9\xfc9\
\xfc\xc0\xfc\xc0\xfc\xa5\xfd\xa5\xfd\xcf\xfe\xcf\xfe\x03\x00\x03\
\x00\x0d\x01\x0d\x01\xd3\x01\xd3\x01>\x02>\x02Y\x02Y\
\x02:\x02:\x02\xef\x01\xef\x01\x8c\x01\x8c\x01%\x01%\
\x01\xcb\x00\xcb\x00\x95\x00\x95\x00\x87\x00\x87\x00\x98\x00\x98\
\x00\xb4\x00\xb4\x00\xc2\x00\xc2\x00\xb0\x00\xb0\x00~\x00~\
\x00:\x00:\x00\xf6\xff\xf6\xff\xbb\xff\xbb\xff~\xff~\
\xff/\xff/\xff\xd4\xfe\xd4\xfew\xfew\xfe/\xfe/\
\xfe\x11\xfe\x11\xfe\x16\xfe\x16\xfe<\xfe<\xfex\xfex\
\xfe\xbe\xfe\xbe\xfe\x0b\xff\x0b\xffO\xffO\xff\x87\xff\x87\
\xff\xbd\xff\xbd\xff\xfb\xff\xfb\xffS\x00S\x00\xd3\x00\xd3\
\x00n\x01n\x01\x07\x02\x07\x02\x86\x02\x86\x02\xd5\x02\xd5\
\x02\xf1\x02\xf1\x02\xe0\x02\xe0\x02\xa0\x02\xa0\x023\x023\
\x02\x92\x01\x92\x01\xc3\x00\xc3\x00\xdc\xff\xdc\xff\xec\xfe\xec\
\xfe\x09\xfe\x09\xfeM\xfdM\xfd\xca\xfc\xca\xfc\x8c\xfc\x8c\
\xfc\xa1\xfc\xa1\xfc\x12\xfd\x12\xfd\xdb\xfd\xdb\xfd\xdc\xfe\xdc\
\xfe\xe9\xff\xe9\xff\xde\x00\xde\x00\x91\x01\x91\x01\xef\x01\xef\
\x01\x0c\x02\x0c\x02\xec\x01\xec\x01\x9d\x01\x9d\x01;\x01;\
\x01\xd1\x00\xd1\x00y\x00y\x00>\x00>\x00%\x00%\
\x00,\x00,\x00;\x00;\x00D\x00D\x00:\x00:\
\x00\x16\x00\x16\x00\xec\xff\xec\xff\xc8\xff\xc8\xff\xac\xff\xac\
\xff\x90\xff\x90\xffk\xffk\xff7\xff7\xff\x03\xff\x03\
\xff\xe2\xfe\xe2\xfe\xd9\xfe\xd9\xfe\xef\xfe\xef\xfe\x19\xff\x19\
\xffK\xffK\xff\x81\xff\x81\xff\xaa\xff\xaa\xff\xc6\xff\xc6\
\xff\xd6\xff\xd6\xff\xd7\xff\xd7\xff\xe5\xff\xe5\xff\x10\x00\x10\
\x00b\x00b\x00\xd5\x00\xd5\x00P\x01P\x01\xbf\x01\xbf\
\x01\x0c\x02\x0c\x020\x020\x020\x020\x02\x0a\x02\x0a\
\x02\xbd\x01\xbd\x01A\x01A\x01\x9d\x00\x9d\x00\xd8\xff\xd8\
\xff\x07\xff\x07\xffJ\xfeJ\xfe\xa6\xfd\xa6\xfd2\xfd2\
\xfd\x02\xfd\x02\xfd\x1b\xfd\x1b\xfd\x88\xfd\x88\xfd=\xfe=\
\xfe'\xff'\xff \x00 \x00\xfb\x00\xfb\x00\x9f\x01\x9f\
\x01\xfa\x01\xfa\x01\x0d\x02\x0d\x02\xea\x01\xea\x01\xa4\x01\xa4\
\x01J\x01J\x01\xe6\x00\xe6\x00\x95\x00\x95\x00b\x00b\
\x00K\x00K\x00L\x00L\x00R\x00R\x00O\x00O\
\x008\x008\x00\x0e\x00\x0e\x00\xdb\xff\xdb\xff\xab\xff\xab\
\xff\x84\xff\x84\xff\x5c\xff\x5c\xff,\xff,\xff\xf5\xfe\xf5\
\xfe\xc0\xfe\xc0\xfe\x97\xfe\x97\xfe\x86\xfe\x86\xfe\x98\xfe\x98\
\xfe\xbb\xfe\xbb\xfe\xf1\xfe\xf1\xfe3\xff3\xffj\xffj\
\xff\x99\xff\x99\xff\xba\xff\xba\xff\xd6\xff\xd6\xff\x01\x00\x01\
\x00C\x00C\x00\xae\x00\xae\x001\x011\x01\xbc\x01\xbc\
\x016\x026\x02\x88\x02\x88\x02\xb4\x02\xb4\x02\xad\x02\xad\
\x02w\x02w\x02\x19\x02\x19\x02\x84\x01\x84\x01\xcb\x00\xcb\
\x00\xf1\xff\xf1\xff\x06\xff\x06\xff/\xfe/\xfev\xfdv\
\xfd\xf4\xfc\xf4\xfc\xb8\xfc\xb8\xfc\xca\xfc\xca\xfc0\xfd0\
\xfd\xe1\xfd\xe1\xfd\xcb\xfe\xcb\xfe\xbf\xff\xbf\xff\x9f\x00\x9f\
\x00K\x01K\x01\xae\x01\xae\x01\xda\x01\xda\x01\xcb\x01\xcb\
\x01\x93\x01\x93\x01N\x01N\x01\xfc\x00\xfc\x00\xb7\x00\xb7\
\x00\x89\x00\x89\x00t\x00t\x00y\x00y\x00\x80\x00\x80\
\x00z\x00z\x00f\x00f\x00=\x00=\x00\x0b\x00\x0b\
\x00\xe2\xff\xe2\xff\xbc\xff\xbc\xff\x95\xff\x95\xffi\xffi\
\xff2\xff2\xff\x00\xff\x00\xff\xdb\xfe\xdb\xfe\xc9\xfe\xc9\
\xfe\xd2\xfe\xd2\xfe\xed\xfe\xed\xfe\x14\xff\x14\xff@\xff@\
\xffh\xffh\xff\x87\xff\x87\xff\x96\xff\x96\xff\xa5\xff\xa5\
\xff\xc2\xff\xc2\xff\xf8\xff\xf8\xffQ\x00Q\x00\xbf\x00\xbf\
\x005\x015\x01\x9b\x01\x9b\x01\xe7\x01\xe7\x01\x14\x02\x14\
\x02\x17\x02\x17\x02\xf7\x01\xf7\x01\xab\x01\xab\x014\x014\
\x01\xa2\x00\xa2\x00\xef\xff\xef\xff9\xff9\xff\x90\xfe\x90\
\xfe\x02\xfe\x02\xfe\xa7\xfd\xa7\xfd\x88\xfd\x88\xfd\xae\xfd\xae\
\xfd\x18\xfe\x18\xfe\xbd\xfe\xbd\xfe\x8a\xff\x8a\xffU\x00U\
\x00\x09\x01\x09\x01\x84\x01\x84\x01\xb9\x01\xb9\x01\xb8\x01\xb8\
\x01\x83\x01\x83\x011\x011\x01\xd1\x00\xd1\x00q\x00q\
\x00*\x00*\x00\xfa\xff\xfa\xff\xea\xff\xea\xff\xf1\xff\xf1\
\xff\xfe\xff\xfe\xff\x0b\x00\x0b\x00\x06\x00\x06\x00\xf4\xff\xf4\
\xff\xde\xff\xde\xff\xc7\xff\xc7\xff\xb7\xff\xb7\xff\xa4\xff\xa4\
\xff\x87\xff\x87\xffd\xffd\xffA\xffA\xff)\xff)\
\xff&\xff&\xff7\xff7\xffV\xffV\xff\x7f\xff\x7f\
\xff\xaa\xff\xaa\xff\xcc\xff\xcc\xff\xe4\xff\xe4\xff\xec\xff\xec\
\xff\xf0\xff\xf0\xff\x02\x00\x02\x00.\x00.\x00w\x00w\
\x00\xd6\x00\xd6\x006\x016\x01\x85\x01\x85\x01\xbd\x01\xbd\
\x01\xd4\x01\xd4\x01\xcc\x01\xcc\x01\xa5\x01\xa5\x01V\x01V\
\x01\xe1\x00\xe1\x00L\x00L\x00\xa1\xff\xa1\xff\xf1\xfe\xf1\
\xfeN\xfeN\xfe\xd0\xfd\xd0\xfd|\xfd|\xfdb\xfdb\
\xfd\x8f\xfd\x8f\xfd\xfc\xfd\xfc\xfd\xa4\xfe\xa4\xfek\xffk\
\xff5\x005\x00\xe7\x00\xe7\x00`\x01`\x01\xa7\x01\xa7\
\x01\xb8\x01\xb8\x01\x98\x01\x98\x01f\x01f\x01\x1f\x01\x1f\
\x01\xda\x00\xda\x00\xa6\x00\xa6\x00\x83\x00\x83\x00|\x00|\
\x00~\x00~\x00|\x00|\x00o\x00o\x00J\x00J\
\x00\x1c\x00\x1c\x00\xe4\xff\xe4\xff\xad\xff\xad\xff\x82\xff\x82\
\xffQ\xffQ\xff \xff \xff\xf2\xfe\xf2\xfe\xc9\xfe\xc9\
\xfe\xb5\xfe\xb5\xfe\xb7\xfe\xb7\xfe\xd4\xfe\xd4\xfe\x05\xff\x05\
\xff>\xff>\xff}\xff}\xff\xb2\xff\xb2\xff\xd8\xff\xd8\
\xff\xf7\xff\xf7\xff\x0f\x00\x0f\x00,\x00,\x00b\x00b\
\x00\xaf\x00\xaf\x00\x0b\x01\x0b\x01h\x01h\x01\xb3\x01\xb3\
\x01\xe3\x01\xe3\x01\xf5\x01\xf5\x01\xe5\x01\xe5\x01\xb4\x01\xb4\
\x01d\x01d\x01\xf1\x00\xf1\x00a\x00a\x00\xbe\xff\xbe\
\xff\x12\xff\x12\xffw\xfew\xfe\xfb\xfd\xfb\xfd\xab\xfd\xab\
\xfd\x99\xfd\x99\xfd\xc1\xfd\xc1\xfd)\xfe)\xfe\xc8\xfe\xc8\
\xfe|\xff|\xff4\x004\x00\xcf\x00\xcf\x005\x015\
\x01g\x01g\x01g\x01g\x01D\x01D\x01\x07\x01\x07\
\x01\xbd\x00\xbd\x00{\x00{\x00C\x00C\x00%\x00%\
\x00 \x00 \x00&\x00&\x002\x002\x004\x004\
\x00%\x00%\x00\x0b\x00\x0b\x00\xec\xff\xec\xff\xd5\xff\xd5\
\xff\xc1\xff\xc1\xff\xab\xff\xab\xff\x92\xff\x92\xffs\xffs\
\xffY\xffY\xffM\xffM\xffM\xffM\xff`\xff`\
\xff}\xff}\xff\x9f\xff\x9f\xff\xc2\xff\xc2\xff\xd8\xff\xd8\
\xff\xe0\xff\xe0\xff\xe1\xff\xe1\xff\xe1\xff\xe1\xff\xee\xff\xee\
\xff\x17\x00\x17\x00X\x00X\x00\xa6\x00\xa6\x00\xf6\x00\xf6\
\x00=\x01=\x01m\x01m\x01\x84\x01\x84\x01\x80\x01\x80\
\x01\x5c\x01\x5c\x01\x1b\x01\x1b\x01\xb9\x00\xb9\x00=\x00=\
\x00\xb1\xff\xb1\xff$\xff$\xff\xa4\xfe\xa4\xfe<\xfe<\
\xfe\xff\xfd\xff\xfd\xf6\xfd\xf6\xfd(\xfe(\xfe\x94\xfe\x94\
\xfe*\xff*\xff\xda\xff\xda\xff\x82\x00\x82\x00\x09\x01\x09\
\x01e\x01e\x01\x87\x01\x87\x01~\x01~\x01U\x01U\
\x01\x11\x01\x11\x01\xc8\x00\xc8\x00\x82\x00\x82\x00L\x00L\
\x00*\x00*\x00\x1a\x00\x1a\x00\x1b\x00\x1b\x00\x1c\x00\x1c\
\x00\x13\x00\x13\x00\xfe\xff\xfe\xff\xdf\xff\xdf\xff\xbe\xff\xbe\
\xff\x9b\xff\x9b\xff\x7f\xff\x7f\xffc\xffc\xffA\xffA\
\xff#\xff#\xff\x09\xff\x09\xff\xfc\xfe\xfc\xfe\x08\xff\x08\
\xff#\xff#\xffM\xffM\xff\x80\xff\x80\xff\xb0\xff\xb0\
\xff\xdd\xff\xdd\xff\x00\x00\x00\x00\x17\x00\x17\x000\x000\
\x00W\x00W\x00\x8d\x00\x8d\x00\xdd\x00\xdd\x003\x013\
\x01{\x01{\x01\xb3\x01\xb3\x01\xcd\x01\xcd\x01\xc5\x01\xc5\
\x01\xa5\x01\xa5\x01f\x01f\x01\x09\x01\x09\x01\x90\x00\x90\
\x00\x00\x00\x00\x00d\xffd\xff\xcc\xfe\xcc\xfeJ\xfeJ\
\xfe\xeb\xfd\xeb\xfd\xb6\xfd\xb6\xfd\xb4\xfd\xb4\xfd\xf0\xfd\xf0\
\xfd`\xfe`\xfe\xfa\xfe\xfa\xfe\xb0\xff\xb0\xff[\x00[\
\x00\xe8\x00\xe8\x00H\x01H\x01r\x01r\x01w\x01w\
\x01W\x01W\x01#\x01#\x01\xe8\x00\xe8\x00\xad\x00\xad\
\x00\x84\x00\x84\x00i\x00i\x00]\x00]\x00]\x00]\
\x00W\x00W\x00K\x00K\x00/\x00/\x00\x0c\x00\x0c\
\x00\xea\xff\xea\xff\xc3\xff\xc3\xff\xa1\xff\xa1\xff}\xff}\
\xffX\xffX\xff7\xff7\xff\x1a\xff\x1a\xff\x0d\xff\x0d\
\xff\x0f\xff\x0f\xff$\xff$\xffF\xffF\xffn\xffn\
\xff\x99\xff\x99\xff\xb7\xff\xb7\xff\xcd\xff\xcd\xff\xdd\xff\xdd\
\xff\xea\xff\xea\xff\x0a\x00\x0a\x00<\x00<\x00\x81\x00\x81\
\x00\xd5\x00\xd5\x00\x22\x01\x22\x01^\x01^\x01\x82\x01\x82\
\x01\x8a\x01\x8a\x01u\x01u\x01I\x01I\x01\x03\x01\x03\
\x01\xa2\x00\xa2\x003\x003\x00\xb5\xff\xb5\xff7\xff7\
\xff\xca\xfe\xca\xfeu\xfeu\xfeL\xfeL\xfeR\xfeR\
\xfe\x84\xfe\x84\xfe\xe5\xfe\xe5\xfec\xffc\xff\xee\xff\xee\
\xfft\x00t\x00\xde\x00\xde\x00\x1b\x01\x1b\x01+\x01+\
\x01\x1b\x01\x1b\x01\xee\x00\xee\x00\xb2\x00\xb2\x00x\x00x\
\x00D\x00D\x00\x1f\x00\x1f\x00\x0f\x00\x0f\x00\x11\x00\x11\
\x00\x1b\x00\x1b\x00(\x00(\x00+\x00+\x00\x1c\x00\x1c\
\x00\x0b\x00\x0b\x00\xf4\xff\xf4\xff\xdd\xff\xdd\xff\xcb\xff\xcb\
\xff\xaf\xff\xaf\xff\x92\xff\x92\xffv\xffv\xff_\xff_\
\xffW\xffW\xffZ\xffZ\xffl\xffl\xff\x84\xff\x84\
\xff\xa3\xff\xa3\xff\xc3\xff\xc3\xff\xd9\xff\xd9\xff\xee\xff\xee\
\xff\xf9\xff\xf9\xff\x04\x00\x04\x00 \x00 \x00L\x00L\
\x00\x8f\x00\x8f\x00\xd7\x00\xd7\x00\x1a\x01\x1a\x01Q\x01Q\
\x01l\x01l\x01n\x01n\x01R\x01R\x01\x1a\x01\x1a\
\x01\xc7\x00\xc7\x00\x5c\x00\x5c\x00\xe5\xff\xe5\xffb\xffb\
\xff\xe4\xfe\xe4\xfe|\xfe|\xfe+\xfe+\xfe\x06\xfe\x06\
\xfe\x18\xfe\x18\xfe\x5c\xfe\x5c\xfe\xc9\xfe\xc9\xfeX\xffX\
\xff\xf4\xff\xf4\xff\x81\x00\x81\x00\xf8\x00\xf8\x00I\x01I\
\x01j\x01j\x01k\x01k\x01L\x01L\x01\x1b\x01\x1b\
\x01\xe7\x00\xe7\x00\xb3\x00\xb3\x00\x88\x00\x88\x00h\x00h\
\x00S\x00S\x00F\x00F\x00:\x00:\x00&\x00&\
\x00\x06\x00\x06\x00\xe2\xff\xe2\xff\xba\xff\xba\xff\x97\xff\x97\
\xffz\xffz\xff\x5c\xff\x5c\xff@\xff@\xff'\xff'\
\xff\x17\xff\x17\xff\x16\xff\x16\xff'\xff'\xffG\xffG\
\xffm\xffm\xff\x98\xff\x98\xff\xbd\xff\xbd\xff\xdc\xff\xdc\
\xff\xf9\xff\xf9\xff\x0f\x00\x0f\x00(\x00(\x00L\x00L\
\x00}\x00}\x00\xbd\x00\xbd\x00\x01\x01\x01\x01A\x01A\
\x01n\x01n\x01\x86\x01\x86\x01\x86\x01\x86\x01e\x01e\
\x01.\x01.\x01\xdd\x00\xdd\x00q\x00q\x00\xfb\xff\xfb\
\xffy\xffy\xff\xfc\xfe\xfc\xfe\x94\xfe\x94\xfeI\xfeI\
\xfe(\xfe(\xfe2\xfe2\xfem\xfem\xfe\xd4\xfe\xd4\
\xfeV\xffV\xff\xe0\xff\xe0\xff`\x00`\x00\xc2\x00\xc2\
\x00\xfb\x00\xfb\x00\x15\x01\x15\x01\x0d\x01\x0d\x01\xe8\x00\xe8\
\x00\xbc\x00\xbc\x00\x87\x00\x87\x00Y\x00Y\x00;\x00;\
\x00*\x00*\x00)\x00)\x00+\x00+\x00/\x00/\
\x002\x002\x00-\x00-\x00\x22\x00\x22\x00\x13\x00\x13\
\x00\x02\x00\x02\x00\xf0\xff\xf0\xff\xd8\xff\xd8\xff\xbc\xff\xbc\
\xff\x9f\xff\x9f\xff\x88\xff\x88\xffw\xffw\xffq\xffq\
\xffx\xffx\xff\x84\xff\x84\xff\x96\xff\x96\xff\xa6\xff\xa6\
\xff\xaf\xff\xaf\xff\xb6\xff\xb6\xff\xbd\xff\xbd\xff\xcb\xff\xcb\
\xff\xeb\xff\xeb\xff\x1f\x00\x1f\x00`\x00`\x00\xa8\x00\xa8\
\x00\xee\x00\xee\x00\x22\x01\x22\x01G\x01G\x01S\x01S\
\x01D\x01D\x01!\x01!\x01\xde\x00\xde\x00\x86\x00\x86\
\x00\x22\x00\x22\x00\xad\xff\xad\xff?\xff?\xff\xdf\xfe\xdf\
\xfe\x96\xfe\x96\xfev\xfev\xfe\x81\xfe\x81\xfe\xb5\xfe\xb5\
\xfe\x12\xff\x12\xff\x88\xff\x88\xff\x03\x00\x03\x00r\x00r\
\x00\xcd\x00\xcd\x00\x02\x01\x02\x01\x11\x01\x11\x01\x06\x01\x06\
\x01\xe6\x00\xe6\x00\xb8\x00\xb8\x00\x87\x00\x87\x00\x5c\x00\x5c\
\x009\x009\x00%\x00%\x00\x1d\x00\x1d\x00\x18\x00\x18\
\x00\x15\x00\x15\x00\x0b\x00\x0b\x00\xf6\xff\xf6\xff\xe1\xff\xe1\
\xff\xcc\xff\xcc\xff\xb5\xff\xb5\xff\xa0\xff\xa0\xff\x8b\xff\x8b\
\xffs\xffs\xffa\xffa\xffU\xffU\xffU\xffU\
\xffc\xffc\xff{\xff{\xff\x9c\xff\x9c\xff\xbc\xff\xbc\
\xff\xdc\xff\xdc\xff\xfe\xff\xfe\xff\x12\x00\x12\x00&\x00&\
\x00=\x00=\x00W\x00W\x00\x85\x00\x85\x00\xb9\x00\xb9\
\x00\xef\x00\xef\x00 \x01 \x01<\x01<\x01G\x01G\
\x01:\x01:\x01\x16\x01\x16\x01\xe0\x00\xe0\x00\x91\x00\x91\
\x005\x005\x00\xcc\xff\xcc\xff\x5c\xff\x5c\xff\xf7\xfe\xf7\
\xfe\xa2\xfe\xa2\xfeg\xfeg\xfeS\xfeS\xfeh\xfeh\
\xfe\xa6\xfe\xa6\xfe\x0a\xff\x0a\xff\x85\xff\x85\xff\x05\x00\x05\
\x00}\x00}\x00\xd8\x00\xd8\x00\x0d\x01\x0d\x01(\x01(\
\x01#\x01#\x01\x02\x01\x02\x01\xda\x00\xda\x00\xaa\x00\xaa\
\x00}\x00}\x00^\x00^\x00E\x00E\x007\x007\
\x002\x002\x00*\x00*\x00\x22\x00\x22\x00\x10\x00\x10\
\x00\xf9\xff\xf9\xff\xe2\xff\xe2\xff\xc9\xff\xc9\xff\xb2\xff\xb2\
\xff\x9b\xff\x9b\xff\x82\xff\x82\xffm\xffm\xff\x5c\xff\x5c\
\xffX\xffX\xff]\xff]\xffj\xffj\xff\x85\xff\x85\
\xff\x99\xff\x99\xff\xb0\xff\xb0\xff\xc4\xff\xc4\xff\xce\xff\xce\
\xff\xe1\xff\xe1\xff\xf5\xff\xf5\xff\x11\x00\x11\x00>\x00>\
\x00p\x00p\x00\xaf\x00\xaf\x00\xe9\x00\xe9\x00\x14\x01\x14\
\x012\x012\x018\x018\x01-\x01-\x01\x0c\x01\x0c\
\x01\xd4\x00\xd4\x00\x8a\x00\x8a\x00/\x00/\x00\xcf\xff\xcf\
\xffm\xffm\xff\x17\xff\x17\xff\xd9\xfe\xd9\xfe\xb3\xfe\xb3\
\xfe\xb6\xfe\xb6\xfe\xdd\xfe\xdd\xfe \xff \xff\x80\xff\x80\
\xff\xe7\xff\xe7\xffA\x00A\x00\x8c\x00\x8c\x00\xbb\x00\xbb\
\x00\xcb\x00\xcb\x00\xc3\x00\xc3\x00\xa7\x00\xa7\x00\x81\x00\x81\
\x00^\x00^\x00=\x00=\x00(\x00(\x00\x1f\x00\x1f\
\x00\x1f\x00\x1f\x00'\x00'\x00.\x00.\x002\x002\
\x00/\x00/\x00$\x00$\x00\x15\x00\x15\x00\x00\x00\x00\
\x00\xea\xff\xea\xff\xd1\xff\xd1\xff\xb6\xff\xb6\xff\x9d\xff\x9d\
\xff\x8a\xff\x8a\xff|\xff|\xffy\xffy\xff\x86\xff\x86\
\xff\x97\xff\x97\xff\xa9\xff\xa9\xff\xc1\xff\xc1\xff\xd0\xff\xd0\
\xff\xdc\xff\xdc\xff\xeb\xff\xeb\xff\xfb\xff\xfb\xff\x17\x00\x17\
\x00=\x00=\x00l\x00l\x00\xa1\x00\xa1\x00\xce\x00\xce\
\x00\xf5\x00\xf5\x00\x0d\x01\x0d\x01\x0f\x01\x0f\x01\xfd\x00\xfd\
\x00\xd6\x00\xd6\x00\x9e\x00\x9e\x00T\x00T\x00\xfe\xff\xfe\
\xff\x9f\xff\x9f\xffA\xffA\xff\xf2\xfe\xf2\xfe\xb6\xfe\xb6\
\xfe\x9e\xfe\x9e\xfe\xaa\xfe\xaa\xfe\xd4\xfe\xd4\xfe#\xff#\
\xff\x88\xff\x88\xff\xf6\xff\xf6\xffb\x00b\x00\xbb\x00\xbb\
\x00\xf8\x00\xf8\x00\x17\x01\x17\x01\x17\x01\x17\x01\x00\x01\x00\
\x01\xdd\x00\xdd\x00\xb0\x00\xb0\x00\x80\x00\x80\x00]\x00]\
\x00=\x00=\x00&\x00&\x00\x1c\x00\x1c\x00\x0b\x00\x0b\
\x00\x00\x00\x00\x00\xf4\xff\xf4\xff\xdd\xff\xdd\xff\xca\xff\xca\
\xff\xba\xff\xba\xff\xa7\xff\xa7\xff\x98\xff\x98\xff\x88\xff\x88\
\xff{\xff{\xfft\xfft\xffs\xffs\xff{\xff{\
\xff\x8d\xff\x8d\xff\xa4\xff\xa4\xff\xbe\xff\xbe\xff\xd8\xff\xd8\
\xff\xec\xff\xec\xff\xfd\xff\xfd\xff\x0c\x00\x0c\x00\x1d\x00\x1d\
\x004\x004\x00T\x00T\x00}\x00}\x00\xa9\x00\xa9\
\x00\xd8\x00\xd8\x00\xfc\x00\xfc\x00\x0e\x01\x0e\x01\x15\x01\x15\
\x01\x05\x01\x05\x01\xe3\x00\xe3\x00\xb2\x00\xb2\x00l\x00l\
\x00 \x00 \x00\xca\xff\xca\xffn\xffn\xff\x1e\xff\x1e\
\xff\xde\xfe\xde\xfe\xb9\xfe\xb9\xfe\xb4\xfe\xb4\xfe\xce\xfe\xce\
\xfe\x06\xff\x06\xffV\xffV\xff\xb4\xff\xb4\xff\x10\x00\x10\
\x00b\x00b\x00\x9d\x00\x9d\x00\xbe\x00\xbe\x00\xc9\x00\xc9\
\x00\xbd\x00\xbd\x00\xa5\x00\xa5\x00\x87\x00\x87\x00e\x00e\
\x00L\x00L\x009\x009\x002\x002\x004\x004\
\x006\x006\x00:\x00:\x007\x007\x001\x001\
\x00(\x00(\x00\x19\x00\x19\x00\x06\x00\x06\x00\xf0\xff\xf0\
\xff\xd8\xff\xd8\xff\xbc\xff\xbc\xff\xa2\xff\xa2\xff\x8f\xff\x8f\
\xff\x80\xff\x80\xff~\xff~\xff\x82\xff\x82\xff\x8a\xff\x8a\
\xff\x99\xff\x99\xff\xa5\xff\xa5\xff\xb2\xff\xb2\xff\xc3\xff\xc3\
\xff\xd5\xff\xd5\xff\xed\xff\xed\xff\x10\x00\x10\x00<\x00<\
\x00p\x00p\x00\xaa\x00\xaa\x00\xd8\x00\xd8\x00\xfd\x00\xfd\
\x00\x13\x01\x13\x01\x11\x01\x11\x01\x01\x01\x01\x01\xdc\x00\xdc\
\x00\xa2\x00\xa2\x00`\x00`\x00\x0d\x00\x0d\x00\xba\xff\xba\
\xffl\xffl\xff#\xff#\xff\xf7\xfe\xf7\xfe\xe2\xfe\xe2\
\xfe\xe8\xfe\xe8\xfe\x11\xff\x11\xffQ\xffQ\xff\xa2\xff\xa2\
\xff\xf9\xff\xf9\xffH\x00H\x00\x86\x00\x86\x00\xab\x00\xab\
\x00\xbc\x00\xbc\x00\xba\x00\xba\x00\xa5\x00\xa5\x00\x89\x00\x89\
\x00h\x00h\x00G\x00G\x004\x004\x00%\x00%\
\x00\x1b\x00\x1b\x00\x1a\x00\x1a\x00\x15\x00\x15\x00\x0f\x00\x0f\
\x00\x06\x00\x06\x00\xf7\xff\xf7\xff\xec\xff\xec\xff\xda\xff\xda\
\xff\xc9\xff\xc9\xff\xba\xff\xba\xff\xa4\xff\xa4\xff\x99\xff\x99\
\xff\x91\xff\x91\xff\x8e\xff\x8e\xff\x9c\xff\x9c\xff\xac\xff\xac\
\xff\xc4\xff\xc4\xff\xde\xff\xde\xff\xf3\xff\xf3\xff\x09\x00\x09\
\x00\x17\x00\x17\x00\x22\x00\x22\x00/\x00/\x00=\x00=\
\x00S\x00S\x00o\x00o\x00\x90\x00\x90\x00\xae\x00\xae\
\x00\xc5\x00\xc5\x00\xd3\x00\xd3\x00\xcf\x00\xcf\x00\xbf\x00\xbf\
\x00\xa1\x00\xa1\x00r\x00r\x009\x009\x00\xf7\xff\xf7\
\xff\xb0\xff\xb0\xffl\xffl\xff2\xff2\xff\x06\xff\x06\
\xff\xf2\xfe\xf2\xfe\xf8\xfe\xf8\xfe\x14\xff\x14\xffN\xffN\
\xff\x99\xff\x99\xff\xea\xff\xea\xff=\x00=\x00\x81\x00\x81\
\x00\xaf\x00\xaf\x00\xc9\x00\xc9\x00\xce\x00\xce\x00\xc1\x00\xc1\
\x00\xa7\x00\xa7\x00\x89\x00\x89\x00k\x00k\x00O\x00O\
\x00<\x00<\x003\x003\x00,\x00,\x00%\x00%\
\x00\x1e\x00\x1e\x00\x13\x00\x13\x00\x07\x00\x07\x00\xf7\xff\xf7\
\xff\xe5\xff\xe5\xff\xd5\xff\xd5\xff\xc1\xff\xc1\xff\xaf\xff\xaf\
\xff\x9e\xff\x9e\xff\x8d\xff\x8d\xff\x83\xff\x83\xff|\xff|\
\xff\x87\xff\x87\xff\x9d\xff\x9d\xff\xa6\xff\xa6\xff\xb8\xff\xb8\
\xff\xd0\xff\xd0\xff\xde\xff\xde\xff\xee\xff\xee\xff\xfe\xff\xfe\
\xff\x11\x00\x11\x00+\x00+\x00O\x00O\x00z\x00z\
\x00\xa5\x00\xa5\x00\xcd\x00\xcd\x00\xea\x00\xea\x00\xfc\x00\xfc\
\x00\xfe\x00\xfe\x00\xee\x00\xee\x00\xd2\x00\xd2\x00\xa2\x00\xa2\
\x00e\x00e\x00 \x00 \x00\xd2\xff\xd2\xff\x8a\xff\x8a\
\xffI\xffI\xff\x17\xff\x17\xff\xfd\xfe\xfd\xfe\xfa\xfe\xfa\
\xfe\x11\xff\x11\xffB\xffB\xff\x83\xff\x83\xff\xca\xff\xca\
\xff\x10\x00\x10\x00N\x00N\x00y\x00y\x00\x92\x00\x92\
\x00\x99\x00\x99\x00\x93\x00\x93\x00\x85\x00\x85\x00p\x00p\
\x00_\x00_\x00Q\x00Q\x00F\x00F\x00C\x00C\
\x00?\x00?\x00;\x00;\x006\x006\x00+\x00+\
\x00\x1e\x00\x1e\x00\x0f\x00\x0f\x00\xfe\xff\xfe\xff\xee\xff\xee\
\xff\xdb\xff\xdb\xff\xc6\xff\xc6\xff\xb5\xff\xb5\xff\xa5\xff\xa5\
\xff\x9a\xff\x9a\xff\x9a\xff\x9a\xff\x9c\xff\x9c\xff\xa9\xff\xa9\
\xff\xbb\xff\xbb\xff\xc5\xff\xc5\xff\xd6\xff\xd6\xff\xe2\xff\xe2\
\xff\xe9\xff\xe9\xff\xf7\xff\xf7\xff\x08\x00\x08\x00%\x00%\
\x00D\x00D\x00e\x00e\x00\x8d\x00\x8d\x00\xa9\x00\xa9\
\x00\xbc\x00\xbc\x00\xc6\x00\xc6\x00\xbe\x00\xbe\x00\xa9\x00\xa9\
\x00\x8a\x00\x8a\x00\x5c\x00\x5c\x00%\x00%\x00\xec\xff\xec\
\xff\xaf\xff\xaf\xffv\xffv\xffK\xffK\xff/\xff/\
\xff,\xff,\xff>\xff>\xffd\xffd\xff\xa0\xff\xa0\
\xff\xe3\xff\xe3\xff)\x00)\x00g\x00g\x00\x94\x00\x94\
\x00\xb0\x00\xb0\x00\xb6\x00\xb6\x00\xab\x00\xab\x00\x95\x00\x95\
\x00v\x00v\x00U\x00U\x008\x008\x00\x22\x00\x22\
\x00\x10\x00\x10\x00\x05\x00\x05\x00\xff\xff\xff\xff\xfb\xff\xfb\
\xff\xf9\xff\xf9\xff\xf3\xff\xf3\xff\xee\xff\xee\xff\xea\xff\xea\
\xff\xe4\xff\xe4\xff\xdf\xff\xdf\xff\xd6\xff\xd6\xff\xcd\xff\xcd\
\xff\xc6\xff\xc6\xff\xbd\xff\xbd\xff\xbb\xff\xbb\xff\xbd\xff\xbd\
\xff\xc5\xff\xc5\xff\xd2\xff\xd2\xff\xdf\xff\xdf\xff\xee\xff\xee\
\xff\xf7\xff\xf7\xff\xfe\xff\xfe\xff\x08\x00\x08\x00\x12\x00\x12\
\x00$\x00$\x00;\x00;\x00W\x00W\x00y\x00y\
\x00\x96\x00\x96\x00\xb0\x00\xb0\x00\xbd\x00\xbd\x00\xbd\x00\xbd\
\x00\xb3\x00\xb3\x00\x9b\x00\x9b\x00s\x00s\x00E\x00E\
\x00\x0e\x00\x0e\x00\xd0\xff\xd0\xff\x96\xff\x96\xff`\xff`\
\xff6\xff6\xff\x1f\xff\x1f\xff\x18\xff\x18\xff*\xff*\
\xffQ\xffQ\xff\x87\xff\x87\xff\xc8\xff\xc8\xff\x0b\x00\x0b\
\x00H\x00H\x00t\x00t\x00\x94\x00\x94\x00\xa4\x00\xa4\
\x00\xa0\x00\xa0\x00\x98\x00\x98\x00\x85\x00\x85\x00r\x00r\
\x00d\x00d\x00T\x00T\x00N\x00N\x00H\x00H\
\x00>\x00>\x009\x009\x00.\x00.\x00!\x00!\
\x00\x10\x00\x10\x00\xfd\xff\xfd\xff\xeb\xff\xeb\xff\xd3\xff\xd3\
\xff\xc2\xff\xc2\xff\xae\xff\xae\xff\x98\xff\x98\xff\x8e\xff\x8e\
\xff\x86\xff\x86\xff\x87\xff\x87\xff\x91\xff\x91\xff\x9f\xff\x9f\
\xff\xb7\xff\xb7\xff\xcc\xff\xcc\xff\xe1\xff\xe1\xff\xf5\xff\xf5\
\xff\x05\x00\x05\x00\x1b\x00\x1b\x004\x004\x00L\x00L\
\x00l\x00l\x00\x8b\x00\x8b\x00\xa6\x00\xa6\x00\xc0\x00\xc0\
\x00\xcb\x00\xcb\x00\xcc\x00\xcc\x00\xc4\x00\xc4\x00\xa9\x00\xa9\
\x00\x85\x00\x85\x00Y\x00Y\x00#\x00#\x00\xe9\xff\xe9\
\xff\xb0\xff\xb0\xff{\xff{\xffP\xffP\xff8\xff8\
\xff1\xff1\xff:\xff:\xff\x5c\xff\x5c\xff\x8b\xff\x8b\
\xff\xc3\xff\xc3\xff\x02\x00\x02\x004\x004\x00`\x00`\
\x00}\x00}\x00\x84\x00\x84\x00\x85\x00\x85\x00w\x00w\
\x00a\x00a\x00P\x00P\x009\x009\x00+\x00+\
\x00'\x00'\x00\x22\x00\x22\x00!\x00!\x00!\x00!\
\x00\x1e\x00\x1e\x00\x19\x00\x19\x00\x13\x00\x13\x00\x09\x00\x09\
\x00\xff\xff\xff\xff\xf4\xff\xf4\xff\xe7\xff\xe7\xff\xdd\xff\xdd\
\xff\xcf\xff\xcf\xff\xc8\xff\xc8\xff\xc6\xff\xc6\xff\xc4\xff\xc4\
\xff\xcb\xff\xcb\xff\xd2\xff\xd2\xff\xdc\xff\xdc\xff\xe9\xff\xe9\
\xff\xef\xff\xef\xff\xf7\xff\xf7\xff\xfc\xff\xfc\xff\x01\x00\x01\
\x00\x0c\x00\x0c\x00\x1c\x00\x1c\x003\x003\x00N\x00N\
\x00j\x00j\x00\x81\x00\x81\x00\x94\x00\x94\x00\xa1\x00\xa1\
\x00\x9f\x00\x9f\x00\x95\x00\x95\x00\x7f\x00\x7f\x00[\x00[\
\x004\x004\x00\x05\x00\x05\x00\xd2\xff\xd2\xff\xa5\xff\xa5\
\xff~\xff~\xffe\xffe\xffZ\xffZ\xff_\xff_\
\xffy\xffy\xff\xa1\xff\xa1\xff\xd0\xff\xd0\xff\x04\x00\x04\
\x005\x005\x00\x5c\x00\x5c\x00w\x00w\x00\x86\x00\x86\
\x00\x86\x00\x86\x00{\x00{\x00j\x00j\x00X\x00X\
\x00C\x00C\x005\x005\x00,\x00,\x00$\x00$\
\x00\x22\x00\x22\x00\x1d\x00\x1d\x00\x18\x00\x18\x00\x14\x00\x14\
\x00\x07\x00\x07\x00\xfc\xff\xfc\xff\xed\xff\xed\xff\xdc\xff\xdc\
\xff\xd1\xff\xd1\xff\xc2\xff\xc2\xff\xb7\xff\xb7\xff\xb0\xff\xb0\
\xff\xab\xff\xab\xff\xad\xff\xad\xff\xb4\xff\xb4\xff\xc1\xff\xc1\
\xff\xd0\xff\xd0\xff\xe0\xff\xe0\xff\xf0\xff\xf0\xff\xfe\xff\xfe\
\xff\x0d\x00\x0d\x00\x1c\x00\x1c\x00-\x00-\x00A\x00A\
\x00Z\x00Z\x00u\x00u\x00\x8b\x00\x8b\x00\xa2\x00\xa2\
\x00\xaf\x00\xaf\x00\xae\x00\xae\x00\xab\x00\xab\x00\x98\x00\x98\
\x00z\x00z\x00X\x00X\x00+\x00+\x00\xfb\xff\xfb\
\xff\xc9\xff\xc9\xff\x98\xff\x98\xffr\xffr\xffW\xffW\
\xffH\xffH\xffK\xffK\xff_\xff_\xff\x82\xff\x82\
\xff\xb0\xff\xb0\xff\xe2\xff\xe2\xff\x15\x00\x15\x00C\x00C\
\x00c\x00c\x00y\x00y\x00\x83\x00\x83\x00\x82\x00\x82\
\x00y\x00y\x00j\x00j\x00[\x00[\x00J\x00J\
\x00=\x00=\x006\x006\x000\x000\x00-\x00-\
\x00(\x00(\x00\x22\x00\x22\x00\x1c\x00\x1c\x00\x0e\x00\x0e\
\x00\x04\x00\x04\x00\xf8\xff\xf8\xff\xe9\xff\xe9\xff\xde\xff\xde\
\xff\xce\xff\xce\xff\xc2\xff\xc2\xff\xba\xff\xba\xff\xb4\xff\xb4\
\xff\xb5\xff\xb5\xff\xb8\xff\xb8\xff\xbf\xff\xbf\xff\xc9\xff\xc9\
\xff\xd0\xff\xd0\xff\xdb\xff\xdb\xff\xe4\xff\xe4\xff\xec\xff\xec\
\xff\xfa\xff\xfa\xff\x0a\x00\x0a\x00\x1f\x00\x1f\x00;\x00;\
\x00U\x00U\x00p\x00p\x00\x8b\x00\x8b\x00\x9b\x00\x9b\
\x00\xa6\x00\xa6\x00\xa7\x00\xa7\x00\x9e\x00\x9e\x00\x8d\x00\x8d\
\x00m\x00m\x00J\x00J\x00\x22\x00\x22\x00\xf1\xff\xf1\
\xff\xc9\xff\xc9\xff\xa0\xff\xa0\xff\x82\xff\x82\xfft\xfft\
\xffn\xffn\xff~\xff~\xff\x98\xff\x98\xff\xb8\xff\xb8\
\xff\xe4\xff\xe4\xff\x07\x00\x07\x00)\x00)\x00D\x00D\
\x00O\x00O\x00Y\x00Y\x00Y\x00Y\x00S\x00S\
\x00I\x00I\x00>\x00>\x009\x009\x003\x003\
\x002\x002\x001\x001\x00,\x00,\x00'\x00'\
\x00!\x00!\x00\x19\x00\x19\x00\x10\x00\x10\x00\x05\x00\x05\
\x00\xfd\xff\xfd\xff\xf2\xff\xf2\xff\xe6\xff\xe6\xff\xde\xff\xde\
\xff\xd7\xff\xd7\xff\xd1\xff\xd1\xff\xce\xff\xce\xff\xcf\xff\xcf\
\xff\xd5\xff\xd5\xff\xdc\xff\xdc\xff\xe2\xff\xe2\xff\xea\xff\xea\
\xff\xf0\xff\xf0\xff\xf5\xff\xf5\xff\xfe\xff\xfe\xff\x05\x00\x05\
\x00\x11\x00\x11\x00!\x00!\x004\x004\x00K\x00K\
\x00`\x00`\x00u\x00u\x00\x83\x00\x83\x00\x85\x00\x85\
\x00\x84\x00\x84\x00u\x00u\x00]\x00]\x00?\x00?\
\x00\x1c\x00\x1c\x00\xf3\xff\xf3\xff\xc6\xff\xc6\xff\xa0\xff\xa0\
\xff\x80\xff\x80\xffm\xffm\xffk\xffk\xfft\xfft\
\xff\x90\xff\x90\xff\xb9\xff\xb9\xff\xe8\xff\xe8\xff\x1c\x00\x1c\
\x00I\x00I\x00p\x00p\x00\x89\x00\x89\x00\x92\x00\x92\
\x00\x91\x00\x91\x00\x84\x00\x84\x00q\x00q\x00Z\x00Z\
\x00C\x00C\x000\x000\x00\x1c\x00\x1c\x00\x0e\x00\x0e\
\x00\x02\x00\x02\x00\xf8\xff\xf8\xff\xf2\xff\xf2\xff\xec\xff\xec\
\xff\xe9\xff\xe9\xff\xe6\xff\xe6\xff\xe5\xff\xe5\xff\xe7\xff\xe7\
\xff\xe5\xff\xe5\xff\xe3\xff\xe3\xff\xe0\xff\xe0\xff\xde\xff\xde\
\xff\xdd\xff\xdd\xff\xdb\xff\xdb\xff\xdc\xff\xdc\xff\xdf\xff\xdf\
\xff\xe4\xff\xe4\xff\xea\xff\xea\xff\xf3\xff\xf3\xff\xfc\xff\xfc\
\xff\x05\x00\x05\x00\x11\x00\x11\x00\x1c\x00\x1c\x00-\x00-\
\x00?\x00?\x00R\x00R\x00f\x00f\x00v\x00v\
\x00\x86\x00\x86\x00\x8b\x00\x8b\x00\x88\x00\x88\x00\x81\x00\x81\
\x00k\x00k\x00Q\x00Q\x004\x004\x00\x0c\x00\x0c\
\x00\xe5\xff\xe5\xff\xbe\xff\xbe\xff\x9c\xff\x9c\xff\x82\xff\x82\
\xffp\xffp\xffk\xffk\xffs\xffs\xff\x89\xff\x89\
\xff\xa8\xff\xa8\xff\xcd\xff\xcd\xff\xf5\xff\xf5\xff\x1d\x00\x1d\
\x00A\x00A\x00\x5c\x00\x5c\x00m\x00m\x00u\x00u\
\x00r\x00r\x00k\x00k\x00`\x00`\x00U\x00U\
\x00M\x00M\x00E\x00E\x00?\x00?\x009\x009\
\x002\x002\x00*\x00*\x00\x22\x00\x22\x00\x18\x00\x18\
\x00\x0b\x00\x0b\x00\x01\x00\x01\x00\xf4\xff\xf4\xff\xe6\xff\xe6\
\xff\xdd\xff\xdd\xff\xd0\xff\xd0\xff\xc5\xff\xc5\xff\xbe\xff\xbe\
\xff\xb8\xff\xb8\xff\xb8\xff\xb8\xff\xbb\xff\xbb\xff\xc2\xff\xc2\
\xff\xca\xff\xca\xff\xd4\xff\xd4\xff\xe0\xff\xe0\xff\xe8\xff\xe8\
\xff\xfa\xff\xfa\xff\x0d\x00\x0d\x00\x1e\x00\x1e\x009\x009\
\x00R\x00R\x00l\x00l\x00\x84\x00\x84\x00\x93\x00\x93\
\x00\x9f\x00\x9f\x00\xa0\x00\xa0\x00\x96\x00\x96\x00\x85\x00\x85\
\x00j\x00j\x00H\x00H\x00$\x00$\x00\xfb\xff\xfb\
\xff\xd0\xff\xd0\xff\xad\xff\xad\xff\x92\xff\x92\xff|\xff|\
\xffv\xffv\xff\x7f\xff\x7f\xff\x91\xff\x91\xff\xb1\xff\xb1\
\xff\xd6\xff\xd6\xff\xfc\xff\xfc\xff \x00 \x00<\x00<\
\x00O\x00O\x00Z\x00Z\x00[\x00[\x00U\x00U\
\x00K\x00K\x00=\x00=\x002\x002\x00(\x00(\
\x00\x22\x00\x22\x00 \x00 \x00\x1d\x00\x1d\x00\x1d\x00\x1d\
\x00\x1b\x00\x1b\x00\x19\x00\x19\x00\x17\x00\x17\x00\x10\x00\x10\
\x00\x0e\x00\x0e\x00\x08\x00\x08\x00\x00\x00\x00\x00\xfe\xff\xfe\
\xff\xf5\xff\xf5\xff\xee\xff\xee\xff\xea\xff\xea\xff\xe5\xff\xe5\
\xff\xe6\xff\xe6\xff\xe5\xff\xe5\xff\xe6\xff\xe6\xff\xe8\xff\xe8\
\xff\xec\xff\xec\xff\xf3\xff\xf3\xff\xf3\xff\xf3\xff\xf9\xff\xf9\
\xff\x02\x00\x02\x00\x09\x00\x09\x00\x18\x00\x18\x00&\x00&\
\x009\x009\x00L\x00L\x00\x5c\x00\x5c\x00k\x00k\
\x00s\x00s\x00s\x00s\x00m\x00m\x00_\x00_\
\x00M\x00M\x002\x002\x00\x15\x00\x15\x00\xf6\xff\xf6\
\xff\xd3\xff\xd3\xff\xba\xff\xba\xff\xa6\xff\xa6\xff\x97\xff\x97\
\xff\x99\xff\x99\xff\xa3\xff\xa3\xff\xb6\xff\xb6\xff\xd5\xff\xd5\
\xff\xf4\xff\xf4\xff\x15\x00\x15\x005\x005\x00J\x00J\
\x00\x5c\x00\x5c\x00b\x00b\x00`\x00`\x00Z\x00Z\
\x00M\x00M\x00A\x00A\x005\x005\x00)\x00)\
\x00$\x00$\x00\x1c\x00\x1c\x00\x19\x00\x19\x00\x15\x00\x15\
\x00\x0e\x00\x0e\x00\x0a\x00\x0a\x00\x00\x00\x00\x00\xf7\xff\xf7\
\xff\xf1\xff\xf1\xff\xe7\xff\xe7\xff\xe1\xff\xe1\xff\xdb\xff\xdb\
\xff\xd5\xff\xd5\xff\xd3\xff\xd3\xff\xd3\xff\xd3\xff\xd7\xff\xd7\
\xff\xda\xff\xda\xff\xe2\xff\xe2\xff\xee\xff\xee\xff\xf9\xff\xf9\
\xff\x05\x00\x05\x00\x0e\x00\x0e\x00\x1a\x00\x1a\x00#\x00#\
\x00*\x00*\x005\x005\x00?\x00?\x00J\x00J\
\x00W\x00W\x00a\x00a\x00j\x00j\x00m\x00m\
\x00j\x00j\x00c\x00c\x00S\x00S\x00@\x00@\
\x00*\x00*\x00\x0d\x00\x0d\x00\xf0\xff\xf0\xff\xd4\xff\xd4\
\xff\xb9\xff\xb9\xff\xa5\xff\xa5\xff\x98\xff\x98\xff\x94\xff\x94\
\xff\x9a\xff\x9a\xff\xa9\xff\xa9\xff\xc2\xff\xc2\xff\xe2\xff\xe2\
\xff\
\x00\x00\xba\x02\
R\
IFF\xfa\xb9\x00\x00WAVEfmt \x10\
\x00\x00\x00\x01\x00\x01\x00D\xac\x00\x00\x88X\x01\x00\x02\
\x00\x10\x00LIST\x1a\x00\x00\x00INFOI\
SFT\x0d\x00\x00\x00Lavf63.6.\
100\x00\x00data\xb4\xb9\x00\x00\x15\x00\x85\
\x00\xdb\x0e\x0a\x22\xb93mD\x9eR\x00_,h\xfa\
n+r\xa9r\x91o\xb5i\xa5`3U5Gm\
7\x04&\xa4\x13\xbd\x00\xca\xed_\xdb\xe8\xc9\xff\xb9\xf7\
\xabT\xa05\x97!\x91\xf8\x8d#\x8eN\x91\xbf\x97\xf6\
\xa0\x00\xadU\xbb\xab\xcbt\xdd:\xf0m\x03\x87\x16\x00\
)C:\xf0I\x5cWlb\x8ej\xc7o\xcaq\xa3\
pWl\xf2d\xd7Z-Ng?\xe3.\x09\x1d{\
\x0a\x9f\xf7\x0f\xe54\xd3\xa4\xc2\xc4\xb3\x0f\xa7\xcf\x9cN\
\x95\xce\x90b\x8f\x1f\x91\xea\x95\xbb\x9d?\xa8D\xb5Z\
\xc4\x1b\xd5\x15\xe7\xb8\xf9\x90\x0c\x02\x1f\x960\xca@ \
OI[\xcfd\x90k?o\xdboUm\xc7gS\
_8T\xccFe7y&y\x14\xf6\x01`\xefH\
\xdd\x1c\xccp\xbc\x9c\xae\x15\xa3#\x9a\x09\x94\xf2\x90\xf6\
\x90\x0e\x940\x9a&\xa3\xb2\xae\x89\xbc;\xccd\xdd~\
\xef\x0c\x02\x85\x14k&:7\x84F\xceS\xbf^\x05\
gfl\xben\xfem'jZc\xc8Y\xb5Mz\
?~/1\x1e\x0c\x0c\x96\xf9K\xe7\xad\xd5F\xc5\x88\
\xb6\xdb\xa9\x99\x9f\x06\x98_\x93\xc0\x913\x93\xb5\x97#\
\x9fC\xa9\xd0\xb5m\xc4\xb2\xd4+\xe6X\xf8\xb9\x0a\xca\
\x1c\x0c.\x05><LNX\xe6a\xc2h\xafl\x8f\
mak2f'^~S}F\x877\x0b'v\
\x15L\x03\x10\xf1?\xdfY\xce\xd8\xbe+\xb1\xb6\xa5\xc6\
\x9c\x9a\x96b\x934\x93\x0d\x96\xd9\x9bt\xa4\x9d\xaf\xfe\
\xbc>\xcc\xf1\xdc\x98\xee\xb7\x00\xd2\x12c$\xea4\xf7\
C\x1cQ\xf5[=d\xb8i:l\xb8k7h\xca\
a\xa5X\x0bMM?\xcc/\xfb\x1eQ\x0dK\xfbj\
\xe9*\xd8\x08\xc8z\xb9\xe3\xac\x9d\xa2\xf4\x9a\x1b\x969\
\x94X\x95m\x99b\xa0\x04\xaa\x0a\xb6 \xc4\xe2\xd3\xde\
\xe4\x99\xf6\x93\x08P\x1aN+\x0f;%I/U\xd0\
^\xc7e\xe8i\x0fk7itd\xe1\x5c\xb8RF\
F\xde7\xed'\xe4\x167\x05i\xf3\xf6\xe1Y\xd1\x0d\
\xc2}\xb4\x06\xa9\x03\xa0\xb3\x99?\x96\xc8\x95M\x98\xb6\
\x9d\xdd\xa5\x81\xb0V\xbd\x03\xcc\x1e\xdc6\xed\xcf\xfen\
\x10\x98!\xd01\xa1@\xa5MzX\xd3`xf=\
i\x12i\xf5e\xfa_TW<L\x03?\x0c0\xbf\
\x1f\x93\x0e\x06\xfd\x91\xeb\xb1\xda\xe2\xca\x92\xbc)\xb0\xfc\
\xa5U\x9ej\x99Y\x973\x98\xf5\x9b~\xa2\xa2\xab!\
\xb7\xa4\xc4\xce\xd34\xe4[\xf5\xcc\x06\x0c\x18\x9c(\x0a\
8\xe2E\xc1QX[]b\x9ef\x03h~f\x17\
b\xf6ZJQXE{7\x14(\x91\x17k\x06\x1d\
\xf5\x1f\xe4\xe8\xd3\xf4\xc4\xaa\xb7f\xacz\xa3&\x9d\x92\
\x99\xdc\x98\x07\x9b\x02\xa0\xaa\xa7\xca\xb1\x18\xbe9\xcc\xcb\
\xdb_\xecz\xfd\xa5\x0ee\x1fB/\xc9=\x92J@\
U\x8a]5c\x17f\x1ffIc\xaf]xU\xde\
J/>\xc9/\x0f v\x0ft\xfe~\xed\x0f\xdd\xa1\
\xcd\x9c\xbfe\xb3T\xa9\xb0\xa1\xaf\x9ct\x9a\x0b\x9bt\
\x9e\x97\xa4F\xadC\xb8?\xc5\xde\xd3\xb6\xe3W\xf4G\
\x05\x10\x16:&M5\xe1B\x94N\x0eX\x10_j\
c\xf9d\xb4c\xa7_\xecX\xb6OHD\xf56\x1c\
((\x18\x8d\x07\xc1\xf68\xe6m\xd6\xcf\xc7\xc4\xba\xac\
\xaf\xd5\xa6|\xa0\xcd\x9c\xe2\x9b\xc3\x9da\xa2\x9a\xa9;\
\xb3\x00\xbf\x92\xcc\x91\xdb\x93\xeb\x22\xfc\xcb\x0c\x17\x1d\x90\
,\xc7:XG\xe6Q)Z\xe5_\xf1b;c\xbd\
`\x8a[\xcaS\xb3I\x8e=\xb4/\x87 s\x10\xef\
\xffp\xefg\xdfJ\xd0\x87\xc2\x80\xb6\x88\xac\xe6\xa4\xd3\
\x9fo\x9d\xcc\x9d\xe8\xa0\xac\xa6\xec\xaen\xb9\xe8\xc5\xff\
\xd3L\xe3a\xf3\xcc\x03\x1a\x14\xd6#\x8c2\xd5?R\
K\xb2T\xb2[!`\xdfa\xe3`2]\xe7V0\
NKC\x8a6D(\xe0\x18\xcf\x08\x84\xf8n\xe8\x02\
\xd9\xb1\xca\xdf\xbd\xe8\xb2\x1b\xaa\xb5\xa3\xe2\x9f\xbf\x9eT\
\xa0\x95\xa4b\xab\x8a\xb4\xce\xbf\xdb\xccR\xdb\xcd\xea\xdc\
\xfa\x0a\x0b\xe8\x1a\x04*\xef7ED\xb1N\xe6V\xae\
\x5c\xde_^`.^]Y\x0cRtH\xd6<\x86\
/\xe7 ^\x11^\x01W\xf1\xb8\xe1\xf5\xd2z\xc5\xa2\
\xb9\xc4\xaf'\xa8\xfe\xa2q\xa0\x8e\xa0U\xa3\xb4\xa8\x81\
\xb0\x85\xbax\xc6\x02\xd4\xc4\xe2T\xf2>\x02\x16\x12l\
!\xcd/\xd5<(HtQxX\x03]\xf5^A\
^\xebZ\x0cU\xcfLlB16v(\x98\x19\x06\
\x0a2\xfa\x85\xear\xdbi\xcd\xcb\xc0\xf2\xb50\xad\xbf\
\xa6\xcc\xa2w\xa1\xc7\xa2\xb2\xa6\x1c\xad\xd6\xb5\xa4\xc04\
\xcd+\xdb'\xea\xbb\xf9v\x09\xeb\x18\xa9'E5b\
A\xa6K\xc9S\x96Y\xde\x5c\x8e]\xa5[,WC\
P!G\x05<=/(!)\x12\xac\x02\x1e\xf3\xec\
\xe3\x87\xd5S\xc8\xad\xbc\xee\xb2W\xab\x1d\xa6e\xa3E\
\xa3\xbd\xa5\xb9\xaa\x16\xb2\xa0\xbb\x11\xc7\x18\xd4W\xe2d\
\xf1\xd3\x00>\x100\x1f>-\x05:*E[N[\
U\xf6Y\x0d\x5c\x93[\x8aX\x08S7KNA\x94\
5^(\x0b\x1a\x01\x0b\xac\xfby\xec\xd2\xdd!\xd0\xca\
\xc3$\xb9z\xb0\x09\xaa\xfd\xa5x\xa4\x80\xa5\x0e\xa9\x09\
\xafF\xb7\x89\xc1\x8a\xcd\xf2\xda_\xe9j\xf8\xa6\x07\xae\
\x16\x0f%b2L>uH\x93PrV\xe5Y\xd1\
Z5Y\x1cU\xa4N\xf7EW;\x12/~!\xfd\
\x12\xfa\x03\xdb\xf4\x0d\xe6\xfd\xd7\x0d\xcb\x9c\xbf\xfb\xb5k\
\xae%\xa9P\xa6\xf9\xa5'\xa8\xc9\xac\xbc\xb3\xd0\xbc\xc4\
\xc7C\xd4\xfa\xe1\x85\xf0x\xffk\x0e\xf7\x1c\xaf*2\
7(BBK?R\xefV1Y\xf5X=V\x1d\
Q\xb9IG@\x0b5V(\x82\x1a\xf5\x0b\x15\xfdK\
\xee\x02\xe0\xa1\xd2\x87\xc6\x0a\xbcx\xb3\x08\xad\xec\xa8B\
\xa7\x0e\xa8P\xab\xf2\xb0\xc6\xb8\x95\xc2\x1c\xce\x02\xdb\xee\
\xe8|\xf7A\x06\xd8\x14\xd6\x22\xd6/\x7f;zE\x80\
M\x5cS\xe2V\xf8W\x9cV\xd4R\xbaL}DY\
:\x95.\x86!\x8a\x13\x07\x05b\xf6\x04\xe8V\xda\xb6\
\xcd\x80\xc2\x07\xb9\x8c\xb1C\xacR\xa9\xca\xa8\xb4\xaa\x03\
\xaf\x8f\xb5.\xbe\xa6\xc8\xa3\xd4\xd5\xe1\xdd\xefO\xfe\xcc\
\x0c\xed\x1aH(\x814??3H#O\xdaS8\
V/V\xbbS\xf0N\xf4G\xf3>24\x02(\xb0\
\x1a\xa4\x0cH\xfe\xf5\xef\x16\xe2\x15\xd5H\xc9\x04\xbf\x95\
\xb65\xb0\x13\xacF\xaa\xdd\xaa\xda\xad\x1e\xb3\x84\xba\xdc\
\xc3\xdf\xce=\xdb\xa0\xe8\xa6\xf6\xe8\x04\x05\x13\x9a B\
-\xa08gBSJ'P\xbcS\xfbT\xdaS`\
P\xa9J\xdcB39\xf2-l!\xfa\x13\xfd\x05\xdb\
\xf7\xf5\xe9\xad\xdch\xd0{\xc52\xbc\xd0\xb4\x89\xaf\x83\
\xac\xd2\xabw\xadi\xb1\x8d\xb7\xb4\xbf\xa4\xc9\x14\xd5\xb4\
\xe1+\xef\x14\xfd\x0f\x0b\xba\x18\xb2%\x9a1\x1d<\xef\
D\xd4K\x9bP\x1dSOS.Q\xc6L;F\xb8\
=}3\xd6'\x10\x1b\x8c\x0d\xae\xff\xd0\xf1\x5c\xe4\xb3\
\xd7)\xcc\x16\xc2\xc5\xb9i\xb34\xafA\xad\x9d\xadG\
\xb0)\xb5 \xbc\xfd\xc4y\xcfN\xdb(\xe8\xa5\xf5h\
\x03\x11\x11<\x1e\x8b*\xaa5E?\x1aG\xf0L\x9f\
P\x10R7Q\x16N\xc8HuAN8\x95-\x99\
!\xad\x140\x07\x85\xf9\x0a\xec\x1c\xdf\x1e\xd3c\xc88\
\xbf\xe0\xb7\x8d\xb2c\xafz\xae\xd9\xafv\xb35\xb9\xed\
\xc0f\xca\x5c\xd5\x81\xe1~\xee\xf4\xfb\x83\x09\xca\x16n\
#\x12/a9\x10B\xe5H\xb1MPP\xaeP\xc9\
N\xb1J\x87Do<\xa82|'5\x1b-\x0e\xc8\
\x00_\xf3P\xe6\xfd\xd9\xbf\xce\xe2\xc4\xb0\xbcc\xb6%\
\xb2\x14\xb0?\xb0\xa5\xb24\xb7\xca\xbd6\xc6>\xd0\x99\
\xdb\xf7\xe7\xfb\xf4F\x02\x80\x0fL\x1cG(\x1c3\x83\
<7D\xffI\xb4M<O\x8fN\xafK\xb1F\xba\
?\x007\xbc,9!\xcc\x14\xd0\x07\x9f\xfa\x97\xed\x13\
\xe1s\xd5\x05\xcb\x13\xc2\xe1\xba\xa0\xb5p\xb2m\xb1\x9d\
\xb2\xf4\xb5]\xbb\xae\xc2\xb2\xcb,\xd6\xcd\xe1B\xee2\
\xfb@\x08\x0f\x15G!\x8c,\x8e6\x08?\xbcE}\
J(M\xa9M\x00L9HoB\xca:\x811\xdc\
&#\x1b\xa8\x0e\xc9\x01\xe4\xf4M\xe8b\xdcy\xd1\xdd\
\xc7\xd6\xbf\x9d\xb9Y\xb5-\xb3%\xb3@\xb5v\xb9\xa1\
\xbf\x95\xc7\x1d\xd1\xf1\xdb\xc5\xe7D\xf4\x11\x01\xd4\x0d2\
\x1a\xd2%a0\x929!A\xdfF\xa1JJL\xd0\
K:I\x97D\x0b>\xc65\x00,\x01!\x1b\x15\xa3\
\x08\xf0\xfb]\xefC\xe3\xfa\xd7\xd2\xcd\x14\xc5\xfe\xbd\xc0\
\xb8\x7f\xb5T\xb4H\xb5M\xb8R\xbd5\xc4\xbd\xcc\xb2\
\xd6\xcf\xe1\xbe\xed+\xfa\xbe\x06\x1f\x13\xf5\x1e\xea)\xb1\
3\x03<\xa4BjG/J\xe0J{I\x08F\xa2\
@q9\xa30}&G\x1bO\x0f\xee\x02}\xf6N\
\xea\xbe\xde\x1f\xd4\xba\xca\xd4\xc2\xa7\xbcZ\xb8\x0f\xb6\xd4\
\xb5\xa9\xb7\x86\xbbJ\xc1\xcb\xc8\xd6\xd1)\xdc|\xe7{\
\xf3\xcb\xff\x1b\x0c\x16\x18`#\xa9-\xa86\x1e>\xd7\
C\xa8GvI8I\xedF\xa8B\x89<\xb74o\
+\xf3 \x8b\x15\x8e\x09R\xfd*\xf1l\xe5o\xda\x83\
\xd0\xec\xc7\xe9\xc0\xa9\xbbS\xb8\xff\xb6\xb5\xb7q\xba\x1d\
\xbf\x97\xc5\xb2\xcd5\xd7\xd8\xe1Q\xedL\xf9p\x05l\
\x11\xea\x1c\x95'\x1f1G9\xd2?\x92DeG7\
H\x06G\xd6C\xc3>\xf17\x90/\xdb%\x1d\x1b\x9e\
\x0f\xb3\x03\xb6\xf7\xf5\xeb\xc2\xe0v\xd6U\xcd\xa1\xc5\x91\
\xbfM\xbb\xf6\xb8\x9d\xb8B\xba\xd6\xbdC\xc3b\xca\xfc\
\xd2\xd7\xdc\xac\xe7)\xf3\x00\xff\xd8\x0a_\x16G!:\
+\xf53;;\xd4@\x9eD{F^FLDQ\
@\x8a:#3O*O j\x15\xf0\x093\xfe\x84\
\xf28\xe7\xa2\xdc\x0a\xd3\xb5\xca\xdf\xc3\xbb\xbej\xbb\x02\
\xba\x90\xba\x10\xbdk\xc1\x84\xc73\xcf:\xd8\x5c\xe2S\
\xed\xc8\xf8l\x04\xf2\x0f\x00\x1bJ%\x87.s6\xd8\
<\x85AYDHEEDUA\x94<#60\
.\xf4$\xb1\x1a\xb0\x0fF\x04\xc2\xf8s\xed\xab\xe2\xbb\
\xd8\xe7\xcfm\xc8\x84\xc2V\xbe\xff\xbb\x8d\xbb\x06\xbd]\
\xc0y\xc54\xcca\xd4\xc1\xdd\x11\xe8\x0c\xf3]\xfe\xaf\
\x09\xbc\x146\x1f\xc9(41=8\xb3=nAT\
CZC\x7fA\xcd=h8q1\x18)\x9d\x1fA\
\x15R\x0a\x1d\xff\xf0\xf3\x1c\xe9\xec\xde\xad\xd5\xa1\xcd\xfa\
\xc6\xed\xc1\xa0\xbe%\xbd\x88\xbd\xc5\xbf\xcd\xc3\x82\xc9\xb8\
\xd0A\xd9\xdd\xe2D\xed.\xf8K\x03N\x0e\xe9\x18\xce\
\x22\xb7+e3\xa29A>\x1fA,BcA\xc3\
>b:c4\xef,;$\x83\x1a\x10\x100\x05.\
\xfaV\xef\xf6\xe4^\xdb\xcc\xd2\x80\xcb\xb0\xc5\x7f\xc1\x0f\
\xbfu\xbe\xac\xbf\xad\xc2e\xc7\xb1\xcdc\xd5A\xde\x0e\
\xe8\x86\xf2W\xfd3\x08\xd5\x12\xee\x1c3&c.D\
5\xa7:e>c@\x96@\xfa>\x9c;\x966\x0d\
0-(0\x1fU\x15\xe4\x0a+\x00s\xf5\x08\xeb5\
\xe1@\xd8j\xd0\xea\xc9\xef\xc4\x9c\xc1\x07\xc0;\xc08\
\xc2\xec\xc5@\xcb\x0d\xd2\x1c\xda:\xe3'\xed\x94\xf77\
\x02\xc9\x0c\xfd\x16\x8a +)\xa20\xba6G;.\
>V?\xb6>V<H8\xa82\xa0+_#&\
\x1a1\x10\xca\x05D\xfb\xe1\xf0\xe9\xe6\xa9\xddc\xd5Q\
\xce\xa3\xc8\x85\xc4\x11\xc2Y\xc1a\xc2!\xc5\x85\xc9m\
\xcf\xab\xd6\x11\xdf_\xe8R\xf2\xa2\xfc\x03\x07/\x11\xe1\
\x1a\xcc#\xb4+b2\xa37W;b=\xb6=P\
<:9\x904n.\x02'\x81\x1e'\x158\x0b\xfc\
\x00\xbf\xf6\xc5\xecU\xe3\xb6\xda\x22\xd3\xd1\xcc\xf6\xc7\xa7\
\xc4\x02\xc3\x15\xc3\xd7\xc4B\xc8<\xcd\x9c\xd39\xdb\xda\
\xe3B\xed.\xf7Q\x01g\x0b+\x15S\x1e\x9d&\xd1\
-\xbd328\x12;N<\xdb;\xba9\xfc5\xc1\
0,*g\x22\xb0\x19D\x10d\x06`\xfcv\xf2\xed\
\xe8\x0e\xe0\x13\xd89\xd1\xb3\xcb\xa1\xc7\x22\xc5L\xc4\x1f\
\xc5\x96\xc7\xa2\xcb!\xd1\xeb\xd7\xd5\xdf\xa3\xe8\x13\xf2\xe3\
\xfb\xcc\x05\x88\x0f\xd4\x18j!\x0d)\x8a/\xaf4X\
8p:\xe4:\xb19\xe56\x902\xd2,\xd7%\xcf\
\x1d\xf1\x14\x82\x0b\xc4\x01\xfd\xf7s\xeeg\xe5\x1b\xdd\xca\
\xd5\xad\xcf\xeb\xca\xa3\xc7\xf1\xc5\xdf\xc5k\xc7\x8d\xca+\
\xcf$\xd5P\xdcv\xe4^\xed\xcc\xf6t\x00\x14\x0ak\
\x133\x1c-$\x22+\xe00>5\x1d8i9\x1b\
947\xc33\xe5.\xb6(e!+\x19=\x10\xde\
\x06V\xfd\xe2\xf3\xc5\xeaD\xe2\x9a\xda\xfe\xd3\x9f\xce\xa2\
\xca#\xc85\xc7\xdb\xc7\x11\xca\xcb\xcd\xe8\xd2D\xd9\xb4\
\xe0\x02\xe9\xf1\xf1B\xfb\xaf\x04\xf6\x0d\xda\x16\x17\x1fr\
&\xb7,\xbc1[5y7\x0d8\x107\x884\x89\
04+\xa9$\x18\x1d\xbc\x14\xce\x0b\x8d\x02=\xf9 \
\xf0x\xe7\x81\xdfr\xd8\x82\xd2\xda\xcd\x99\xca\xd7\xc8\x9d\
\xc8\xf3\xc9\xcb\xcc\x0d\xd1\xa0\xd6W\xdd\x05\xe5s\xeda\
\xf6\x90\xff\xbf\x08\xac\x11\x18\x1a\xc4!~(\x15.\x5c\
2:5\x9a6t6\xca4\xa31\x1d-V'x\
 \xb3\x18>\x10\x5c\x07J\xfeC\xf5\x8e\xech\xe4\x05\
\xdd\xa3\xd6k\xd1\x7f\xcd\xfe\xca\xfa\xc9v\xcar\xcc\xde\
\xcf\x9f\xd4\x95\xda\x94\xe1j\xe9\xe2\xf1\xba\xfa\xae\x03\x8b\
\x0c\x0a\x15\xeb\x1c\x01$\x0e*\xe9.x2\x9a4A\
5l4!2q.u)R#6\x1cQ\x14\xe0\
\x0b\x1e\x03H\xfa\x9f\xf1`\xe9\xc5\xe1\x05\xdbQ\xd5\xcf\
\xd0\xa1\xcd\xda\xcb\x88\xcb\xb0\xccC\xcf/\xd3\x5c\xd8\xa1\
\xde\xd3\xe5\xbd\xed#\xf6\xcf\xfe\x7f\x07\xf4\x0f\xf8\x17K\
\x1f\xbc%\x1e+G/\x1f2\x903\x8f3\x1f2G\
/ +\xc7%`\x1f\x1b\x18,\x10\xcd\x07:\xff\xae\
\xf6h\xee\xa0\xe6\x91\xdfm\xd9^\xd4\x87\xd0\x06\xce\xeb\
\xcc=\xcd\xf8\xce\x14\xd2u\xd6\xfc\xdb\x85\xe2\xdd\xe9\xd4\
\xf1,\xfa\xa5\x02\x0d\x0b$\x13\xac\x1au!J'\x02\
,\x81/\xa81k2\xc51\xbb/^,\xc2'\x0b\
\x22e\x1b\xfb\x13\x06\x0c\xbe\x03^\xfb$\xf3F\xeb\x01\
\xe4\x88\xdd\x07\xd8\xa6\xd3\x83\xd0\xb5\xceK\xceC\xcf\x93\
\xd11\xd5\xff\xd9\xda\xdf\x99\xe6\x0a\xee\xf8\xf5)\xfec\
\x06l\x0e\x0b\x16\x0b\x1d7#c(l,5/\xae\
0\xcb0\x87/\xf1,\x1d)$$*\x1e[\x17\xe6\
\x0f\x05\x08\xed\xff\xd9\xf7\x03\xf0\xa0\xe8\xe9\xe1\x0a\xdc/\
\xd7y\xd3\x04\xd1\xe0\xcf\x11\xd0\x99\xd1n\xd4w\xd8\x9a\
\xdd\xaf\xe3\x8b\xea\x01\xf2\xd5\xf9\xd0\x01\xbd\x09^\x11\x82\
\x18\xf4\x1e\x84$\x0d)n,\x8f.d/\xe6.\x18\
-\x09*\xd0%\x87 Y\x1au\x13\x05\x0cB\x04f\
\xfc\xa5\xf49\xedW\xe6,\xe0\xe9\xda\xb1\xd6\xa0\xd3\xcf\
\xd1I\xd1\x0e\xd2\x1b\xd4c\xd7\xc9\xdb/\xe1s\xe7`\
\xee\xc9\xf5y\xfd2\x05\xc6\x0c\xff\x13\xa3\x1a\x85 }\
%f)(,\xaa-\xe7-\xdd,\x90*\x14'\x83\
\x22\xfd\x1c\xa9\x16\xb4\x0fQ\x08\xb6\x00\x1a\xf9\xb2\xf1\xaf\
\xeaI\xe4\xad\xde\xfd\xd9d\xd6\xf4\xd3\xc0\xd2\xd0\xd2#\
\xd4\xb0\xd6b\xda!\xdf\xcc\xe42\xeb,\xf2\x87\xf9\x08\
\x01\x82\x08\xbb\x0f}\x16\x9e\x1c\xee!H&\x8e)\xa8\
+\x8a,.,\x96*\xce'\xea#\x08\x1fK\x19\xd8\
\x12\xe4\x0b\xa0\x04;\xfd\xec\xf5\xea\xeed\xe8\x87\xe2\x80\
\xdds\xd9x\xd6\xa7\xd4\x10\xd4\xb1\xd4\x87\xd6\x83\xd9\x93\
\xdd\x9a\xe2p\xe8\xeb\xee\xdd\xf5\x15\xfd_\x04\x86\x0bW\
\x12\xa2\x18:\x1e\xf5\x22\xb3&\x5c)\xda*&+<\
*$(\xed$\xaf \x8d\x1b\xa6\x15$\x0f9\x08\x19\
\x01\xf8\xf9\x00\xf3f\xec]\xe6\x0e\xe1\x9e\xdc.\xd9\xd4\
\xd6\xa0\xd5\x9c\xd5\xc7\xd6\x18\xd9~\xdc\xe3\xe0\x22\xe6\x16\
\xec\x9c\xf2z\xf9\x82\x00\x87\x07P\x0e\xb1\x14z\x1a\x81\
\x1f\xa6#\xc6&\xd1(\xb9)p)\x02(x%\xe0\
!Y\x1d\x00\x18\xff\x11\x82\x0b\xb4\x04\xca\xfd\xf2\xf6[\
\xf0:\xea\xb7\xe4\xf9\xdf#\xdcM\xd9\x8e\xd7\xf2\xd6{\
\xd7%\xd9\xe3\xdb\xa3\xdfJ\xe4\xb3\xe9\xb9\xef2\xf6\xeb\
\xfc\xb6\x03d\x0a\xc5\x10\xa9\x16\xe7\x1b[ \xe2#f\
&\xda'.(`'{%\x8b\x22\xa6\x1e\xe9\x19t\
\x14r\x0e\x0a\x08m\x01\xce\xfaR\xf4.\xee\x8e\xe8\x93\
\xe3i\xdf-\xdc\xeb\xd9\xbe\xd8\xa7\xd8\xa6\xd9\xbb\xdb\xd1\
\xde\xd0\xe2\xa0\xe7\x1a\xed\x17\xf3p\xf9\xf4\xfft\x06\xc3\
\x0c\xb3\x12\x1b\x18\xd4\x1c\xba \xb5#\xaf%\x98&p\
&3%\xee\x22\xb2\x1f\x92\x1b\xb0\x161\x119\x0b\xf5\
\x04\x91\xfe:\xf8\x1e\xf2e\xec=\xe7\xc9\xe2$\xdfm\
\xdc\xb2\xda\x02\xdae\xda\xd0\xdb;\xde\x97\xe1\xcd\xe5\xbd\
\xea@\xf03\xf6j\xfc\xb5\x02\xee\x08\xe4\x0ej\x14^\
\x19\x98\x1d\xfa q#\xe8$R%\xb2$\x0d#l\
 \xe4\x1c\x8e\x18\x8b\x13\x01\x0e\x15\x08\xf1\x01\xc9\xfb\xbd\
\xf5\xfe\xef\xb9\xea\x0b\xe6\x1a\xe2\x02\xdf\xd5\xdc\xa6\xdbw\
\xdbM\xdc$\xde\xe8\xe0\x8b\xe4\xf0\xe8\xf3\xedw\xf3U\
\xf9\x5c\xffe\x05E\x0b\xd4\x10\xe5\x15X\x1a\x0d\x1e\xe6\
 \xd5\x22\xc8#\xb7#\xaa\x22\xa6 \xb7\x1d\xf4\x19v\
\x15e\x10\xe2\x0a\x14\x05'\xff>\xf9\x8a\xf37\xeec\
\xe93\xe5\xc7\xe12\xdf\x89\xdd\xd6\xdc\x1f\xddb\xde\x91\
\xe0\xa0\xe3y\xe7\x00\xec\x16\xf1\x93\xf6Q\xfc*\x02\xf3\
\x07\x84\x0d\xb4\x12[\x17]\x1b\x9c\x1e\xfe v\x22\xf8\
\x22~\x22\x10!\xb3\x1ez\x1b\x7f\x17\xd9\x12\xad\x0d\x1f\
\x08V\x02\x7f\xfc\xbf\xf6>\xf1(\xec\xa1\xe7\xc8\xe3\xb8\
\xe0\x87\xdeE\xdd\xfa\xdc\xab\xddQ\xdf\xe0\xe1H\xe5o\
\xe95\xee}\xf3!\xf9\xf3\xfe\xca\x04\x83\x0a\xf2\x0f\xeb\
\x14P\x19\xfe\x1c\xda\x1f\xd3!\xd9\x22\xe6\x22\xf7!\x14\
 M\x1d\xb4\x19d\x15z\x10\x19\x0bo\x05\x9f\xff\xce\
\xf9*\xf4\xdb\xee\x09\xea\xd4\xe5W\xe2\xac\xdf\xe7\xdd\x17\
\xdd=\xdd\x5c\xdej\xe0Y\xe3\x18\xe7\x8d\xeb\x93\xf0\x07\
\xf6\xc2\xfb\x97\x01b\x07\xf9\x0c1\x12\xe8\x16\xfb\x1aL\
\x1e\xc6 X\x22\xf3\x22\x95\x22@!\xfc\x1e\xda\x1b\xf0\
\x17Z\x139\x0e\xaf\x08\xe7\x02\x0d\xfdC\xf7\xb7\xf1\x93\
\xec\xf9\xe7\x0c\xe4\xe8\xe0\xa2\xdeJ\xdd\xed\xdc\x8c\xdd\x1e\
\xdf\x9b\xe1\xf5\xe4\x0e\xe9\xca\xed\x09\xf3\xa4\xf8r\xfeK\
\x04\x05\x0aw\x0fx\x14\xeb\x18\xaa\x1c\x98\x1f\xa6!\xc3\
\x22\xe8\x22\x12\x22H \x97\x1d\x0f\x1a\xcf\x15\xf5\x10\x9f\
\x0b\xf6\x05$\x00R\xfa\xa7\xf4J\xeff\xea\x1e\xe6\x8f\
\xe2\xd0\xdf\xfa\xdd\x1b\xdd1\xddB\xdeC\xe0#\xe3\xd4\
\xe68\xeb/\xf0\x98\xf5I\xfb\x1d\x01\xe9\x06\x84\x0c\xc6\
\x11\x8a\x16\xab\x1a\x0c\x1e\x97 8\x22\xe6\x22\x9a\x22U\
!$\x1f\x11\x1c4\x18\xad\x13\x96\x0e\x16\x09X\x03\x85\
\xfd\xc1\xf78\xf2\x10\xedk\xe8s\xe4A\xe1\xe5\xdey\
\xdd\x07\xdd\x8a\xdd\x03\xdfg\xe1\xa6\xe4\xaa\xe8S\xed\x80\
\xf2\x11\xf8\xd9\xfd\xad\x03m\x09\xe6\x0e\xf4\x13v\x18E\
\x1cL\x1fu!\xa9\x22\xe9\x220\x22\x7f \xe7\x1dw\
\x1aJ\x16\x7f\x115\x0c\x94\x06\xc4\x00\xf1\xfa=\xf5\xd7\
\xef\xe8\xea\x8d\xe6\xea\xe2\x16\xe0$\xde'\xdd#\xdd\x19\
\xde\x00\xe0\xcc\xe2j\xe6\xbc\xea\xa9\xef\x0c\xf5\xb9\xfa\x8b\
\x00Z\x06\xfc\x0bG\x11\x16\x16G\x1a\xbd\x1d^ \x16\
\x22\xdb\x22\xa5\x22v!Z\x1fZ\x1c\x8f\x18\x15\x14\x09\
\x0f\x93\x09\xd9\x03\x05\xfe=\xf8\xac\xf2|\xed\xce\xe8\xc7\
\xe4\x83\xe1\x16\xdf\x99\xdd\x11\xdd\x81\xdd\xe9\xde<\xe1j\
\xe4`\xe8\xff\xec\x22\xf2\xa8\xf7k\xfd>\x03\xfb\x08z\
\x0e\x8e\x13\x19\x18\xf6\x1b\x09\x1f@!\x88\x22\xd8\x22/\
\x22\x94 \x0f\x1e\xb3\x1a\x9a\x16\xdc\x11\x9f\x0c\x09\x07>\
\x01o\xfb\xc0\xf5X\xf0a\xeb\xf9\xe6C\xe3`\xe0\x5c\
\xdeF\xdd-\xdd\x09\xde\xd8\xdf\x8c\xe2\x11\xe6Q\xea-\
\xef\x80\xf4$\xfa\xf1\xff\xc1\x05i\x0b\xbf\x10\x9b\x15\xde\
\x19h\x1d\x1c \xec!\xcc\x22\xb0\x22\x9d!\x99\x1f\xb4\
\x1c\x00\x19\x97\x14\x9a\x0f-\x0a{\x04\xaa\xfe\xdc\xf8D\
\xf3\x08\xeeK\xe91\xe5\xd6\xe1R\xdf\xb7\xdd\x10\xddd\
\xdd\xaf\xde\xea\xe0\x06\xe4\xeb\xe7z\xec\x92\xf1\x14\xf7\xd6\
\xfc\xa8\x02k\x08\xf5\x0d\x17\x13\xb2\x17\xa4\x1b\xce\x1e\x1b\
!{\x22\xe1\x22P\x22\xca V\x1e\x0b\x1b\xfe\x16J\
\x12\x13\x0d~\x07\xb6\x01\xe3\xfb)\xf6\xb7\xf0\xb2\xeb;\
\xe7x\xe3\x7f\xe0g\xdeB\xdd\x15\xdd\xe0\xdd\xa1\xdfI\
\xe2\xc5\xe5\xfc\xe9\xd2\xee\x22\xf4\xc8\xf9\x99\xffl\x05\x1b\
\x0bz\x10c\x15\xb3\x19G\x1d\x0d \xec!\xd8\x22\xcf\
\x22\xca!\xd3\x1f\xf8\x1cL\x19\xec\x14\xf5\x0f\x8d\x0a\xdb\
\x04\x07\xff7\xf9\x95\xf3O\xee\x85\xe9Y\xe5\xed\xe1Z\
\xdf\xae\xdd\xf7\xdc=\xddy\xde\xa5\xe0\xb4\xe3\x8a\xe7\x0e\
\xec!\xf1\x9f\xf6`\xfc8\x02\x00\x08\x92\x0d\xc0\x12j\
\x17l\x1b\xaa\x1e\x0d!\x82\x22\x00#\x85\x22\x14!\xb3\
\x1ey\x1bz\x17\xd0\x12\xa0\x0d\x0f\x08F\x02p\xfc\xaf\
\xf61\xf1\x1e\xec\x95\xe7\xbe\xe3\xae\xe0~\xde?\xdd\xf8\
\xdc\xad\xddY\xdf\xec\xe1T\xe5{\xe9F\xee\x8d\xf3-\
\xf9\xfd\xfe\xd3\x04\x88\x0a\xf2\x0f\xea\x14M\x19\xf9\x1c\xd5\
\x1f\xcc!\xd2\x22\xde\x22\xf0!\x0e I\x1d\xb3\x19a\
\x15x\x10\x1b\x0bj\x05\x99\xff\xca\xf9$\xf4\xd3\xee\xfa\
\xe9\xc2\xe5G\xe2\x9c\xdf\xda\xdd\x0e\xdd:\xdd_\xdes\
\xe0i\xe3*\xe7\x9f\xeb\xa5\xf0\x19\xf6\xd4\xfb\xa8\x01o\
\x07\x06\x0dA\x12\xf7\x16\x0b\x1b`\x1e\xd8 d\x22\xf9\
\x22\x93\x229!\xed\x1e\xc3\x1b\xd6\x17<\x13\x17\x0e\x8d\
\x08\xc8\x02\xf0\xfc*\xf7\xa3\xf1\x82\xec\xee\xe7\x06\xe4\xe3\
\xe0\xa0\xdeM\xdd\xf1\xdc\x92\xdd)\xdf\xaa\xe1\x05\xe5 \
\xe9\xe2\xed\x22\xf3\xbc\xf8\x8e\xfee\x04\x1b\x0a\x8d\x0f\x92\
\x14\x00\x19\xbb\x1c\xa9\x1f\xb2!\xc9\x22\xeb\x22\x10\x22?\
 \x8a\x1d\x00\x1a\xbb\x15\xdd\x10\x84\x0b\xd7\x05\x04\x002\
\xfa\x8a\xf43\xefR\xea\x0b\xe6\x7f\xe2\xc9\xdf\xf6\xdd\x18\
\xdd4\xddF\xdeK\xe03\xe3\xe9\xe6P\xebJ\xf0\xb8\
\xf5l\xfb<\x01\x06\x07\x9f\x0c\xdc\x11\x9d\x16\xbb\x1a\x19\
\x1e\xa0 >\x22\xe3\x22\x90\x22I!\x11\x1f\xf8\x1b\x19\
\x18\x8e\x13w\x0e\xf6\x086\x03b\xfd\x9b\xf7\x0f\xf2\xe9\
\xecJ\xe8U\xe4%\xe1\xd3\xden\xdd\xfe\xdc\x8a\xdd\x09\
\xdfv\xe1\xc1\xe4\xca\xe8|\xed\xb4\xf2H\xf8\x15\xfe\xee\
\x03\xaa\x09%\x0f2\x14\xab\x18v\x1cv\x1f\x96!\xc6\
\x22\xfc\x225\x22| \xda\x1d`\x1a)\x16W\x11\x07\
\x0c]\x06\x87\x00\xaf\xfa\xfb\xf4\x94\xef\xa1\xeaH\xe6\xa7\
\xe2\xd4\xdf\xe9\xdd\xf3\xdc\xf6\xdc\xf4\xdd\xe6\xdf\xbc\xe2c\
\xe6\xc1\xea\xb7\xef%\xf5\xe0\xfa\xb9\x00\x8e\x066\x0c\x86\
\x11V\x16\x84\x1a\xf8\x1d\x95 I\x22\x07#\xcb\x22\x97\
!q\x1fg\x1c\x95\x18\x15\x14\x03\x0f\x83\x09\xc4\x03\xed\
\xfd$\xf8\x90\xf2]\xed\xb3\xe8\xad\xe4j\xe1\x05\xdf\x8a\
\xdd\x07\xdd}\xdd\xe6\xdeA\xe1v\xe4p\xe8\x15\xed=\
\xf2\xc8\xf7\x8d\xfd_\x03\x1c\x09\x98\x0e\xab\x13/\x18\x06\
\x1c\x16\x1fE!\x87\x22\xd3\x22$\x22\x80 \xf4\x1d\x93\
\x1ao\x16\xac\x11l\x0c\xd1\x06\x05\x013\xfb\x83\xf5\x1c\
\xf0%\xeb\xc5\xe6\x19\xe3;\xe0@\xde4\xdd\x22\xdd\x0a\
\xde\xe5\xdf\xa6\xe28\xe6\x82\xeaf\xef\xc3\xf4o\xfaA\
\x00\x13\x06\xb9\x0b\x0c\x11\xe4\x15\x1e\x1a\xa3\x1dQ \x16\
\x22\xe9\x22\xbf\x22\x9c!\x88\x1f\x93\x1c\xd4\x18b\x14\x5c\
\x0f\xe7\x09-\x04W\xfe\x8b\xf8\xf2\xf2\xb6\xed\xfe\xe8\xec\
\xe4\x9a\xe1\x22\xdf\x96\xdd\x01\xddf\xdd\xc2\xde\x0d\xe13\
\xe4!\xe8\xb8\xec\xd8\xf1`\xf7\x22\xfd\xf3\x02\xb0\x080\
\x0eK\x13\xd7\x17\xb9\x1b\xd8\x1e\x19!q\x22\xd1\x228\
\x22\xb0 =\x1e\xf1\x1a\xe5\x167\x12\x06\x0dr\x07\xac\
\x01\xda\xfb \xf6\xa9\xf0\x9f\xeb'\xe7^\xe3a\xe0H\
\xde\x1d\xdd\xec\xdc\xba\xdd}\xdf-\xe2\xb6\xe5\xfc\xe9\xe1\
\xee?\xf4\xf6\xf9\xd7\xff\xb4\x05j\x0b\xcd\x10\xb3\x15\xfc\
\x19\x8b\x1dC \x10\x22\xe8\x22\xc7\x22\xac!\x9d\x1f\xad\
\x1c\xf3\x18\x88\x14\x8b\x0f\x1f\x0ap\x04\xa8\xfe\xe5\xf8M\
\xf3\x09\xee=\xe9\x13\xe5\xb1\xe14\xdf\xb7\xddO\xdd\x07\
\xde\xe3\xdf\xd6\xe2\xcd\xe6\xb1\xebY\xf1\x94\xf7*\xfe\xdd\
\x04r\x0b\xa4\x110\x17\xda\x1bh\x1f\xb2!\x97\x22\xfd\
!\xeb\x1fn\x1c\x9d\x17\xb0\x11\xe6\x0a\x8a\x03\xf6\xfb\x83\
\xf4\x93\xed\x82\xe7\xa1\xe29\xdf\x82\xdd\x98\xdd\x88\xdfA\
\xe3\x95\xe8@\xef\xed\xf6-\xff\x7f\x07u\x0f\x8b\x16J\
\x1c\x5c i\x22N\x22\x11 \xcb\x1b\xcb\x15n\x0e&\
\x06\x83\xfd\x04\xf50\xed\x8c\xe6}\xe1Y\xdeP\xdds\
\xde\xb1\xe1\xd1\xe6\x86\xede\xf5\xed\xfd\x91\x06\xcf\x0e$\
\x16\x12\x1c> j\x22k\x22D \x17\x1c(\x16\xd3\
\x0e\x90\x06\xe6\xfdY\xf5u\xed\xb9\xe6\x8e\xe1J\xde\x22\
\xdd)\xdeJ\xe1W\xe6\x02\xed\xdb\xf4h\xfd\x1c\x06q\
\x0e\xe5\x15\xf6\x1bI \x97\x22\xba\x22\xb6 \xa1\x1c\xbf\
\x16r\x0f,\x07z\xfe\xda\xf5\xdb\xed\x01\xe7\xb3\xe1M\
\xde\x01\xdd\xe2\xdd\xe9\xe0\xdd\xe5r\xecA\xf4\xc8\xfc\x81\
\x05\xe2\x0df\x15\x92\x1b\x03 u\x22\xbf\x22\xdd \xec\
\x1c+\x17\xf6\x0f\xc5\x07\x17\xffu\xf6o\xee\x7f\xe7\x15\
\xe2\x8e\xde\x1d\xdd\xdd\xdd\xbe\xe0\x91\xe5\x0e\xec\xc7\xf3D\
\xfc\xf9\x04a\x0d\xf5\x143\x1b\xc0\x1fP\x22\xb7\x22\xf5\
 \x1f\x1dv\x17V\x101\x08\x89\xff\xe7\xf6\xd6\xee\xdb\
\xe7`\xe2\xbe\xde0\xdd\xd1\xdd\x95\xe0N\xe5\xb2\xeb[\
\xf3\xcf\xfb\x83\x04\xef\x0c\x8d\x14\xe0\x1a\x87\x1f6\x22\xc0\
\x22\x1b!e\x1d\xd6\x17\xc6\x10\xab\x08\x04\x00^\xf7C\
\xef/\xe8\x99\xe2\xd8\xde)\xdd\xab\xddQ\xe0\xf4\xe4G\
\xeb\xe4\xf2V\xfb\x10\x04\x89\x0c8\x14\xa4\x1ag\x1f/\
\x22\xd4\x22I!\xa8\x1d-\x18*\x11\x15\x09p\x00\xc4\
\xf7\x9d\xefy\xe8\xce\xe2\xf6\xde3\xdd\x9c\xdd+\xe0\xba\
\xe4\xfc\xea\x8c\xf2\xf3\xfa\xa8\x03!\x0c\xd9\x13P\x1a!\
\x1f\x00\x22\xbc\x22M!\xc8\x1dg\x18\x83\x11\x83\x09\xea\
\x00I\xf8 \xf0\xf2\xe86\xe3C\xdf_\xdd\xa6\xdd\x0e\
\xe0w\xe4\x96\xea\x0f\xf2e\xfa\x10\x03\x8e\x0bT\x13\xe3\
\x19\xd4\x1e\xd4!\xb7\x22o!\x0c\x1e\xca\x18\xfc\x11\x0b\
\x0az\x01\xd5\xf8\x9f\xf0_\xe9\x88\xe3z\xdft\xdd\x96\
\xdd\xde\xdf'\xe4,\xea\x8d\xf1\xd4\xf9}\x02\xfe\x0a\xd0\
\x12v\x19\x85\x1e\xac!\xb8\x22\x99!_\x1e>\x19\x8b\
\x12\xaa\x0a\x1b\x02l\xf9!\xf1\xc2\xe9\xc9\xe3\x92\xdfh\
\xddl\xdd\x97\xdf\xc8\xe3\xbc\xe9\x13\xf1W\xf9\x02\x02\x8a\
\x0al\x12'\x19O\x1e\x91!\xbb\x22\xba!\x9b\x1e\x96\
\x19\xf7\x12$\x0b\xa0\x02\xf3\xf9\xa1\xf12\xea!\xe4\xcd\
\xdf|\xddT\xddV\xdfd\xe3?\xe9\x84\xf0\xc0\xf8r\
\x01\x0e\x0a\x08\x12\xdf\x18(\x1e\x8d!\xd6\x22\xf0!\xea\
\x1e\xf2\x19_\x13\x95\x0b\x0d\x03[\xfa\x02\xf2\x85\xead\
\xe4\xfb\xdf\x92\xddS\xdd:\xdf.\xe3\xee\xe8\x1d\xf0J\
\xf8\xf0\x00\x86\x09\x86\x11l\x18\xce\x1dR!\xbe\x22\x02\
\x22$\x1fR\x1a\xde\x13(\x0c\xaf\x03\xfc\xfa\x95\xf2\x03\
\xeb\xbe\xe4/\xe0\x9d\xdd0\xdd\xf1\xde\xc4\xe2i\xe8\x8b\
\xef\xb5\xf7a\x00\x08\x09 \x11'\x18\xa9\x1dM!\xdb\
\x22;\x22u\x1f\xb5\x1aJ\x14\x99\x0c\x1f\x04d\xfb\xf1\
\xf2N\xeb\xf9\xe4S\xe0\xa9\xdd&\xdd\xcf\xde\x8c\xe2\x1f\
\xe8/\xefM\xf7\xf1\xff\x95\x08\xb5\x10\xc6\x17Y\x1d\x18\
!\xc4\x22C\x22\x9f\x1f\xff\x1a\xb0\x14\x14\x0d\xa8\x04\xf0\
\xfbw\xf3\xc6\xebU\xe5\x90\xe0\xc3\xdd\x18\xdd\x9c\xde7\
\xe2\xaf\xe7\xad\xee\xc0\xf6h\xff\x19\x08H\x10v\x17*\
\x1d\x0a!\xd8\x22u\x22\xeb\x1f`\x1b\x1c\x15\x87\x0d\x18\
\x05W\xfc\xd2\xf3\x0d\xec\x88\xe5\xaa\xe0\xc3\xdd\x04\xddr\
\xde\xf9\xe1b\xe7S\xeea\xf6\x08\xff\xb9\x07\xf2\x0f-\
\x17\xf2\x1c\xe7 \xcc\x22\x84\x22\x13 \x9f\x1bs\x15\xec\
\x0d\x85\x05\xca\xfc>\xf4l\xec\xd3\xe5\xdc\xe0\xd8\xdd\xf7\
\xdcG\xde\xb3\xe1\x03\xe7\xe4\xed\xea\xf5\x8f\xfeJ\x07\x93\
\x0f\xe4\x16\xc4\x1c\xd8 \xdc\x22\xaf\x22V \xf5\x1b\xd4\
\x15T\x0e\xeb\x05'\xfd\x91\xf4\xac\xec\x00\xe6\xf6\xe0\xdb\
\xdd\xe5\xdc$\xde\x7f\xe1\xc3\xe6\x99\xed\x99\xf5<\xfe\xf5\
\x06E\x0f\x9e\x16\x88\x1c\xab \xc1\x22\xa9\x22g \x1c\
\x1c\x11\x16\xa4\x0eL\x06\x93\xfd\xfe\xf4\x18\xedb\xe6D\
\xe1\x13\xde\x00\xdd\x1b\xdeW\xe1}\xe66\xed \xf5\xb7\
\xfdo\x06\xc3\x0e*\x16/\x1cq \xa9\x22\xb6\x22\x98\
 m\x1c{\x16\x22\x0f\xd2\x06\x19\xfe}\xf5\x84\xed\xb6\
\xe6~\xe1,\xde\xf8\xdc\xf7\xdd\x18\xe1%\xe6\xd0\xec\xb1\
\xf4D\xfd\xfe\x05]\x0e\xd5\x15\xeb\x1bB \x95\x22\xbd\
\x22\xb6 \xa3\x1c\xc7\x16}\x0f<\x07\x8b\xfe\xec\xf5\xf0\
\xed\x18\xe7\xcb\xe1`\xde\x11\xdd\xf2\xdd\xf4\xe0\xe2\xe5r\
\xec>\xf4\xc1\xfcw\x05\xd6\x0dW\x15\x85\x1b\xf9\x1fk\
\x22\xb6\x22\xd7 \xe9\x1c.\x17\xfb\x0f\xc9\x07\x1f\xff\x81\
\xf6v\xee\x83\xe7\x1a\xe2\x8f\xde\x19\xdd\xd2\xdd\xaf\xe0\x80\
\xe5\xf9\xeb\xb4\xf31\xfc\xe8\x04S\x0d\xec\x142\x1b\xc4\
\x1fZ\x22\xca\x22\x0b!;\x1d\x96\x17w\x10Q\x08\xa5\
\xff\x00\xf7\xe9\xee\xe1\xe7]\xe2\xb2\xde\x1b\xdd\xb5\xddq\
\xe0%\xe5\x8a\xeb5\xf3\xa9\xfbc\x04\xd8\x0c\x80\x14\xde\
\x1a\x8f\x1fF\x22\xd7\x22:!\x88\x1d\xfc\x17\xf2\x10\xd6\
\x08+\x00\x81\xf7]\xef=\xe8\x9c\xe2\xd2\xde\x1a\xdd\x90\
\xdd.\xe0\xc9\xe4\x18\xeb\xb5\xf2&\xfb\xe3\x03c\x0c\x1e\
\x14\x95\x1ab\x1f9\x22\xeb\x22l!\xd4\x1da\x18f\
\x11Q\x09\xa8\x00\xf7\xf7\xc4\xef\x92\xe8\xd6\xe2\xef\xde\x19\
\xddq\xdd\xf3\xdfv\xe4\xb0\xeaB\xf2\xae\xfam\x03\xf7\
\x0b\xc0\x13N\x1a6\x1f)\x22\xf9\x22\x97!\x19\x1e\xbb\
\x18\xcf\x11\xc4\x09\x1e\x01g\xf8'\xf0\xe5\xe8\x13\xe3\x10\
\xdf\x1e\xddZ\xdd\xc1\xdf-\xe4T\xea\xd7\xf1<\xfa\xfb\
\x02\x89\x0b`\x13\xff\x19\xfe\x1e\x0b\x22\xf7\x22\xb2!P\
\x1e\x09\x191\x125\x0a\x96\x01\xe0\xf8\x9a\xf0H\xe9b\
\xe3H\xdf7\xddS\xdd\x9a\xdf\xe8\xe3\xf6\xe9d\xf1\xbc\
\xf9w\x02\x08\x0b\xeb\x12\x9f\x19\xb6\x1e\xe3!\xf1\x22\xcc\
!\x8b\x1eb\x19\x9e\x12\xb2\x0a\x1b\x02b\xf9\x13\xf1\xaf\
\xe9\xb1\xe3{\xdfJ\xddF\xddn\xdf\x9f\xe3\x98\xe9\xf4\
\xf0A\xf9\xf9\x01\x8f\x0a~\x12C\x19q\x1e\xba!\xe4\
\x22\xde!\xbb\x1e\xa9\x19\xff\x12%\x0b\x97\x02\xe3\xf9\x8f\
\xf1!\xea\x13\xe4\xc1\xdft\xddP\xddU\xdfe\xe3>\
\xe9\x82\xf0\xbc\xf8g\x01\xfd\x09\xf4\x11\xca\x18\x13\x1e{\
!\xcc\x22\xf1!\xf3\x1e\x06\x1a|\x13\xb6\x0b5\x03\x81\
\xfa$\xf2\xa2\xeav\xe4\x00\xe0\x8a\xdd<\xdd\x19\xdf\x06\
\xe3\xc1\xe8\xf1\xef$\xf8\xd1\x00p\x09|\x11o\x18\xda\
\x1dg!\xdc\x22\x22\x22E\x1fr\x1a\xf7\x139\x0c\xb8\
\x03\x00\xfb\x94\xf2\xfa\xea\xb4\xe4#\xe0\x8f\xdd#\xdd\xe4\
\xde\xb7\xe2`\xe8\x84\xef\xad\xf7X\x00\x01\x09\x17\x11\x1d\
\x18\xa2\x1dG!\xda\x22A\x22}\x1f\xc3\x1a^\x14\xae\
\x0c4\x04x\xfb\x03\xf3^\xeb\xff\xe4Q\xe0\xa0\xdd\x13\
\xdd\xb6\xdem\xe2\x00\xe8\x12\xef2\xf7\xe0\xff\x8e\x08\xb2\
\x10\xce\x17k\x1d/!\xe0\x22`\x22\xb9\x1f\x14\x1b\xbe\
\x14\x1a\x0d\xa2\x04\xe5\xfbg\xf3\xb0\xebD\xe5\x7f\xe0\xb2\
\xdd\x10\xdd\x9a\xde;\xe2\xb9\xe7\xb9\xee\xd1\xf6w\xff \
\x08L\x10r\x17\x1c\x1d\xf5 \xbf\x22Z\x22\xd0\x1fH\
\x1b\x0b\x15~\x0d\x1a\x05e\xfc\xe9\xf3/\xec\xb1\xe5\xd7\
\xe0\xef\xdd'\xdd\x8c\xde\x09\xe2c\xe7F\xeeE\xf6\xde\
\xfe\x87\x07\xb8\x0f\xf0\x16\xb6\x1c\xb0 \xa3\x22j\x22\x06\
 \xa3\x1b\x87\x15\x11\x0e\xb6\x05\x02\xfd~\xf4\xb0\xec\x15\
\xe6\x17\xe1\x08\xde\x1a\xddW\xde\xb0\xe1\xef\xe6\xbf\xed\xb4\
\xf5J\xfe\xfc\x06@\x0f\x8f\x16u\x1c\x93 \xa6\x22\x91\
\x22O \x05\x1c\xfd\x15\x93\x0e=\x06\x86\xfd\xf5\xf4\x12\
\xed_\xe6D\xe1\x15\xde\x03\xdd$\xdec\xe1\x89\xe6I\
\xed6\xf5\xcc\xfd\x85\x06\xd7\x0e;\x16;\x1cu \xa8\
\x22\xb1\x22\x89 X\x1cc\x16\x03\x0f\xb2\x06\xfa\xfd_\
\xf5k\xed\xa3\xe6q\xe1'\xde\xfb\xdc\x00\xde&\xe1:\
\xe6\xeb\xec\xce\xf4a\xfd\x1c\x06w\x0e\xe9\x15\xfb\x1bL\
 \x97\x22\xb8\x22\xab \x93\x1c\xb0\x16`\x0f\x1d\x07h\
\xfe\xcb\xf5\xd2\xed\xfc\xe6\xb5\xe1T\xde\x0d\xdd\xf4\xdd\xfd\
\xe0\xf6\xe5\x8f\xec_\xf4\xe6\xfc\x9d\x05\xfc\x0dy\x15\x9e\
\x1b\x0a s\x22\xb4\x22\xcc \xd3\x1c\x0d\x17\xd6\x0f\xa1\
\x07\xf3\xfeV\xf6Q\xeeg\xe7\x06\xe2\x85\xde\x1a\xdd\xdc\
\xdd\xc3\xe0\x9d\xe5\x1a\xec\xd8\xf3Y\xfc\x0e\x05u\x0d\x05\
\x15E\x1b\xcf\x1f\x5c\x22\xc3\x22\xfd %\x1d{\x17X\
\x10/\x08\x83\xff\xe0\xf6\xcd\xee\xcb\xe7L\xe2\xa9\xde\x19\
\xdd\xb7\xdd|\xe09\xe5\xa0\xebO\xf3\xc8\xfb\x83\x04\xf5\
\x0c\x99\x14\xf4\x1a\x9f\x1fN\x22\xd9\x223!{\x1d\xeb\
\x17\xd6\x10\xb4\x08\x0c\x00_\xf79\xef#\xe8\x88\xe2\xc3\
\xde\x13\xdd\x94\xdd<\xe0\xde\xe42\xeb\xd8\xf2M\xfb\x09\
\x04\x87\x0c=\x14\xad\x1aq\x1f?\x22\xe6\x22\x5c!\xbe\
\x1dB\x18>\x11'\x09\x82\x00\xd2\xf7\xa2\xefz\xe8\xcc\
\xe2\xec\xde\x1f\xdd\x82\xdd\x0c\xe0\x94\xe4\xd3\xeag\xf2\xd1\
\xfa\x8a\x03\x0e\x0c\xd1\x13S\x1a2\x1f\x1e\x22\xe6\x22~\
!\xfd\x1d\x9d\x18\xb1\x11\xa8\x09\x07\x01T\xf8\x1a\xf0\xe0\
\xe8\x16\xe3\x18\xdf*\xddk\xdd\xd4\xdf?\xe4h\xea\xec\
\xf1M\xfa\x09\x03\x97\x0bi\x13\x04\x1a\xff\x1e\x0a\x22\xf1\
\x22\xa9!F\x1e\xfb\x18\x1e\x12!\x0a\x83\x01\xc9\xf8\x82\
\xf05\xe9S\xe3;\xdf0\xddQ\xdd\x9f\xdf\xf5\xe3\x0a\
\xea~\xf1\xdb\xf9\x98\x02+\x0b\x0d\x13\xbc\x19\xce\x1e\xf3\
!\xf8\x22\xcc!\x7f\x1eK\x19\x82\x12\x8e\x0a\xf3\x019\
\xf9\xe9\xf0\x8c\xe9\x96\xe3e\xdf?\xddE\xddw\xdf\xb3\
\xe3\xb3\xe9\x17\xf1j\xf9$\x02\xbb\x0a\xa5\x12f\x19\x8e\
\x1e\xcd!\xee\x22\xde!\xb0\x1e\x97\x19\xe2\x12\xfe\x0am\
\x02\xb6\xf9a\xf1\xf4\xe9\xe8\xe3\xa0\xdf\x5c\xdd?\xddP\
\xdfn\xe3S\xe9\xa3\xf0\xe7\xf8\x9b\x017\x0a/\x12\x03\
\x19I\x1e\xa9!\xec\x22\x01\x22\xf7\x1e\xf9\x19Z\x13\x86\
\x0b\xfa\x02>\xfa\xd9\xf1W\xea1\xe4\xc4\xdf\x5c\xdd \
\xdd\x0f\xdf\x11\xe3\xe2\xe8$\xf0g\xf8\x1e\x01\xc5\x09\xd3\
\x11\xc0\x18\x1f\x1e\x9d!\x01#1\x22<\x1fS\x1a\xc3\
\x13\xf3\x0bh\x03\xa6\xfa7\xf2\xa6\xeai\xe4\xe7\xdfg\
\xdd\x10\xdd\xe9\xde\xd3\xe2\x91\xe8\xc6\xef\xfb\xf7\xaf\x00Z\
\x09l\x11f\x18\xdc\x1dq!\xee\x22>\x22f\x1f\x97\
\x1a\x22\x14f\x0c\xe4\x03'\xfb\xb5\xf2\x17\xeb\xc6\xe4'\
\xe0\x87\xdd\x0c\xdd\xc2\xde\x8b\xe2)\xe8I\xefp\xf7\x1f\
\x00\xd0\x08\xf0\x10\x02\x18\x96\x1dO!\xf2\x22d\x22\xae\
\x1f\xff\x1a\x9d\x14\xee\x0co\x04\xad\xfb.\xf3v\xeb\x0b\
\xe5O\xe0\x8a\xdd\xf1\xdc\x89\xde6\xe2\xc2\xe7\xd3\xee\xf6\
\xf6\xa8\xff^\x08\x8f\x10\xb7\x17c\x1d7!\xf4\x22\x82\
\x22\xe8\x1fM\x1b\xfb\x14Y\x0d\xe3\x04\x1e\xfc\x97\xf3\xd5\
\xebV\xe5\x82\xe0\xa6\xdd\xef\xdcj\xde\xfd\xe1s\xe7p\
\xee\x83\xf60\xff\xe8\x07\x1e\x10V\x17\x17\x1d\x04!\xe3\
\x22\x90\x22\x12 \x96\x1b_\x15\xcc\x0da\x05\xa3\xfc\x14\
\xf4E\xec\xb3\xe5\xc2\xe0\xc8\xdd\xf1\xdcH\xde\xbd\xe1\x16\
\xe7\xfc\xed\x05\xf6\xa9\xfea\x07\xa8\x0f\xf0\x16\xc9\x1c\xd6\
 \xd3\x22\xa5\x22H \xe5\x1b\xc8\x15I\x0e\xe4\x05'\
\xfd\x92\xf4\xb2\xec\x0a\xe6\x00\xe1\xe4\xdd\xea\xdc#\xde{\
\xe1\xb9\xe6\x8b\xed\x87\xf5'\xfe\xe4\x064\x0f\x90\x16\x81\
\x1c\xab \xc9\x22\xb8\x22| 5\x1c*\x16\xbd\x0ec\
\x06\xa3\xfd\x08\xf5\x1b\xed]\xe69\xe1\x00\xde\xe9\xdc\x03\
\xde>\xe1d\xe6#\xed\x11\xf5\xac\xfdl\x06\xc3\x0e/\
\x16:\x1c| \xb5\x22\xc5\x22\xa4 {\x1c\x89\x16)\
\x0f\xdb\x06!\xfe\x81\xf5\x89\xed\xb7\xe6{\xe1(\xde\xf1\
\xdc\xea\xdd\x06\xe1\x11\xe6\xbb\xec\x9a\xf4,\xfd\xe9\x05J\
\x0e\xc9\x15\xe7\x1bD \x9f\x22\xce\x22\xcf \xc4\x1c\xe9\
\x16\x9d\x0f\x5c\x07\xa5\xfe\x00\xf6\xf9\xed\x14\xe7\xbf\xe1M\
\xde\xf4\xdc\xce\xdd\xcb\xe0\xbb\xe5Q\xec \xf4\xab\xfcj\
\x05\xd6\x0de\x15\x98\x1b\x12 \x8d\x22\xdc\x22\xfb \x0a\
\x1dH\x17\x10\x10\xd7\x07#\xffy\xf6e\xeen\xe7\x00\
\xe2o\xde\xf9\xdc\xb3\xdd\x94\xe0j\xe5\xe7\xeb\xa9\xf3.\
\xfc\xee\x04`\x0d\xfc\x14H\x1b\xde\x1ft\x22\xe2\x22!\
!N\x1d\xa5\x17\x7f\x10Q\x08\xa1\xff\xf6\xf6\xd7\xee\xcc\
\xe7E\xe2\x9a\xde\x05\xdd\x9e\xdd_\xe0\x1b\xe5\x82\xeb2\
\xf3\xb0\xfbl\x04\xe6\x0c\x93\x14\xf0\x1a\xa2\x1fY\x22\xe5\
\x22E!\x90\x1d\x00\x18\xf0\x10\xcf\x08#\x00x\xf7N\
\xef/\xe8\x91\xe2\xc7\xde\x12\xdd\x8b\xdd)\xe0\xc9\xe4\x19\
\xeb\xb6\xf2*\xfb\xe6\x03g\x0c\x22\x14\x97\x1ae\x1f;\
\x22\xea\x22m!\xd6\x1db\x18h\x11T\x09\xad\x00\xfb\
\xf7\xc6\xef\x95\xe8\xdb\xe2\xf2\xde\x19\xddq\xdd\xf2\xdfp\
\xe4\xa8\xea:\xf2\xa3\xfaa\x03\xe9\x0b\xb6\x13F\x1a.\
\x1f$\x22\xf8\x22\x99!!\x1e\xc6\x18\xdd\x11\xd6\x092\
\x01z\xf8:\xf0\xf3\xe8\x1c\xe3\x17\xdf!\xddT\xdd\xb4\
\xdf\x1c\xe4?\xea\xbe\xf1 \xfa\xe0\x02t\x0bO\x13\xf4\
\x19\xfb\x1e\x0f\x22\x02#\xc5!g\x1e#\x19O\x12S\
\x0a\xb1\x01\xf3\xf8\xa5\xf0N\xe9_\xe3:\xdf$\xdd9\
\xdd~\xdf\xca\xe3\xd6\xe9I\xf1\xa6\xf9e\x02\x02\x0b\xed\
\x12\xa7\x19\xc9\x1e\xfc!\x0c#\xec!\xac\x1e\x81\x19\xbc\
\x12\xca\x0a+\x02k\xf9\x12\xf1\xa5\xe9\x9f\xe3_\xdf+\
\xdd$\xddG\xdfy\xe3u\xe9\xd7\xf0+\xf9\xec\x01\x8e\
\x0a\x8a\x12Z\x19\x94\x1e\xe5!\x15#\x13\x22\xef\x1e\xdb\
\x19)\x13C\x0b\xa8\x02\xe3\xf9\x80\xf1\x01\xea\xe2\xe3\x87\
\xdf2\xdd\x0c\xdd\x15\xdf*\xe3\x10\xe9f\xf0\xb2\xf8q\
\x01\x1b\x0a(\x12\x0d\x19_\x1e\xcf!\x1d#8\x221\
\x1f3\x1a\x92\x13\xb8\x0b!\x03Y\xfa\xe8\xf1W\xea#\
\xe4\xac\xdf:\xdd\xf6\xdc\xe1\xde\xde\xe2\xaf\xe8\xf6\xef:\
\xf8\xf9\x00\xac\x09\xc3\x11\xbd\x18*\x1e\xb5! #X\
\x22n\x1f\x89\x1a\xf8\x13*\x0c\x9a\x03\xd0\xfaV\xf2\xb4\
\xeak\xe4\xd9\xdfK\xdd\xe9\xdc\xb6\xde\x9a\xe2U\xe8\x8a\
\xef\xc6\xf7\x81\x006\x09^\x11h\x18\xec\x1d\x92!\x1b\
#t\x22\xa2\x1f\xd7\x1a]\x14\x9d\x0c\x13\x04H\xfb\xc8\
\xf2\x1a\xeb\xb9\xe4\x10\xe0e\xdd\xe2\xdc\x94\xde[\xe2\xfd\
\xe7\x1f\xefM\xf7\x06\x00\xbd\x08\xe9\x10\x08\x18\xa3\x1db\
!\x0b#\x82\x22\xd0\x1f \x1b\xbe\x14\x10\x0d\x90\x04\xca\
\xfbE\xf3\x88\xeb\x16\xe5S\xe0\x8a\xdd\xe9\xdcy\xde!\
\xe2\xa8\xe7\xb3\xee\xd0\xf6\x81\xff9\x08l\x10\x98\x17L\
\x1d)!\xf0\x22\x88\x22\xf8\x1fh\x1b#\x15\x88\x0d\x16\
\x05V\xfc\xcd\xf3\x06\xec\x7f\xe5\x9f\xe0\xb8\xdd\xf4\xdc_\
\xde\xe6\xe1L\xe7>\xeeM\xf6\xf3\xfe\xa9\x07\xe8\x0f'\
\x17\xf3\x1c\xee \xd8\x22\x96\x22* \xb8\x1b\x8d\x15\x07\
\x0e\xa1\x05\xe4\xfcR\xf4|\xec\xe1\xe5\xe3\xe0\xda\xdd\xf5\
\xdc<\xde\xa2\xe1\xef\xe6\xca\xed\xc9\xf5i\xfe$\x07m\
\x0f\xbf\x16\xa4\x1c\xbc \xca\x22\xac\x22] \x09\x1c\xf7\
\x15\x84\x0e'\x06h\xfd\xd2\xf4\xec\xec9\xe6\x22\xe1\xf8\
\xdd\xef\xdc\x18\xde_\xe1\x91\xe6W\xedH\xf5\xe7\xfd\xa3\
\x06\xf8\x0e]\x16Z\x1c\x92 \xc0\x22\xc0\x22\x91 Z\
\x1c_\x16\xfa\x0e\xa5\x06\xe8\xfdI\xf5V\xed\x8c\xe6Z\
\xe1\x13\xde\xea\xdc\xf4\xdd\x1f\xe16\xe6\xec\xec\xd1\xf4i\
\xfd+\x06\x88\x0e\xfe\x15\x14\x1ce \xb1\x22\xcf\x22\xbf\
 \xa4\x1c\xbd\x16i\x0f\x1e\x07d\xfe\xc0\xf5\xbe\xed\xe2\
\xe6\x98\xe13\xde\xee\xdc\xd9\xdd\xe6\xe0\xe5\xe5\x85\xec^\
\xf4\xee\xfc\xae\x05\x16\x0e\x9b\x15\xc6\x1b1 \x99\x22\xd9\
\x22\xe6 \xe6\x1c\x19\x17\xd6\x0f\x99\x07\xe3\xfe;\xf6.\
\xeeA\xe7\xe0\xe1]\xde\xf7\xdc\xc4\xdd\xb2\xe0\x93\xe5\x1d\
\xec\xe5\xf3m\xfc-\x05\x9a\x0d0\x15r\x1b\xfa\x1f\x82\
\x22\xe1\x22\x11!1\x1d|\x17M\x10\x1a\x08h\xff\xbc\
\xf6\xa1\xee\x9c\xe7 \xe2\x81\xde\xfa\xdc\xa6\xddu\xe0=\
\xe5\xb4\xebn\xf3\xee\xfb\xb0\x04)\x0d\xce\x14%\x1b\xca\
\x1fn\x22\xeb\x22:!s\x1d\xd4\x17\xb6\x10\x8e\x08\xde\
\xff.\xf7\x0c\xef\xf8\xe7d\xe2\xae\xde\x0b\xdd\x98\xddL\
\xe0\xf9\xe4X\xeb\x00\xf3u\xfb2\x04\xad\x0c[\x14\xc4\
\x1a\x80\x1fA\x22\xde\x22N!\xa7\x1d(\x18&\x11\x10\
\x09j\x00\xbe\xf7\x95\xefn\xe8\xc1\xe2\xea\xde\x22\xdd\x87\
\xdd\x16\xe0\x9f\xe4\xdf\xeat\xf2\xde\xfa\x99\x03\x1c\x0c\xdf\
\x13e\x1aA\x1f*\x22\xf0\x22\x85!\x02\x1e\x9e\x18\xae\
\x11\xa3\x09\xfd\x00F\xf8\x09\xf0\xc8\xe8\xfb\xe2\x00\xdf\x17\
\xdd[\xdd\xc7\xdf;\xe4k\xea\xf5\xf1`\xfa!\x03\xb3\
\x0b\x8d\x13)\x1a\x22\x1f'\x22\x08#\xb9!H\x1e\xf2\
\x18\x10\x12\x09\x0aa\x01\xa5\xf8\x5c\xf0\x10\xe92\xe3!\
\xdf#\xddQ\xdd\xa9\xdf\x09\xe4'\xea\x9f\xf1\xff\xf9\xbc\
\x02K\x0b(\x13\xcf\x19\xd9\x1e\xf3!\xed\x22\xb8!e\
\x1e.\x19d\x12q\x0a\xdb\x01%\xf9\xdd\xf0\x87\xe9\x97\
\xe3p\xdfR\xdd[\xdd\x91\xdf\xcb\xe3\xc6\xe9&\xf1q\
\xf9!\x02\xb3\x0a\x9c\x12W\x19\x80\x1e\xc2!\xe6\x22\xdd\
!\xb5\x1e\xa0\x19\xf3\x12\x12\x0b\x80\x02\xc6\xf9k\xf1\xf6\
\xe9\xe3\xe3\x91\xdfG\xdd&\xdd4\xdfR\xe3:\xe9\x8f\
\xf0\xdd\xf8\x9c\x01A\x0aG\x12%\x19m\x1e\xcf!\x13\
#\x22\x22\x0a\x1f\x01\x1aZ\x13{\x0b\xe2\x02\x1c\xfa\xb6\
\xf12\xea\x0f\xe4\xac\xdfN\xdd\x1c\xdd\x1a\xdf%\xe3\xfb\
\xe8A\xf0\x81\xf87\x01\xd9\x09\xdb\x11\xbf\x18\x1a\x1e\x8e\
!\xeb\x22\x1b\x22$\x1f?\x1a\xb4\x13\xed\x0bj\x03\xaf\
\xfaF\xf2\xb9\xea\x80\xe4\x00\xe0}\xdd!\xdd\xf5\xde\xd5\
\xe2\x87\xe8\xb3\xef\xe2\xf7\x92\x00;\x09S\x11W\x18\xd7\
\x1dy!\x01#V\x22\x86\x1f\xb9\x1a>\x14{\x0c\xf0\
\x03(\xfb\xa8\xf2\xfe\xea\xa7\xe4\x06\xe0i\xdd\xf7\xdc\xb5\
\xde\x8a\xe26\xe8a\xef\x96\xf7K\x00\xfc\x08\x1f\x11*\
\x18\xb1\x1dY!\xe8\x22G\x22\x7f\x1f\xc1\x1aU\x14\xa6\
\x0c3\x04|\xfb\x0f\xf3s\xeb\x22\xe5}\xe0\xd0\xddE\
\xdd\xe4\xde\x90\xe2\x0e\xe8\x0b\xef\x16\xf7\xac\xffF\x08_\
\x10r\x17\x0f\x1d\xdc \x9c\x222\x22\xa5\x1f \x1b\xea\
\x14e\x0d\x07\x05\x5c\xfc\xea\xf32\xec\xb5\xe5\xdb\xe0\xf0\
\xdd%\xdd\x85\xde\xfe\xe1U\xe7:\xeeC\xf6\xe6\xfe\x9b\
\x07\xdd\x0f!\x17\xf2\x1c\xf0 \xdd\x22\x9b\x22* \xb6\
\x1b\x86\x15\xfb\x0d\x90\x05\xcc\xfc8\xf4^\xec\xbe\xe5\xc0\
\xe0\xb8\xdd\xd8\xdc,\xde\xa0\xe1\xfb\xe6\xe9\xed\xfa\xf5\xaa\
\xfej\x07\xb4\x0f\x00\x17\xd8\x1c\xe2 \xdb\x22\xa7\x22I\
 \xe3\x1b\xc3\x15G\x0e\xe2\x05\x22\xfd\x8c\xf4\xad\xec\x05\
\xe6\xfa\xe0\xe3\xdd\xf0\xdc+\xde\x87\xe1\xc5\xe6\x93\xed\x8d\
\xf5*\xfe\xe1\x06.\x0f\x8a\x16}\x1c\xaa \xca\x22\xba\
\x22\x80 7\x1c)\x16\xb8\x0eW\x06\x96\xfd\xfd\xf4\x10\
\xedW\xe6:\xe1\x09\xde\xf8\xdc\x17\xdeU\xe1{\xe68\
\xed'\xf5\xc1\xfd|\x06\xd1\x0e:\x169\x1cq \xa3\
\x22\xa7\x22~ O\x1c]\x16\x06\x0f\xc2\x06\x12\xfe\x80\
\xf5\x94\xed\xcc\xe6\x96\xe1D\xde\x10\xdd\x0c\xde&\xe10\
\xe6\xd9\xec\xb4\xf4D\xfd\xfb\x05T\x0e\xc8\x15\xdb\x1b1\
 \x82\x22\xaa\x22\xaa \x9c\x1c\xc2\x16z\x0f9\x07\x89\
\xfe\xea\xf5\xed\xed\x16\xe7\xcd\xe1n\xde*\xdd\x11\xde\x1b\
\xe1\x0d\xe6\x9b\xec_\xf4\xd5\xfcz\x05\xc8\x0d:\x15Y\
\x1b\xc0\x1f.\x22y\x22\x9b \xb5\x1c\x02\x17\xe0\x0f\xc5\
\x07.\xff\xa5\xf6\xb6\xee\xd8\xe7{\xe2\xf6\xde}\xdd(\
\xde\xec\xe0\x9a\xe5\xee\xeb\x84\xf3\xe1\xfb\x81\x04\xdf\x0cu\
\x14\xc4\x1aj\x1f\x1c\x22\xa9\x22\x0d!^\x1d\xd4\x17\xcb\
\x10\xb5\x08\x11\x00g\xf7A\xef&\xe8\x86\xe2\xb9\xde\x03\
\xdd\x7f\xdd$\xe0\xcb\xe4)\xeb\xda\xf2b\xfb4\x04\xc8\
\x0c\x8e\x14\x08\x1b\xcf\x1f\x92\x22&#\x80!\xbf\x1d\x1e\
\x18\xf6\x10\xc2\x08\x04\x00F\xf7\x1a\xef\xfb\xe7b\xe2\xa6\
\xde\x02\xdd\x92\xddH\xe0\xf8\xe4X\xeb\xff\xf2u\xfb/\
\x04\xa1\x0cE\x14\xa2\x1aS\x1f\x0b\x22\xa3\x22\x12!s\
\x1d\x01\x18\x10\x11\x12\x09\x86\x00\xf1\xf7\xdc\xef\xc3\xe8\x1a\
\xe3<\xdfi\xdd\xbd\xdd1\xe0\xa6\xe4\xd1\xeaN\xf2\xac\
\xfa^\x03\xdd\x0b\xa2\x13)\x1a\x0e\x1f\x02\x22\xd2\x22x\
!\xff\x1d\xa5\x18\xc2\x11\xbb\x09\x19\x01f\xf8'\xf0\xe4\
\xe8\x13\xe3\x12\xdf%\xddh\xdd\xd7\xdfL\xe4\x7f\xea\x0d\
\xf2y\xfa8\x03\xc5\x0b\x93\x13!\x1a\x0a\x1f\xfc!\xcd\
\x22q!\xf9\x1d\xa5\x18\xc8\x11\xcf\x09>\x01\x9f\xf8v\
\xf0E\xe9\x7f\xe3\x82\xdf\x8c\xdd\xbb\xdd\x0b\xe0V\xe4W\
\xea\xb1\xf1\xed\xf9\x89\x02\xfc\x0a\xbf\x12[\x19c\x1e\x86\
!\x95\x22}!O\x1e=\x19\x97\x12\xc5\x0aB\x02\x9b\
\xf9T\xf1\xf0\xe9\xeb\xe3\xa1\xdf^\xddI\xdd^\xdf\x80\
\xe3n\xe9\xc9\xf0\x1c\xf9\xdc\x01\x81\x0a\x7f\x12T\x19\x91\
\x1e\xe1!\x12#\x0e\x22\xe4\x1e\xcb\x19\x13\x13#\x0b\x83\
\x02\xbe\xf9X\xf1\xdc\xe9\xc5\xe3t\xdf1\xdd\x1e\xdd;\
\xdfh\xe3a\xe9\xc4\xf0\x15\xf9\xd5\x01v\x0ah\x12/\
\x19_\x1e\xa5!\xcd\x22\xc6!\xa3\x1e\x93\x19\xf1\x12#\
\x0b\xa2\x02\x01\xfa\xc2\xf1e\xeah\xe4 \xe0\xd7\xdd\xaf\
\xdd\xa9\xdf\xa6\xe3d\xe9\x85\xf0\x9c\xf8%\x01\x9b\x09v\
\x118\x18z\x1d\xe6 E\x22\x86!\xb1\x1e\xf0\x19\x96\
\x13\x02\x0c\xac\x03\x1e\xfb\xd7\xf2^\xeb,\xe5\xa3\xe0\x0f\
\xde\x94\xdd@\xdf\xf9\xe2~\xe8~\xef\x87\xf7\x17\x00\xab\
\x08\xb9\x10\xc1\x17L\x1d\x04!\xae\x22,\x22\x86\x1f\xe0\
\x1a\x86\x14\xe1\x0ch\x04\xa7\xfb&\xf3o\xeb\x04\xe5H\
\xe0\x8c\xdd\xfd\xdc\x9f\xde^\xe2\xf8\xe7\x15\xefF\xf7\xfb\
\xff\xb0\x08\xdc\x10\xf3\x17\x86\x1d>!\xdd\x22K\x22\x94\
\x1f\xe4\x1a\x85\x14\xdf\x0cm\x04\xb8\xfbJ\xf3\xa6\xebF\
\xe5\x96\xe0\xdd\xddG\xdd\xdb\xde\x80\xe2\xfc\xe7\xf5\xee\xfb\
\xf6\x8f\xff$\x088\x10J\x17\xe5\x1c\xb6 |\x22\x1c\
\x22\xa0\x1f)\x1b\xff\x14\x84\x0d0\x05\x88\xfc\x14\xf4\x5c\
\xec\xd8\xe5\xf4\xe0\x01\xde.\xdd\x87\xde\xf7\xe1I\xe7(\
\xee(\xf6\xc8\xfez\x07\xba\x0f\x03\x17\xd9\x1c\xe2 \xd9\
\x22\xa1\x22; \xcc\x1b\xa0\x15\x12\x0e\x9f\x05\xd6\xfc=\
\xf4^\xec\xba\xe5\xbc\xe0\xb6\xdd\xd8\xdc1\xde\xa8\xe1\x05\
\xe7\xf3\xed\x03\xf6\xb0\xfem\x07\xb4\x0f\xfe\x16\xd4\x1c\xdd\
 \xd5\x22\x9e\x22= \xd3\x1b\xae\x15+\x0e\xc2\x05\x00\
\xfdn\xf4\x93\xec\xf4\xe5\xf9\xe0\xef\xdd\x09\xddX\xde\xbe\
\xe1\x07\xe7\xdf\xed\xd6\xf5l\xfe\x13\x07N\x0f\x91\x16c\
\x1cs x\x22T\x22\x0e \xc4\x1b\xc1\x15f\x0e'\
\x06\x8d\xfd\x19\xf5T\xed\xbb\xe6\xb3\xe1\x8e\xde{\xdd\x88\
\xde\xab\xe1\xb1\xe6D\xed\x05\xf5u\xfd\x0b\x06E\x0e\x9e\
\x15\xa1\x1b\xed\x1f:\x22j\x22v x\x1c\xb5\x16\x84\
\x0fW\x07\xb3\xfe\x1c\xf6\x1a\xee3\xe7\xd7\xe1X\xde\xf3\
\xdc\xc2\xdd\xb9\xe0\xa8\xe5A\xec\x1f\xf4\xbd\xfc\x8f\x05\x10\
\x0e\xae\x15\xed\x1bk \xdc\x22\x1b#\x1e!\x0a\x1d$\
\x17\xc6\x0fn\x07\xa2\xfe\xea\xf5\xd7\xed\xec\xe6\x93\xe1$\
\xde\xd5\xdc\xbb\xdd\xc6\xe0\xc2\xe5d\xecA\xf4\xd5\xfc\x97\
\x05\xff\x0d\x82\x15\xab\x1b\x16 {\x22\xb8\x22\xca \xd2\
\x1c\x11\x17\xdf\x0f\xb2\x07\x0f\xffz\xf6x\xee\x8d\xe7(\
\xe2\x9f\xde)\xdd\xdf\xdd\xb9\xe0\x84\xe5\xf7\xeb\xaf\xf3(\
\xfc\xdc\x04F\x0d\xdd\x14(\x1b\xbe\x1f[\x22\xd2\x22\x17\
!J\x1d\xa4\x17\x82\x10V\x08\xa2\xff\xf5\xf6\xd7\xee\xce\
\xe7N\xe2\xa7\xde\x1a\xdd\xbc\xdd\x80\xe0<\xe5\xa3\xebO\
\xf3\xc0\xfbt\x04\xe4\x0c\x81\x14\xd6\x1a~\x1f-\x22\xba\
\x22\x17!d\x1d\xdb\x17\xd6\x10\xc6\x08&\x00\x88\xf7o\
\xefW\xe8\xbd\xe2\xf6\xde;\xdd\xae\xddD\xe0\xd8\xe4\x1f\
\xeb\xb4\xf2!\xfb\xd9\x03T\x0c\x0b\x14\x81\x1aP\x1f*\
\x22\xde\x22a!\xcd\x1d\x5c\x18d\x11O\x09\xa5\x00\xf5\
\xf7\xc1\xef\x90\xe8\xd7\xe2\xf5\xde%\xdd\x81\xdd\x08\xe0\x8c\
\xe4\xc7\xeaZ\xf2\xc6\xfa\x82\x03\x06\x0c\xc8\x13L\x1a)\
\x1f\x10\x22\xd1\x22a!\xda\x1dy\x18\x94\x11\x98\x09\x08\
\x01k\xf8F\xf0\x1e\xe9a\xe3j\xdf}\xdd\xb2\xdd\x0a\
\xe0`\xe4l\xea\xd2\xf1\x19\xfa\xba\x02/\x0b\xf0\x12\x86\
\x19\x89\x1e\xa8!\xb3\x22\x95!Z\x1e9\x19y\x12y\
\x0a\xc1\x01\xda\xf8S\xf0\xc8\xe8\xbe\xe2\xac\xde\xe9\xdc\x9f\
\xdd\xd0\xe0K\xe6\xb9\xed\x94\xf60\x00\xde\x09\xd8\x12c\
\x1a\xe6\x1f\xe4\x22\x14#c \xfa\x1aC\x13\xdf\x09\x98\
\xffG\xf5\xd6\xeb%\xe4\xe6\xde\x9d\xdc\x8f\xdd\xae\xe1\xa8\
\xe8\xe1\xf1|\xfcx\x07\xcb\x11k\x1ar ;#o\
\x22\x1a\x1e\x9d\x16\xb6\x0cs\x01\xfc\xf5\x8f\xebV\xe38\
\xde\xd0\xdcK\xdfd\xe5r\xeer\xf9*\x05M\x10\xa0\
\x19\x16 \xf5\x22\xef!%\x1d \x15\xc2\x0a8\xff\xc6\
\xf3\xad\xe9\x13\xe2\xcd\xddP\xdd\xb0\xe0\x86\xe7\x14\xf1J\
\xfc\xe4\x07\xa0\x12K\x1b\xe8 \xde\x22\xf0 X\x1b\xb8\
\x12\x03\x08k\xfc:\xf1\xaa\xe7\xcc\xe0d\xdd\xd1\xdd\x08\
\xe2\x91\xe9\x96\xf3\xfc\xfe|\x0a\xd6\x14\xe4\x1c\xb7!\xcd\
\x22\x07 \xb1\x19\x82\x10\x80\x05\xe3\xf9\xf2\xee\xe6\xe5\xbe\
\xdf(\xddp\xden\xe3\x96\xeb\x00\xf6\x7f\x01\xd6\x0c\xc1\
\x16\x1f\x1e'\x22d\x22\xcd\x1e\xcc\x17#\x0e\xec\x02c\
\xf7\xca\xecW\xe4\xf5\xde?\xddl\xdf2\xe5\xf1\xed\xb3\
\xf8>\x04P\x0f\xaf\x18M\x1fp\x22\xbc!F\x1d\x92\
\x15r\x0b\x0c\x00\xa7\xf4\x80\xea\xbb\xe29\xdew\xdd\x8b\
\xe0\x1f\xe7t\xf0\x81\xfb\x0f\x07\xd3\x11\x9f\x1ax \xb1\
\x22\x11!\xc5\x1b_\x13\xd4\x08M\xfd\x10\xf2^\xe8I\
\xe1\x9e\xdd\xc2\xdd\xb2\xe1\xfd\xe8\xd7\xf2$\xfe\x9f\x09\x0b\
\x14>\x1cK!\xa5\x22# \x12\x1a\x1d\x11B\x06\xb9\
\xfa\xc1\xef\x97\xe6@\xe0l\xddq\xde2\xe3'\xebj\
\xf5\xd9\x003\x0c/\x16\xb3\x1d\xea!V\x22\xf3\x1e\x1d\
\x18\x96\x0eo\x03\xe4\xf7>\xed\xa9\xe4\x19\xdf2\xdd'\
\xdf\xc2\xe4g\xed\x1a\xf8\xaf\x03\xdf\x0ei\x18B\x1f\xa4\
\x22+\x22\xe8\x1dU\x16D\x0c\xd5\x00P\xf5\xf4\xea\xea\
\xe2\x17\xde\x04\xdd\xce\xdf'\xe6^\xefg\xfa\x0c\x06\x0b\
\x11)\x1aa \x01#\xc1!\xc3\x1c\x95\x14\x1f\x0a\x8a\
\xfe\x1c\xf3\x1e\xe9\xac\xe1\x93\xddH\xdd\xdb\xe0\xe0\xe7\x91\
\xf1\xd8\xfct\x08\x22\x13\xae\x1b&!\xf0\x22\xd2 \x10\
\x1bP\x12\x87\x07\xeb\xfb\xc1\xf0F\xe7\x8f\xe0S\xdd\xf0\
\xddU\xe2\x02\xea \xf4\x8f\xff\x04\x0b?\x15 \x1d\xc4\
!\xa8\x22\xb1\x1f6\x19\xec\x0f\xdd\x04F\xf9k\xee~\
\xe5\x84\xdf'\xdd\xac\xde\xe3\xe39\xec\xc0\xf6N\x02\x9c\
\x0dc\x17\x8d\x1eV\x22L\x22q\x1e3\x17]\x0d\x0b\
\x02\x80\xf6\x00\xec\xb3\xe3\x8b\xde\x1d\xdd\x8d\xdf\x99\xe5\x96\
\xee\x81\xf9%\x05:\x10\x83\x19\xf6\x1f\xdd\x22\xe3!\x22\
\x1d$\x15\xcb\x0a@\xff\xc6\xf3\xa1\xe9\xf8\xe1\xa0\xdd\x15\
\xddi\xe0;\xe7\xcf\xf0\x13\xfc\xc5\x07\x9f\x12j\x1b+\
!>#i!\xdf\x1b:\x13v\x08\xc3\xfch\xf1\xaa\
\xe7\x9f\xe0\x0a\xddT\xddv\xe1\xf9\xe8\x07\xf3\x81\xfe$\
\x0a\xa8\x14\xde\x1c\xe0!\x22#y :\x1a\x13\x11\x05\
\x06R\xfa=\xef\x04\xe6\xaf\xdf\xef\xdc\x14\xde\xfa\xe2\x18\
\xeb\x87\xf5\x19\x01\x8d\x0c\x9a\x16\x22\x1eR\x22\xb1\x225\
\x1f>\x18\x93\x0eM\x03\xaa\xf7\xf0\xecU\xe4\xcf\xde\xf8\
\xdc\x04\xdf\xbc\xe4{\xedB\xf8\xe4\x03\x19\x0f\xa0\x18h\
\x1f\xb2\x22#\x22\xc8\x1d\x1d\x16\xfb\x0b\x86\x00\x02\xf5\xb3\
\xea\xc0\xe2\x0c\xde\x1c\xdd\x0c\xe0\x87\xe6\xd6\xef\xf0\xfa\x95\
\x06\x7f\x11y\x1a\x80 \xe9\x22r!C\x1c\xf3\x13m\
\x09\xde\xfd\x88\xf2\xb1\xe8t\xe1\x94\xdd\x86\xddN\xe1y\
\xe8C\xf2\x8f\xfd\x1d\x09\xa9\x13\x01\x1c>!\xca\x22r\
 \x84\x1a\xa3\x11\xcc\x06:\xfb+\xf0\xe0\xe6b\xe0d\
\xddA\xde\xde\xe2\xb6\xea\xea\xf4V\x00\xb8\x0b\xcb\x15p\
\x1d\xce!h\x22.\x1f|\x18\x0e\x0f\xf3\x03l\xf8\xb6\
\xed\x06\xe5Y\xdfJ\xdd\x14\xdf\x87\xe4\x09\xed\xa5\xf7-\
\x03^\x0e\xf9\x17\xe9\x1em\x22\x1d\x22\xff\x1d\x8c\x16\x95\
\x0c8\x01\xb6\xf5T\xeb<\xe3S\xde$\xdd\xd5\xdf\x14\
\xe62\xef0\xfa\xd1\x05\xcc\x10\xee\x191 \xe0\x22\xb0\
!\xc5\x1c\xa8\x14>\x0a\xb2\xfeJ\xf3E\xe9\xc7\xe1\xa2\
\xddI\xdd\xca\xe0\xc1\xe7j\xf1\xaf\xfcK\x08\x00\x13\x9c\
\x1b$!\xfe\x22\xf6 F\x1b\x8f\x12\xc9\x07$\xfc\xea\
\xf0]\xe7\x88\xe01\xdd\xb9\xdd\x0c\xe2\xb2\xe9\xd5\xf3N\
\xff\xda\x0a0\x15,\x1d\xed!\xe5\x22\xfb\x1f\x87\x19:\
\x10\x1f\x05w\xf9\x84\xee\x80\xe5p\xdf\xfb\xdch\xde\x92\
\xe3\xe2\xebj\xf6\x02\x02c\x0dE\x17\x8f\x1eu\x22\x87\
\x22\xc1\x1e\x8f\x17\xbe\x0df\x02\xca\xf65\xec\xce\xe3\x87\
\xde\xfb\xdcP\xdfF\xe57\xee\x1f\xf9\xc9\x04\xf0\x0fO\
\x19\xdc\x1f\xe1\x22\x02\x22Z\x1dp\x15 \x0b\x95\xff\x15\
\xf4\xe4\xe9(\xe2\xba\xdd\x19\xddZ\xe0\x1b\xe7\xa2\xf0\xdc\
\xfb\x88\x07b\x122\x1b\xfa \x1b#V!\xdc\x1bJ\
\x13\x94\x08\xe9\xfc\x96\xf1\xda\xe7\xcb\xe01\xdds\xdd\x8a\
\xe1\xff\xe8\x03\xf3s\xfe\x0b\x0a\x8a\x14\xbf\x1c\xc1!\x06\
#g -\x1a\x0c\x11\x08\x06Y\xfaG\xef\x11\xe6\xbc\
\xdf\xfb\xdc\x1d\xde\x01\xe3\x1c\xeb\x87\xf5\x18\x01\x8a\x0c\x97\
\x16!\x1eR\x22\xb2\x229\x1fG\x18\xa0\x0e]\x03\xba\
\xf7\x00\xed`\xe4\xcf\xde\xee\xdc\xf1\xde\x9d\xe4S\xed\x1c\
\xf8\xc0\x03\xfb\x0e\x8e\x18c\x1f\xbf\x22=\x22\xea\x1dJ\
\x16/\x0c\xb5\x00-\xf5\xd6\xea\xd2\xe2\x0e\xde\x0f\xdd\xed\
\xdf\x5c\xe6\xa3\xef\xb8\xfaa\x06U\x11\x5c\x1av \xf1\
\x22\x8c!n\x1c$\x14\xa0\x09\x0b\xfe\xab\xf2\xc7\xe8u\
\xe1\x85\xddm\xdd)\xe1O\xe8\x1a\xf2l\xfd\x04\x09\x9d\
\x13\x08\x1cT!\xea\x22\x9f \xb3\x1a\xcc\x11\xee\x06L\
\xfb,\xf0\xcf\xe6>\xe03\xdd\x05\xde\x9c\xe2y\xea\xb6\
\xf41\x00\xa7\x0b\xd2\x15\x8e\x1d\x03\x22\xad\x22}\x1f\xcf\
\x18[\x0f5\x04\x9a\xf8\xce\xed\x07\xe5?\xdf\x18\xdd\xd1\
\xde7\xe4\xb3\xecO\xf7\xdf\x02\x1d\x0e\xc7\x17\xce\x1ej\
\x220\x22+\x1e\xcf\x16\xe9\x0c\x97\x01\x1a\xf6\xb3\xeb\x8d\
\xe3\x8f\xdeF\xdd\xd5\xdf\xf5\xe5\xf6\xee\xd7\xf9b\x05V\
\x10{\x19\xc9\x1f\x94\x22\x8a!\xc7\x1c\xd2\x14\x8f\x0a \
\xff\xc6\xf3\xc3\xe96\xe2\xf3\xddu\xdd\xce\xe0\x9d\xe7!\
\xf1M\xfc\xe1\x07\x9a\x12C\x1b\xe3 \xdd\x22\xf7 d\
\x1b\xc2\x12\x0c\x08r\xfc6\xf1\x9d\xe7\xbd\xe0Q\xdd\xbf\
\xdd\xff\xe1\x91\xe9\xa1\xf3\x11\xff\x97\x0a\xf2\x14\xfc\x1c\xc9\
!\xd4\x22\x02 \xa2\x19e\x10W\x05\xb5\xf9\xc4\xee\xb8\
\xe5\x99\xdf\x13\xddk\xde|\xe3\xb8\xeb1\xf6\xbe\x01\x19\
\x0d\xff\x16W\x1eR\x22|\x22\xcf\x1e\xb8\x17\xff\x0d\xb8\
\x02$\xf7\x8c\xec\x1a\xe4\xbf\xde\x16\xddM\xdf\x22\xe5\xf3\
\xed\xc3\xf8\x5c\x04z\x0f\xe1\x18\x83\x1f\xa7\x22\xf0!t\
\x1d\xb5\x15\x8a\x0b\x19\x00\xa6\xf4q\xea\xa1\xe2\x10\xdeC\
\xddS\xe0\xe2\xe6;\xf0V\xfb\xef\x06\xc5\x11\xa6\x1a\x8e\
 \xd9\x22H!\x01\x1c\x9e\x13\x0f\x09~\xfd1\xf2k\
\xe8A\xe1\x7f\xdd\x90\xddt\xe1\xba\xe8\x96\xf2\xed\xfd~\
\x09\x03\x14O\x1cw!\xe8\x22v j\x1ao\x11\x81\
\x06\xdc\xfa\xc7\xef{\xe6\x04\xe0\x19\xdd\x0c\xde\xc6\xe2\xbd\
\xea\x0f\xf5\x97\x00\x0e\x0c0\x16\xda\x1d4\x22\xc1\x22o\
\x1f\xa0\x18\x12\x0f\xd7\x033\xf8f\xed\xa7\xe4\xf5\xde\xeb\
\xdc\xc5\xdeR\xe4\xf0\xec\xad\xf7S\x03\x99\x0eC\x18;\
\x1f\xb8\x22X\x22(\x1e\x9d\x16\x8b\x0c\x17\x01\x86\xf5\x19\
\xeb\xfd\xe2\x1c\xde\xfd\xdc\xc0\xdf\x1b\xe6T\xefe\xfa\x14\
\x06\x17\x112\x1ad \xfe\x22\xb1!\xa4\x1ci\x14\xe9\
\x09P\xfe\xe5\xf2\xed\xe8\x87\xe1\x7f\xddM\xdd\xf8\xe0\x12\
\xe8\xd3\xf1(\xfd\xc8\x08p\x13\xf0\x1bS!\x02#\xcd\
 \xf3\x1a\x1a\x12=\x07\x96\xfbl\xf0\xf8\xe6L\xe0&\
\xdd\xdd\xdd^\xe2'\xea]\xf4\xdb\xffY\x0b\x97\x15p\
\x1d\x00\x22\xcb\x22\xb9\x1f\x1f\x19\xbb\x0f\x99\x04\xf6\xf8\x19\
\xee7\xe5M\xdf\x06\xdd\x9e\xde\xea\xe3T\xec\xec\xf6\x80\
\x02\xcf\x0d\x96\x17\xbc\x1ey\x22b\x22w\x1e+\x17M\
\x0d\xf5\x01e\xf6\xe5\xeb\x9f\xe3~\xde\x14\xdd\x8c\xdf\x9c\
\xe5\x99\xee\x84\xf9#\x052\x10u\x19\xe2\x1f\xc7\x22\xce\
!\x13\x1d\x1d\x15\xce\x0aN\xff\xe2\xf3\xc9\xe9)\xe2\xd8\
\xddP\xdd\xa1\xe0m\xe7\xf4\xf0%\xfc\xbe\x07~\x123\
\x1b\xe0 \xe5\x22\x0b!\x86\x1b\xf1\x12@\x08\xa7\xfcl\
\xf1\xcd\xe7\xdc\xe0_\xdd\xbc\xdd\xe5\xe1c\xe9e\xf3\xcc\
\xfeR\x0a\xb3\x14\xc9\x1c\xad!\xd0\x22\x15 \xcc\x19\xa2\
\x10\xa0\x05\x01\xfa\x08\xef\xef\xe5\xbd\xdf\x1c\xdd\x5c\xdeX\
\xe3\x81\xeb\xf0\xf5y\x01\xd9\x0c\xcd\x166\x1eE\x22\x85\
\x22\xee\x1e\xe8\x179\x0e\xf6\x02`\xf7\xbc\xec:\xe4\xcf\
\xde\x10\xdd2\xdf\xf9\xe4\xbf\xed\x8a\xf8&\x04M\x0f\xc1\
\x18t\x1f\xaa\x22\x04\x22\x97\x1d\xe1\x15\xbb\x0bJ\x00\xd2\
\xf4\x91\xea\xb3\xe2\x17\xde;\xdd<\xe0\xc3\xe6\x16\xf0-\
\xfb\xc8\x06\xa4\x11\x8d\x1a\x80 \xd5\x22O!\x15\x1c\xb8\
\x13.\x09\xa1\xfdS\xf2\x89\xe8Z\xe1\x90\xdd\x99\xddt\
\xe1\xb1\xe8\x84\xf2\xd4\xfd`\x09\xe3\x130\x1c[!\xd1\
\x22i g\x1at\x11\x92\x06\xf8\xfa\xe8\xef\xa1\xe6*\
\xe0<\xdd)\xde\xd7\xe2\xc1\xea\x08\xf5\x82\x00\xed\x0b\x08\
\x16\xaf\x1d\x09\x22\x9b\x22S\x1f\x93\x18\x14\x0f\xe9\x03Q\
\xf8\x90\xed\xd8\xe4$\xdf\x17\xdd\xe8\xded\xe4\xf3\xec\x9e\
\xf72\x03n\x0e\x11\x18\x05\x1f\x88\x224\x22\x13\x1e\x99\
\x16\x9c\x0c:\x01\xb4\xf5P\xeb6\xe3O\xde%\xdd\xd8\
\xdf\x1d\xe6C\xefA\xfa\xe0\x05\xdb\x10\xf5\x19, \xd2\
\x22\x97!\xa0\x1c{\x14\x10\x0a\x87\xfe'\xf32\xe9\xc5\
\xe1\xb2\xddo\xdd\x02\xe1\x05\xe8\xb0\xf1\xf1\xfc\x87\x08*\
\x13\xad\x1b\x1c!\xdc\x22\xbb \xf9\x1a6\x12m\x07\xd4\
\xfb\xae\xf0:\xe7\x87\xe0R\xdd\xf6\xdda\xe2\x14\xea7\
\xf4\xa5\xff\x1a\x0bW\x154\x1d\xd0!\xac\x22\xad\x1f(\
\x19\xda\x0f\xc8\x040\xf9X\xees\xe5\x81\xdf*\xdd\xaf\
\xde\xe7\xe3<\xec\xbf\xf6G\x02\x90\x0dT\x17\x82\x1eN\
\x22H\x22t\x1e@\x17v\x0d/\x02\xaa\xf6,\xec\xe1\
\xe3\xb4\xde8\xdd\x97\xdf\x8e\xe5s\xeeH\xf9\xd9\x04\xe1\
\x0f&\x19\xa0\x1f\x94\x22\xb2!\x15\x1d:\x15\x03\x0b\x98\
\xff6\xf4 \xeax\xe2\x15\xdew\xdd\xac\xe0Y\xe7\xc4\
\xf0\xdc\xfbf\x07!\x12\xd9\x1a\x93 \xaf\x22\xf2 \x8b\
\x1b\x14\x13\x80\x08\xfc\xfc\xca\xf1+\xe80\xe1\xa0\xdd\xe1\
\xdd\xe9\xe1G\xe9+\xf3y\xfe\xf0\x09O\x14m\x1ca\
!\xa0\x22\x07 \xe0\x19\xd7\x10\xf1\x05b\xfap\xefT\
\xe6\x0f\xe0U\xddu\xdeK\xe3P\xeb\xa1\xf5\x16\x01l\
\x0cc\x16\xdc\x1d\x04\x22f\x22\xf3\x1e\x12\x18\x85\x0eY\
\x03\xcf\xf7+\xed\x9b\xe4\x16\xdf8\xdd5\xdf\xd4\xe4x\
\xed)\xf8\xb5\x03\xd9\x0eX\x18#\x1fu\x22\xf3!\xae\
\x1d\x1a\x16\x11\x0c\xb3\x00@\xf5\xfa\xea\x0b\xe3S\xdeW\
\xdd4\xe0\x97\xe6\xcc\xef\xcc\xfa\x5c\x06:\x11-\x1a5\
 \xaa\x22C!)\x1c\xf0\x13\x7f\x09\x01\xfe\xbc\xf2\xed\
\xe8\xaf\xe1\xce\xdd\xb9\xddr\xe1\x8d\xe8A\xf2{\xfd\xfa\
\x08x\x13\xce\x1b\x0c!\x9b\x22S v\x1a\xa4\x11\xe2\
\x06[\xfbT\xf0\x0d\xe7\x8a\xe0\x81\xddO\xde\xda\xe2\x9c\
\xea\xbe\xf4\x1f\x00y\x0b\x8f\x15@\x1d\xb0!`\x22B\
\x1f\xaa\x18S\x0fK\x04\xca\xf8\x10\xeeT\xe5\x8f\xdfb\
\xdd\x0b\xdf\x5c\xe4\xbf\xecC\xf7\xbb\x02\xe8\x0d\x8a\x17\x8e\
\x1e,\x22\xfc!\x07\x1e\xbc\x16\xe9\x0c\xa7\x017\xf6\xda\
\xeb\xb7\xe3\xb9\xden\xdd\xf9\xdf\x0f\xe6\x07\xef\xe1\xf9e\
\x05Q\x10n\x19\xb3\x1fs\x22`!\x94\x1c\x9d\x14]\
\x0a\xf5\xfe\xaa\xf3\xbd\xe9G\xe2 \xde\xbb\xdd\x22\xe1\xf6\
\xe7s\xf1\x8b\xfc\x03\x08\x98\x12\x1d\x1b\x9c z\x22\x86\
 \xf5\x1ae\x12\xcc\x07W\xfcG\xf1\xd8\xe7\x17\xe1\xc4\
\xdd<\xdeq\xe2\xed\xe9\xd9\xf3\x1c\xffx\x0a\xab\x14\x94\
\x1cN!V\x22\x91\x1fI\x193\x10R\x05\xd8\xf9\x0a\
\xef\x1c\xe6\x0c\xe0\x86\xdd\xd3\xde\xcc\xe3\xe5\xeb9\xf6\xa1\
\x01\xdc\x0c\xac\x16\xf8\x1d\xef!!\x22\x8a\x1e\x8e\x17\xf2\
\x0d\xc9\x02R\xf7\xca\xec`\xe4\x0c\xdf]\xdd\x85\xdfI\
\xe5\x05\xee\xbf\xf8E\x04U\x0f\xb4\x18Q\x1fq\x22\xbf\
!K\x1d\x95\x15w\x0b\x13\x00\xad\xf4\x83\xea\xbb\xe29\
\xdeu\xdd\x85\xe0\x16\xe7l\xf0{\xfb\x07\x07\xcd\x11\x9a\
\x1am \xa4\x22\x03!\xb3\x1bP\x13\xc9\x08G\xfd\x12\
\xf2i\xe8_\xe1\xbc\xdd\xe7\xdd\xde\xe1(\xe9\xf9\xf2?\
\xfe\xb1\x09\x0f\x144\x1c3!\x81\x22\xfa\x1f\xe5\x19\xf3\
\x10\x1e\x06\x9c\xfa\xb4\xef\x98\xe6O\xe0\x8d\xdd\x9a\xde[\
\xe3J\xeb\x81\xf5\xdf\x00%\x0c\x12\x16\x89\x1d\xb7!(\
\x22\xcd\x1e\x07\x18\x96\x0e\x89\x03\x17\xf8\x82\xed\xfc\xe4u\
\xdf\x89\xddp\xdf\xf1\xe4t\xed\x02\xf8p\x03\x7f\x0e\xf2\
\x17\xb9\x1e\x16\x22\xab!\x83\x1d\x13\x161\x0c\xf6\x00\x9c\
\xf5i\xeb\x7f\xe3\xbc\xde\xad\xddm\xe0\xa7\xe6\xb5\xef\x8f\
\xfa\x00\x06\xc8\x10\xb5\x19\xc4\x1fK\x22\x03!\x12\x1c\x04\
\x14\xbc\x09a\xfe3\xf3m\xe9)\xe25\xde\x00\xde\x8f\
\xe1~\xe8\x08\xf2\x1a\xfd\x7f\x08\xf5\x12O\x1b\x9f P\
\x223 \x83\x1a\xe0\x11C\x07\xd8\xfb\xe0\xf0\x92\xe7\xfb\
\xe0\xd6\xddx\xde\xd2\xe2h\xeac\xf4\xa6\xff\xf2\x0a\x09\
\x15\xcd\x1cZ!3\x22B\x1f\xd7\x18\xa9\x0f\xbe\x04K\
\xf9\x94\xee\xca\xe5\xe7\xdf\x94\xdd\x14\xdf:\xe4s\xec\xd8\
\xf6@\x02j\x0d\x17\x172\x1e\xf3!\xed!!\x1e\xfd\
\x16J\x0d\x1d\x02\xb4\xf6M\xec\x18\xe4\xfd\xde\x89\xdd\xea\
\xdf\xdb\xe5\xb3\xeet\xf9\xed\x04\xde\x0f\x0b\x19l\x1fQ\
\x22d!\xc1\x1c\xec\x14\xc4\x0aj\xff\x1f\xf4$\xea\x96\
\xe2K\xde\xc0\xdd\x01\xe1\xaf\xe7\x13\xf1\x1d\xfc\x90\x072\
\x12\xcc\x1ai o\x22\x9f /\x1b\xbc\x124\x08\xc2\
\xfc\xaa\xf1)\xe8N\xe1\xd7\xdd.\xdeF\xe2\xa6\xe9\x82\
\xf3\xc0\xfe\x1f\x0ab\x14_\x1c4![\x22\xae\x1f}\
\x19x\x10\x9e\x05&\xfaP\xefQ\xe6/\xe0\x96\xdd\xca\
\xde\xaf\xe3\xba\xeb\x00\xf6b\x01\x9e\x0cr\x16\xc9\x1d\xce\
!\x10\x22\x8c\x1e\xa3\x17\x17\x0e\xfd\x02\x8d\xf7\x0c\xed\xa3\
\xe4D\xdf\x8a\xdd\xa1\xdfM\xe5\xf2\xed\x95\xf8\x09\x04\x0b\
\x0f`\x18\x00\x1f/\x22\x8d!3\x1d\x9d\x15\x9d\x0bV\
\x00\x05\xf5\xe7\xea$\xe3\x94\xde\xb7\xdd\xab\xe0\x18\xe7C\
\xf0/\xfb\xa2\x06W\x11!\x1a\x02 S\x22\xd6 \xb4\
\x1b{\x13\x1b\x09\xbc\xfd\x97\xf2\xee\xe8\xd7\xe1\x17\xde\x1a\
\xde\xe0\xe1\xfb\xe8\xa4\xf2\xc8\xfd&\x09\x84\x13\xb9\x1b\xd5\
 J\x22\xf4\x1f\x12\x1aG\x11\x92\x06'\xfb@\xf0\x15\
\xe7\xb1\xe0\xc6\xdd\xa6\xde8\xe3\xfd\xea\x16\xf5a\x00\xa1\
\x0b\x9a\x15+\x1d}!\x17\x22\xe7\x1eI\x18\xf9\x0e\xfe\
\x03\x92\xf8\xf9\xed[\xe5\xb3\xdf\xa4\xddb\xdf\xbd\xe4\x1f\
\xed\x99\xf7\x00\x03\x0f\x0e\x92\x17v\x1e\xf5!\xae!\xab\
\x1d\x5c\x16\x90\x0c_\x01\x07\xf6\xc9\xeb\xc6\xe3\xe6\xde\xb4\
\xddN\xe0k\xe6`\xef,\xfa\x9b\x05l\x10k\x19\x95\
\x1f=\x22\x16!C\x1cK\x14\x12\x0a\xbb\xfe\x86\xf3\xb2\
\xe9V\xe2F\xde\xf5\xddj\xe1B\xe8\xc1\xf1\xcf\xfc6\
\x08\xb9\x12%\x1b\x8b T\x22J \xac\x1a\x15\x12z\
\x07\x0f\xfc\x10\xf1\xb6\xe7\x10\xe1\xda\xddq\xde\xbd\xe2G\
\xea@\xf4\x81\xff\xcc\x0a\xea\x14\xb3\x1cH!)\x22@\
\x1f\xde\x18\xb6\x0f\xd1\x04d\xf9\xb0\xee\xe9\xe5\x06\xe0\xb0\
\xdd,\xdfH\xe4y\xec\xd3\xf6,\x02L\x0d\xee\x16\x01\
\x1e\xc2!\xbf!\xfa\x1d\xe5\x16D\x0d)\x02\xd2\xf6~\
\xecT\xe4=\xdf\xc8\xdd\x1e\xe0\xff\xe5\xc0\xeeh\xf9\xcb\
\x04\xa5\x0f\xc0\x18\x1d\x1f\x03\x22 !\x93\x1c\xd6\x14\xcb\
\x0a\x8f\xff]\xf4u\xea\xf1\xe2\xa5\xde\x0f\xde<\xe1\xd1\
\xe7\x14\xf1\xfd\xfbY\x07\xe0\x11m\x1a\x0b \x16\x22Y\
 \x04\x1b\xaf\x12I\x08\xf5\xfc\xf6\xf1\x89\xe8\xb2\xe18\
\xde\x81\xde~\xe2\xc1\xe9|\xf3\x96\xfe\xd9\x09\x04\x14\xf4\
\x1b\xc9 \xf9!d\x1fP\x19m\x10\xbb\x05c\xfa\xa7\
\xef\xbe\xe6\xa3\xe0\x00\xde\x22\xdf\xeb\xe3\xd1\xeb\xf0\xf5*\
\x01F\x0c\x03\x16L\x1dU!\xaa!B\x1e}\x17\x1b\
\x0e,\x03\xe2\xf7z\xed!\xe5\xc4\xdf\xf9\xdd\xf3\xdfz\
\xe5\xf5\xedl\xf8\xb5\x03\x9a\x0e\xe0\x17|\x1e\xb7!3\
!\x00\x1d\x95\x15\xc0\x0b\xa3\x00r\xf5f\xeb\xa5\xe3\x0a\
\xdf\x14\xde\xe2\xe0#\xe7&\xf0\xe9\xfa=\x06\xdf\x10\xa1\
\x19\x8d\x1f\xf6!\x96 \x9c\x1b\x8f\x13S\x09\x11\xfe\x03\
\xf3c\xe9G\xe2t\xde[\xde\xfe\xe1\xf4\xe8y\xf2|\
\xfd\xc6\x08\x18\x13J\x1bt \x03\x22\xc9\x1f\x08\x1aa\
\x11\xcc\x06x\xfb\xa1\xf0|\xe7\x12\xe1\x16\xde\xdb\xdeO\
\xe3\xf3\xea\xeb\xf4\x1b\x00I\x0b8\x15\xc8\x1c%!\xd6\
!\xc1\x1eA\x18\x10\x0f2\x04\xde\xf8P\xee\xb9\xe5\x0c\
\xe0\xea\xdd\x91\xdf\xd2\xe4\x16\xedr\xf7\xbf\x02\xc0\x0d9\
\x17\x1b\x1e\xa8!u!\x88\x1dU\x16\xa6\x0c\x8e\x01K\
\xf6\x18\xec\x1b\xe47\xdf\xf4\xdd{\xe0\x81\xe6Z\xef\x0c\
\xfad\x05$\x10\x1a\x19D\x1f\xf3!\xdd  \x1cA\
\x14!\x0a\xe5\xfe\xc5\xf3\xfe\xe9\xaa\xe2\x96\xde8\xde\x9a\
\xe1Z\xe8\xbc\xf1\xb0\xfc\xff\x07n\x12\xcf\x1a6 \x08\
\x22\x10 \x8b\x1a\x12\x12\x95\x07C\xfcZ\xf1\x0f\xe8k\
\xe1,\xde\xae\xde\xe3\xe2P\xea&\xf4K\xff\x82\x0a\x8f\
\x14U\x1c\xf4 \xe9!\x1a\x1f\xd7\x18\xcf\x0f\x07\x05\xb2\
\xf9\x0b\xefC\xe6[\xe0\xf2\xddN\xdfO\xe4a\xec\x9e\
\xf6\xe4\x01\xf6\x0c\x97\x16\xb4\x1d\x85!\x9d!\xf6\x1d\xfc\
\x16t\x0dk\x02 \xf7\xce\xec\x9c\xe4u\xdf\xea\xdd'\
\xe0\xee\xe5\x98\xee0\xf9\x86\x04]\x0f~\x18\xe4\x1e\xde\
!\x11!\x97\x1c\xf3\x14\xf7\x0a\xc6\xff\x9f\xf4\xb5\xea)\
\xe3\xd4\xde(\xde?\xe1\xc2\xe7\xf1\xf0\xc9\xfb\x17\x07\x9d\
\x11+\x1a\xcf\x1f\xed!E \x07\x1b\xca\x12w\x085\
\xfdB\xf2\xd4\xe8\xf8\xe1p\xde\xa1\xde\x84\xe2\xab\xe9L\
\xf3R\xfe\x86\x09\xac\x13\xa2\x1b\x89 \xd1!V\x1fe\
\x19\xa0\x10\x01\x06\xbb\xfa\x07\xf0\x17\xe7\xe9\xe0-\xde2\
\xdf\xd7\xe3\x9e\xeb\xa8\xf5\xd1\x00\xe7\x0b\xab\x15\x03\x1d'\
!\x9b!R\x1e\xab\x17a\x0e\x81\x03=\xf8\xd0\xedh\
\xe5\xf5\xdf\x0e\xde\xea\xdfV\xe5\xbb\xed\x22\xf8e\x03K\
\x0e\x9a\x17G\x1e\x97!,!\x11\x1d\xba\x15\xf8\x0b\xe5\
\x00\xb8\xf5\xac\xeb\xe3\xe38\xdf0\xde\xe8\xe0\x14\xe7\x03\
\xf0\xb5\xfa\xfb\x05\x98\x10[\x19L\x1f\xc4!| \x96\
\x1b\xa0\x13\x7f\x09Q\xfeO\xf3\xb6\xe9\x98\xe2\xb9\xde\x8a\
\xde\x15\xe2\xee\xe8U\xf2@\xfdv\x08\xbd\x12\xef\x1a#\
 \xc7!\xaa\x1f\x08\x1a\x81\x11\x08\x07\xca\xfb\xff\xf0\xda\
\xe7g\xe1V\xde\xff\xdeS\xe3\xd5\xea\xb3\xf4\xcf\xff\xee\
\x0a\xda\x14v\x1c\xe6 \xae!\xb8\x1eZ\x18@\x0fv\
\x040\xf9\xa6\xee\x08\xe6N\xe0\x17\xde\xa5\xdf\xcb\xe4\xf5\
\xec?\xf7}\x02s\x0d\xec\x16\xd6\x1dp!Q!z\
\x1da\x16\xc8\x0c\xc3\x01\x90\xf6g\xeck\xe4\x81\xdf/\
\xde\xa1\xe0\x8d\xe6J\xef\xe1\xf9\x22\x05\xcf\x0f\xbb\x18\xe5\
\x1e\xa0!\xa0 \x00\x1cE\x14H\x0a,\xff'\xf4p\
\xea\x1e\xe3\x00\xdf\x89\xde\xc7\xe1_\xe8\x96\xf1b\xfc\x92\
\x07\xed\x11J\x1a\xbc\x1f\xa9!\xd9\x1f\x80\x1a6\x12\xe4\
\x07\xb4\xfc\xe1\xf1\x9b\xe8\xec\xe1\x93\xde\xef\xde\xf6\xe24\
\xea\xe0\xf3\xe4\xfe\x03\x0a\x08\x14\xd7\x1b\x8c \xa0!\xfb\
\x1e\xe5\x18\x03\x10\x5c\x05!\xfa\x87\xef\xc0\xe6\xc8\xe0G\
\xde\x85\xdf\x5c\xe4G\xecd\xf6\x89\x01\x84\x0c\x1e\x16;\
\x1d\x1b!N!\xca\x1d\xf9\x16\x9a\x0d\xb9\x02\x8e\xf7Q\
\xed(\xe5\xf8\xdfT\xdeo\xe0\x06\xe6~\xee\xe7\xf8\x14\
\x04\xcf\x0e\xe4\x17Q\x1ee!\xc3 |\x1c\x0f\x15J\
\x0bB\x002\xf5R\xeb\xba\xe3A\xdfk\xdeP\xe1\x9b\
\xe7\xa0\xf0]\xfb\x9b\x06#\x11\xc4\x19\x83\x1f\xc2!9\
 \x16\x1b\xf1\x12\xb1\x08}\xfd\x95\xf2+\xe9M\xe2\xbc\
\xde\xdc\xde\xa9\xe2\xb5\xe96\xf3\x1f\xfe8\x09H\x134\
\x1b\x1b q!\x14\x1fD\x19\xa7\x104\x06\x12\xfb{\
\xf0\x9c\xe7o\xe1\xa4\xde\x8a\xdf\x09\xe4\xa0\xeby\xf5y\
\x00n\x0b\x1e\x15u\x1c\xa6 9!\x18\x1e\xa3\x17\x8c\
\x0e\xd5\x03\xb4\xf8\x5c\xee\xf7\xe5w\xe0r\xde(\xe0i\
\xe5\x9c\xed\xda\xf7\xff\x02\xd0\x0d\x19\x17\xcf\x1d5!\xeb\
 \xf7\x1c\xc7\x15-\x0c9\x01\x22\xf6!\xecR\xe4\x98\
\xdfu\xde\x0b\xe1\x12\xe7\xda\xefn\xfa\xa0\x053\x10\xf9\
\x18\xf9\x1e\x8b!^ \x99\x1b\xc0\x13\xb3\x09\x95\xfe\x9a\
\xf3\xfc\xe9\xd3\xe2\xe4\xde\xa6\xde\x1c\xe2\xe2\xe8=\xf2\x1c\
\xfdL\x08\x91\x12\xc5\x1a\x00 \xa8!\x95\x1f\xfe\x19\x80\
\x11\x12\x07\xdb\xfb\x18\xf1\xfa\xe7\x87\xe1x\xde \xdfq\
\xe3\xed\xea\xbf\xf4\xd2\xff\xe4\x0a\xc4\x14T\x1c\xba ~\
!\x87\x1e/\x18$\x0fj\x04:\xf9\xc5\xee8\xe6\x89\
\xe0V\xde\xe3\xdf\xfc\xe4\x13\xedF\xf7j\x02J\x0d\xad\
\x16\x89\x1d!!\x0b!K\x1dN\x16\xd3\x0c\xed\x01\xd4\
\xf6\xb8\xec\xbb\xe4\xc9\xdfh\xde\xbe\xe0\x8e\xe60\xef\xae\
\xf9\xdd\x04\x83\x0fn\x18\xa2\x1eo!\x87 \x02\x1c^\
\x14{\x0ap\xffq\xf4\xba\xea^\xe3,\xdf\xa1\xde\xc7\
\xe1D\xe8g\xf1$\xfcN\x07\xac\x11\x10\x1a\x91\x1f\x90\
!\xd4\x1f\x8e\x1aT\x12\x13\x08\xeb\xfc\x19\xf2\xd3\xe8\x1e\
\xe2\xb9\xde\x06\xdf\xfc\xe2'\xea\xbe\xf3\xaf\xfe\xc4\x09\xc2\
\x13\x90\x1bN s!\xe3\x1e\xe7\x18$\x10\x97\x05l\
\xfa\xdf\xef\x17\xe7\x12\xe1\x7f\xde\xa0\xdfY\xe4%\xec!\
\xf65\x01(\x0c\xc0\x15\xec\x1c\xe1 1!\xce\x1d\x1d\
\x17\xda\x0d\x0f\x03\xef\xf7\xae\xedv\xe51\xe0o\xdej\
\xe0\xe4\xe5@\xee\x96\xf8\xbc\x03w\x0e\x97\x17\x18\x1eB\
!\xb6 \x89\x1c3\x15\x80\x0b\x8a\x00\x84\xf5\xa6\xeb\x0c\
\xe4\x8a\xdf\xa2\xdek\xe1\x97\xe7x\xf0\x0b\xfb)\x06\x9c\
\x105\x19\x02\x1f^!\x04 \x1e\x1b5\x13(\x09\x19\
\xfeA\xf3\xcf\xe9\xd4\xe2\x18\xdf\x03\xdf\x94\xe2e\xe9\xbb\
\xf2\x86\xfd\x94\x08\xb1\x12\xb9\x1a\xc5\x1fH!\x19\x1fw\
\x19\x00\x11\xa7\x06\x99\xfb\x04\xf1\x18\xe8\xd6\xe1\xea\xde\xaa\
\xdf\xfd\xe3i\xeb\x1f\xf5\x03\x00\xe8\x0a\x98\x14\xfc\x1bE\
 \xfa \x02\x1e\xb4\x17\xc6\x0e3\x04)\xf9\xe1\xee}\
\xe6\xf0\xe0\xd8\xdei\xe0|\xe5\x81\xed\x90\xf7\x8d\x02A\
\x0d~\x16;\x1d\xb7 \x90 \xca\x1c\xd3\x15l\x0c\xa4\
\x01\xae\xf6\xbd\xec\xee\xe4\x1e\xe0\xda\xdeE\xe1\x16\xe7\xac\
\xef\x13\xfa \x05\x9c\x0f\x5c\x18h\x1e\x15!\x12 \x80\
\x1b\xe0\x13\x08\x0a\x12\xff4\xf4\xa2\xeao\xe3b\xdf\xf5\
\xde4\xe2\xc0\xe8\xe3\xf1\x97\xfc\xab\x07\xe9\x11(\x1a~\
\x1fS!t\x1f\x19\x1a\xd5\x11\x94\x07\x7f\xfc\xca\xf1\xa5\
\xe8\x17\xe2\xda\xdeL\xdf_\xe3\x9b\xea6\xf4\x1c\xff\x19\
\x0a\xf7\x13\xa2\x1b> C!\x99\x1e\x8b\x18\xc2\x0f5\
\x05\x15\xfa\x9d\xef\xf1\xe6\x0b\xe1\x94\xde\xd0\xdf\xa0\xe4y\
\xecy\xf6\x86\x01j\x0c\xf0\x15\x07\x1d\xe6 \x1e!\xa6\
\x1d\xe2\x16\x90\x0d\xb7\x02\x94\xf7^\xed6\xe5\x0a\xe0j\
\xde\x87\xe0\x22\xe6\x9a\xee\x02\xf9+\x04\xdb\x0e\xe9\x17J\
\x1eK!\x9b L\x1c\xd9\x14\x12\x0b\x13\x00\x13\xf5F\
\xeb\xc8\xe3j\xdf\xaa\xde\x9f\xe1\xf1\xe7\xf1\xf0\x99\xfb\xb9\
\x06\x1f\x11\x9d\x19?\x1ff!\xd7\x1f\xbb\x1a\xa2\x12v\
\x08_\xfd\x91\xf2D\xe9\x82\xe2\x09\xdf>\xdf\x16\xe3 \
\xea\x95\xf3d\xfeX\x09=\x13\xff\x1a\xbe\x1f\xf3 \x88\
\x1e\xbe\x184\x10\xe4\x05\xf1\xfa\x87\xf0\xd1\xe7\xc7\xe1\x16\
\xdf\x0c\xe0\x8a\xe4\x14\xec\xd2\xf5\xb2\x00\x84\x0b\x10\x15C\
\x1cO \xc0 \x8f\x1d\x12\x17\xf1\x0d&\x03\xe8\xf7\x85\
\xedF\xe5A\xe0-\xdfC\xe25\xe92\xf3\xf5\xfe\xed\
\x0ax\x15\x10\x1d\x8c O\x1ff\x19\x9c\x0f[\x03{\
\xf6\x03\xeb\xd3\xe2W\xdf@\xe1]\xe8\x97\xf3\x0c\x01p\
\x0eZ\x19\xb4\x1f: \xb0\x1a\xfb\x0f\x1a\x02\xb6\xf3\xaa\
\xe7t\xe0\xab\xdf\xa2\xe55\xf1\xff\xff\xdf\x0e\x8e\x1aW\
 \xce\x1e+\x16P\x08j\xf8=\xeaF\xe1\xd1\xdfM\
\xe6!\xf3\x1d\x03T\x12\x03\x1d\x86 \x03\x1c\x8b\x10\xfb\
\x00.\xf1\xfe\xe4t\xdf\xed\xe1\xcd\xeb\xaa\xfa\xd7\x0a\x5c\
\x18\xe2\x1f\x89\x1fi\x17\x82\x09B\xf9\xa6\xeaJ\xe1\x81\
\xdf\xbb\xe5n\xf2z\x02\xec\x11\xf2\x1c\xd2 \x99\x1cI\
\x11\xb2\x01\xab\xf1!\xe54\xdf[\xe1\x0e\xeb\xec\xf9F\
\x0a\x1e\x18\x0a \x0f /\x18W\x0a\xf6\xf9\x0f\xebK\
\xe1\x18\xdf\xfe\xe4\x86\xf1\x98\x01C\x11\xae\x1c\x00!.\
\x1d-\x12\xad\x02\x84\xf2\xad\xe5P\xdf\x01\xe1U\xea\xfe\
\xf8a\x09u\x17\xc0\x1f5 \xbb\x18&\x0b\xd2\xfa\xc1\
\xeb\xa5\xe1\x01\xdf{\xe4\xba\xf0\xb4\x00\x84\x10G\x1c\x10\
!\xb6\x1d\x0b\x13\xaf\x03k\xf3=\xe6d\xdf\x8f\xe0y\
\xe9\xea\xf7R\x08\xb1\x16t\x1fu x\x192\x0c\xed\
\xfb\xa5\xec\x1d\xe2\xf4\xde\xeb\xe3\xca\xef\xa5\xff\x95\x0f\xaf\
\x1b\xf5 \x1d\x1e\xd8\x13\xb0\x04`\xf4\xe8\xe6\x9c\xdfF\
\xe0\xbe\xe8\xee\xf6T\x07\xed\x15\x1e\x1f\xa3 \x1f\x1a)\
\x0d\xf7\xfc\x80\xed\x96\xe2\xe8\xde^\xe3\xe2\xee\x99\xfe\xa8\
\x0e\x19\x1b\xdc \x86\x1e\xa4\x14\xab\x05Q\xf5\x94\xe7\xd8\
\xdf\x0c\xe0\x1e\xe8\x0b\xf6f\x06.\x15\xba\x1e\xb4 \x9f\
\x1a\xfa\x0d\xe8\xfdU\xee\x1a\xe3\xfe\xde\xfc\xe2\x1e\xee\xa7\
\xfd\xbf\x0dv\x1a\xa8 \xcd\x1eX\x15\xa2\x06J\xf6N\
\xe8(\xe0\xd9\xdfs\xe7\x1a\xf5l\x05f\x14]\x1e\xd4\
 1\x1b\xda\x0e\xd8\xfe\x1d\xef\x89\xe3\xf8\xde\x88\xe2]\
\xed\xc5\xfc\xf6\x0c\xf7\x19\x8c \x19\x1f\xfc\x15r\x07\x12\
\xf7\xe1\xe8e\xe0\xb2\xdf\xf1\xe6]\xf4\xa2\x04\xc1\x13\x00\
\x1e\xd7 \x95\x1b\x85\x0f\xa4\xff\xd9\xef\x04\xe4\x17\xdfC\
\xe2\xbe\xec\xf8\xfb)\x0c[\x19M F\x1f\x8a\x16A\
\x08\xf1\xf7\x99\xe9\xc3\xe0\xa0\xdfs\xe6\x8d\xf3\xb5\x03\xf2\
\x12\x82\x1d\xcb \x03\x1cQ\x10\x9a\x00\xbe\xf0\xa0\xe4=\
\xdf\xe7\xe1\xfa\xeb\xf9\xfa.\x0b\xa4\x18\x09 \x88\x1fC\
\x17D\x09\xfe\xf8n\xea)\xe1z\xdf\xca\xe5\x8d\xf2\x98\
\x02\x01\x12\xfd\x1c\xd2 \x96\x1cM\x11\xc0\x01\xc6\xf1E\
\xe5S\xdfm\xe1\x0a\xeb\xcd\xf9\x19\x0a\xeb\x17\xda\x1f\xf2\
\x1f)\x18j\x0a\x14\xfa)\xeb^\xe1\x1b\xdf\xf3\xe4\x7f\
\xf1\x9e\x01X\x11\xc8\x1c\x18!=\x1d'\x12\x95\x02e\
\xf2\x8f\xe5=\xdf\x01\xe1f\xea\x1a\xf9z\x09\x81\x17\xbc\
\x1f! \x9a\x18\x08\x0b\xbf\xfa\xbe\xeb\xbd\xe1-\xdf\xae\
\xe4\xe9\xf0\xd5\x00\x8d\x100\x1c\xe1 {\x1d\xce\x12\x80\
\x03U\xf3A\xe6\x83\xdf\xc2\xe0\xb2\xe9 \xf8|\x08\xc5\
\x16s\x1f_ O\x19\x02\x0c\xbd\xfb|\xec\x0a\xe2\xf9\
\xde\x07\xe4\xfe\xef\xe4\xff\xd2\x0f\xdb\x1b\x01!\x06\x1e\xa0\
\x13_\x04\x0c\xf4\xa7\xe6\x81\xdf^\xe0\x07\xe9Y\xf7\xc9\
\x07M\x16O\x1f\x96 \xd1\x19\xae\x0co\xfc\x0f\xedZ\
\xe2\xf5\xde\xb1\xe3j\xef1\xff#\x0f\x5c\x1b\xd3 1\
\x1e\x1d\x14\x16\x05\xd6\xf4Q\xe7\xdf\xdfX\xe0\x98\xe8\x99\
\xf6\xe4\x06w\x15\xc0\x1ey 0\x1at\x0dm\xfd\x06\
\xee\x0a\xe3.\xdf]\xe3\x9a\xee\x1c\xfe\x0e\x0e\x8d\x1a\x84\
 y\x1e\xf0\x14=\x06\x01\xf66\xe8B\xe0\x1b\xe0\xc9\
\xe7l\xf5\xa8\x05\x81\x14O\x1e\xa6 \xf5\x1a\x9c\x0e\xaa\
\xfe\x07\xef\x8c\xe3\x11\xdf\xae\xe2\x84\xed\xe7\xfc\x0c\x0d\xfe\
\x19\x8a \x0e\x1f\xea\x15^\x07\xfe\xf6\xd0\xe8Y\xe0\xac\
\xdf\xf5\xe6k\xf4\xba\x04\xdf\x13\x1d\x1e\xec \x9d\x1b|\
\x0f\x88\xff\xb0\xef\xdd\xe3\xf9\xde7\xe2\xcd\xec\x1b\xfc\x5c\
\x0c\x90\x19q Q\x1fx\x16\x13\x08\xb3\xf7^\xe9\x9e\
\xe0\x99\xdf\x90\xe6\xc9\xf3\xfe\x035\x13\xad\x1d\xd0 \xdd\
\x1b\x0c\x10I\x00t\xf0v\xe4@\xdf\x16\xe2L\xecX\
\xfb\x81\x0b\xd4\x18\x08 V\x1f\xec\x16\xdf\x08\xa4\xf87\
\xea*\xe1\xaf\xdf&\xe6\xfd\xf2\xfd\x02A\x12\x07\x1d\xa2\
 6\x1c\xd6\x10Q\x01y\xf11\xe5\x82\xdf\xcf\xe1\x8b\
\xebN\xfas\x0a\x09\x18\xb1\x1f\x8b\x1f\x9e\x17\xde\x09\xb1\
\xf9\x0d\xeb\x8f\xe1\x90\xdf\x8b\xe5\x0a\xf2\xf7\x01i\x11\x8e\
\x1c\xa9 \xba\x1c\xb1\x11L\x02V\xf2\xba\xe5\x96\xdfm\
\xe1\xce\xeae\xf9\x98\x09r\x17\x81\x1f\xc8\x1f:\x18\xb2\
\x0a\x87\xfa\xb2\xeb\xdc\xe1v\xdf\x10\xe5M\xf1%\x01\xb3\
\x10\x22\x1c\x9d \x10\x1dV\x12\x17\x03\x18\xf3B\xe6\xc3\
\xdf6\xe1;\xea\x9c\xf8\xc9\x08\xcb\x160\x1f\xe3\x1f\xb8\
\x18y\x0bh\xfbs\xecN\xe2y\xdf\xa4\xe4\x87\xf07\
\x00\xda\x0f\x95\x1b\x81 n\x1d\x1b\x13\x13\x04\x08\xf4\xea\
\xe6\xf9\xdf\xe7\xe0{\xe9\x98\xf7\xc4\x07\x09\x16\xe3\x1e\x1f\
 o\x19~\x0cx\xfcJ\xed\xb3\xe2R\xdf\xfb\xe3\x8a\
\xef#\xff\xf4\x0e\x19\x1b\x8f \x01\x1e\x0c\x14#\x05\xf7\
\xf4~\xe7\x08\xe0r\xe0\xa3\xe8\x91\xf6\xd1\x06f\x15\xb1\
\x1el (\x1ap\x0dh\xfd\xfd\xed\x04\xe3/\xdfk\
\xe3\xb2\xee;\xfe1\x0e\xa6\x1a\x86 b\x1e\xbd\x14\xfd\
\x05\xc5\xf5\x0e\xe8>\xe0@\xe0\x16\xe8\xcc\xf5\xfd\x05\xb6\
\x14S\x1ep \x90\x1a#\x0e?\xfe\xc8\xee\x8d\xe3U\
\xdf'\xe3\x12\xeea\xfdR\x0d\xfb\x198 \x86\x1eO\
\x15\xd8\x06\xb3\xf6\xd6\xe8\xac\xe05\xe0\x92\xe7\xef\xf4\xfe\
\x04\xd7\x13\xcb\x1df \x08\x1b\x00\x0fJ\xff\xbb\xef(\
\xe4r\xdf\xba\xe25\xedP\xfcQ\x0cM\x19\x0e \xe9\
\x1e&\x16\xec\x07\xbd\xf7\x90\xe9\xe5\xe0\xe1\xdf\xc3\xe6\xde\
\xf3\xf2\x03\x11\x13\x7f\x1d\xa6 \xc2\x1b\x04\x10O\x00\x83\
\xf0\x83\xe4F\xdf\x17\xe2I\xecU\xfb\x86\x0b\xe4\x18\x1e\
 i\x1f\xf4\x16\xd6\x08\x87\xf8\x09\xea\xf5\xe0\x89\xdf\x1c\
\xe6\x0f\xf30\x03\x8a\x12O\x1d\xd5 C\x1c\xb4\x10\x09\
\x01\x1b\xf1\xd5\xe4E\xdf\xc3\xe1\xb6\xeb\xa7\xfa\xe0\x0al\
\x18\xf0\x1f\x8e\x1fg\x17z\x097\xf9\xa4\xeaS\xe1\x8e\
\xdf\xca\xe5v\xf2q\x02\xd1\x11\xc6\x1c\xa4 x\x1cD\
\x11\xd4\x01\xf2\xf1\x85\xe5\x9e\xdf\xab\xe11\xeb\xd2\xf9\xf0\
\x09\x9c\x17u\x1f\x8f\x1f\xe1\x17R\x0a=\xfa\x8e\xeb\xe6\
\xe1\xa5\xdfX\xe5\x9a\xf1`\x01\xd1\x10\x1f\x1c} \xdd\
\x1c \x12\xeb\x02\xfc\xf2<\xe6\xd2\xdfR\xe1^\xea\xba\
\xf8\xe2\x08\xdd\x163\x1f\xda\x1f\xa8\x18_\x0bH\xfbS\
\xec5\xe2k\xdf\xa6\xe4\xa0\xf0`\x00\x0a\x10\xc3\x1b\xa0\
 r\x1d\xfe\x12\xdb\x03\xc2\xf3\xa8\xe6\xcd\xdf\xe0\xe0\xa1\
\xe9\xe4\xf7\x22\x08b\x16\x1b\x1f# ?\x19\x1e\x0c\x00\
\xfc\xdd\xecr\xe2Q\xdf;\xe4\xfe\xef\xb1\xffr\x0fa\
\x1b\x8d \xb2\x1d\x81\x13\x83\x04k\xf4-\xe7\x0f\xe0\xd1\
\xe0>\xe9E\xf7k\x07\xb9\x15\xaa\x1e\x09 \x81\x19\xb3\
\x0c\xc8\xfc\xa6\xed\x0c\xe3\x94\xdf\x15\xe4t\xef\xe0\xfe\x8d\
\x0e\xa3\x1a& \xbe\x1d\x02\x14Z\x05d\xf5\x09\xe8\x92\
\xe0\xd5\xe0\xc4\xe8h\xf6_\x06\xc8\x14\x12\x1e\xf1\x1f\xf6\
\x19\x95\x0d\xdb\xfd\xa7\xee\xb5\xe3\xb7\xdf\xa8\xe3\x91\xee\xc4\
\xfd\x82\x0d\xed\x19\xf8\x1f#\x1e\xdf\x14w\x06u\xf6\xc5\
\xe8\xca\xe0|\xe0\xf0\xe7O\xf5P\x05\x04\x14\xcc\x1d>\
 \xb9\x1a\x9d\x0e\xe8\xfep\xef\x06\xe4\x80\xdf\xf9\xe2\x9c\
\xed\xc2\xfc\xb7\x0c\x8e\x19\x15 \xb5\x1e\xbf\x15i\x07A\
\xf7:\xe9\xcb\xe0\x0e\xe00\xe7n\xf4\x85\x04~\x13\xa8\
\x1d\x83 V\x1bi\x0f\xb1\xff\x0a\xf0O\xe4h\xdf\x85\
\xe2\xe8\xec\xfd\xfb\x0a\x0c\x1e\x19\x00 \xfd\x1eT\x16*\
\x08\xff\xf7\xca\xe9\x0f\xe1\xf0\xdf\xb7\xe6\xb7\xf3\xb5\x03\xcb\
\x12<\x1dt \xb1\x1b\x18\x10\x8a\x00\xda\xf0\xe4\xe4\x9b\
\xdfH\xe2F\xec\x1c\xfb \x0bi\x18\xab\x1f\x1e\x1f\xea\
\x16\x11\x09\xfa\xf8\x9d\xea\x84\xe1\xe8\xdf0\xe6\xd2\xf2\xae\
\x02\xe0\x11\xab\x1ce &\x1c\xf5\x10\x96\x01\xd4\xf1\x89\
\xe5\xc0\xdf\xe4\xe1r\xeb\x0e\xfa\x1b\x0a\xaf\x17o\x1fm\
\x1f\xac\x17\x19\x0a\x06\xfaf\xeb\xd7\xe1\xb4\xdf\x82\xe5\xd5\
\xf1\xa2\x01\x09\x11@\x1c} \xba\x1c\xe1\x11\x9e\x02\xb7\
\xf2\x10\xe6\xc8\xdfq\xe1\xa0\xea\x0f\xf90\x09\x10\x17A\
\x1f\xbb\x1fb\x18\x06\x0b\xf4\xfa\x1d\xec(\xe2\x8d\xdf\xf2\
\xe4\xfc\xf0\xb6\x00C\x10\xcc\x1by &\x1d\xa0\x12\x84\
\x03\x8b\xf3\xa0\xe6\xf3\xdf,\xe1\xfc\xe94\xf8U\x08g\
\x16\xf2\x1e\xdd\x1f\xe9\x18\xd2\x0b\xd5\xfb\xda\xec\x95\xe2\x90\
\xdf\x86\xe4A\xf0\xd7\xffv\x0fE\x1bY s\x1dI\
\x13_\x04a\xf4=\xe71\xe0\xfa\xe0g\xe9a\xf7v\
\x07\xb5\x15\x98\x1e\xef\x1fd\x19\x98\x0c\xb4\xfc\x99\xed\x09\
\xe3\x9c\xdf%\xe4\x8c\xef\xfc\xfe\xa8\x0e\xb8\x1a/ \xb6\
\x1d\xea\x135\x059\xf5\xe2\xe7|\xe0\xd7\xe0\xdf\xe8\x97\
\xf6\x98\x06\xfa\x140\x1e\xf0\x1f\xd0\x19W\x0d\x96\xfdi\
\xee\x91\xe3\xbc\xdf\xd4\xe3\xdb\xee\x16\xfe\xc6\x0d\x12\x1a\xed\
\x1f\xec\x1d\x8c\x14\x1b\x06,\xf6\xa5\xe8\xdc\xe0\xbc\xe0M\
\xe8\xb0\xf5\x97\x05\x1e\x14\xb2\x1d\xf3\x1fU\x1a=\x0e\xa4\
\xfe\x5c\xef)\xe4\xd1\xdf`\xe3\xf7\xed\x00\xfd\xc3\x0ca\
\x19\xc2\x1fQ\x1ef\x155\x07=\xf7h\xe9\x1e\xe1j\
\xe0~\xe7\x9a\xf4\x80\x04M\x13]\x1d/ \x11\x1bF\
\x0f\xb7\xff3\xf0\x8d\xe4\xa9\xdf\xba\xe2\x01\xed\xf5\xfb\xe8\
\x0b\xf1\x18\xd1\x1f\xd9\x1eE\x16/\x08\x14\xf8\xe7\xe9&\
\xe1\x02\xe0\xc1\xe6\xb6\xf3\xb1\x03\xc4\x127\x1ds \xab\
\x1b\x0d\x10{\x00\xc7\xf0\xd1\xe4\x8c\xdfF\xe2X\xec<\
\xfbH\x0b\x8e\x18\xc2\x1f\x1f\x1f\xce\x16\xdc\x08\xbf\xf8h\
\xeac\xe1\xea\xdfW\xe6\x14\xf3\xfb\x02\x22\x12\xce\x1c]\
 \xf2\x1b\xa3\x10=\x01\x88\xf1d\xe5\xce\xdf \xe2\xce\
\xebo\xfah\x0a\xd1\x17X\x1f$\x1fI\x17\xaf\x09\xb6\
\xf9J\xeb\xf3\xe1\x00\xe0\xed\xe5A\xf2\xf1\x01$\x11\x1f\
\x1c, L\x1ct\x11P\x02\x99\xf2-\xe6\x19\xe0\xdb\
\xe1\x08\xeb\x5c\xf9Q\x09\xfa\x16\xf9\x1eX\x1f\xfe\x17\xb8\
\x0a\xcf\xfa&\xec]\xe2\xe1\xdfK\xe5E\xf1\xdf\x00F\
\x10\xa8\x1b8 \xd8\x1cX\x12R\x03x\xf3\xae\xe6\x1f\
\xe0k\xe1?\xeam\xf8x\x08n\x16\xdb\x1e\xac\x1f\xab\
\x18\x92\x0b\xa2\xfb\xc0\xec\x98\xe2\xb1\xdf\xbf\xe4\x83\xf0\x14\
\x00\xa0\x0fQ\x1bB @\x1d\x05\x13\x18\x04*\xf4%\
\xe7>\xe0'\xe1\xab\xe9\xae\xf7\xb5\x07\xd6\x15\x95\x1e\xc8\
\x1f#\x19L\x0cr\xfct\xed\x06\xe3\xbd\xdf`\xe4\xd3\
\xef?\xff\xd2\x0e\xc1\x1a\x17 \x86\x1d\xae\x13\xf8\x04\x0f\
\xf5\xd6\xe7\x8b\xe0\xff\xe0\x13\xe9\xcb\xf6\xc3\x06\x10\x15-\
\x1e\xd8\x1f\xac\x19-\x0dm\xfdM\xee\x87\xe3\xc3\xdf\xec\
\xe3\xfe\xee?\xfe\xed\x0d,\x1a\xf9\x1f\xe4\x1do\x14\xf0\
\x05\xfc\xf5{\xe8\xc0\xe0\xb9\xe0g\xe8\xe0\xf5\xd5\x05Z\
\x14\xdc\x1d\x00 <\x1a\x02\x0eV\xfe\x0e\xef\xf1\xe3\xbe\
\xdf|\xe3>\xee^\xfd#\x0d\xa7\x19\xd8\x1f0\x1e\x13\
\x15\xc7\x06\xd0\xf6\x19\xe9\x09\xe1\x98\xe0\xe1\xe7\x1a\xf5\xfd\
\x04\xa5\x13r\x1d\xfd\x1f\xa4\x1a\xb9\x0e3\xff\xdb\xef|\
\xe4\xe5\xdf0\xe3\x97\xed\x81\xfc?\x0c\xfd\x18\x90\x1f]\
\x1e\xab\x15\xa5\x07\xc0\xf7\xdb\xe9i\xe1\x7f\xe0R\xe77\
\xf4\xfd\x03\xc9\x12\xf5\x1c\xfc\x1f%\x1b\x9a\x0f8\x00\xc8\
\xf0\x11\xe5\xf9\xdf\xbf\xe2\xbb\xecv\xfbG\x0bW\x18j\
\x1f\xbd\x1e~\x16\xb0\x08\xbf\xf8\x92\xea\xa6\xe13\xe0\x93\
\xe67\xf3\xff\x02\x0c\x12\xa8\x1c3 \xce\x1b\x8e\x104\
\x01\x8b\xf1p\xe5\xdd\xdf1\xe2\xe0\xeb\x85\xfa\x80\x0a\xe7\
\x17i\x1f*\x1f<\x17\x90\x09\x86\xf9\x12\xeb\xc4\xe1\xe8\
\xdf\xf5\xe5k\xf28\x02y\x11i\x1cT H\x1c?\
\x11\xf4\x01-\xf2\xce\xe5\xe2\xdf\xde\xe1G\xeb\xca\xf9\xd0\
\x09i\x17;\x1fV\x1f\xb7\x17@\x0aB\xfa\xac\xeb\x19\
\xe2\xe2\xdf\x96\xe5\xc9\xf1t\x01\xc6\x10\xf3\x1b7 \x8b\
\x1c\xd6\x11\xbd\x02\xf7\xf2e\xe6$\xe0\xb6\xe1\xbf\xea\x01\
\xf9\xf6\x08\xb6\x16\xd9\x1ec\x1f2\x18\x07\x0b)\xfb{\
\xec\x97\xe2\xf4\xdf1\xe5\x05\xf1\x86\x00\xe3\x0fW\x1b\x0b\
 \xda\x1c\x8e\x12\xb0\x03\xe9\xf3\x19\xe7j\xe0\x7f\xe1\x15\
\xea\x0d\xf8\xf6\x07\xea\x15v\x1e\x81\x1f\xca\x18\xf6\x0b3\
\xfc\x5c\xed\x19\xe3\xf2\xdf\xac\xe4!\xf0z\xff\xee\x0e\xb9\
\x1a\xef\x1fF\x1de\x13\xbe\x04\xed\xf4\xd0\xe7\xa7\xe02\
\xe1P\xe9\x03\xf7\xe9\x06\x1e\x15\x1e\x1e\xb0\x1fw\x19\xf6\
\x0cB\xfd8\xee\x8a\xe3\xdd\xdf\x17\xe40\xefk\xfe\x09\
\x0e4\x1a\xe9\x1f\xc2\x1dC\x14\xc4\x05\xd7\xf5g\xe8\xc4\
\xe0\xce\xe0\x88\xe8\x0b\xf6\xfe\x05y\x14\xea\x1d\xfa\x1f%\
\x1a\xde\x0d*\xfe\xe4\xee\xd3\xe3\xb3\xdf\x86\xe3^\xee\x8c\
\xfdV\x0d\xd7\x19\xf4\x1f2\x1e\xfc\x14\x97\x06\x90\xf6\xd9\
\xe8\xd9\xe0\x83\xe0\xef\xe7K\xf5C\x05\xf0\x13\xb3\x1d\x1e\
 \x9b\x1a\x8a\x0e\xe5\xfe\x83\xef2\xe4\xba\xdf4\xe3\xc9\
\xed\xd5\xfc\xa3\x0cS\x19\xc1\x1f]\x1ey\x15J\x07U\
\xf7\x80\xe95\xe1\x81\xe0\x8b\xe7\x99\xf4o\x04+\x13-\
\x1d\xfb\x1f\xe7\x1a5\x0f\xc7\xffd\xf0\xd9\xe4\xfd\xdf\xfd\
\xe2$\xed\xe8\xfb\xa8\x0b\x8c\x18a\x1f}\x1e\x16\x16=\
\x08a\xf8`\xea\xaf\xe1s\xe0\xf7\xe6\xa5\xf3W\x037\
\x12\x9e\x1c\xf5\x1fo\x1b%\x10\xe0\x00d\xf1y\xe5\x12\
\xe0\x89\xe2>\xec\xce\xfa\xa7\x0a\xe0\x178\x1f\xe0\x1e\xe9\
\x16K\x09b\xf9\x14\xeb\xeb\xe1(\xe0?\xe6\xad\xf2_\
\x02\x80\x11Q\x1c$ \x0a\x1c\x01\x11\xc8\x01\x1d\xf2\xd7\
\xe5\x03\xe0\x11\xe2\x80\xeb\xfb\xf9\xed\x09o\x17(\x1f.\
\x1f\x82\x17\x0a\x0a\x18\xfa\x96\xeb\x1d\xe2\x02\xe0\xc8\xe5\x04\
\xf2\xac\x01\xec\x10\xfd\x1b\x22 ]\x1c\x97\x11z\x02\xc4\
\xf2O\xe6+\xe0\xdf\xe1\x00\xebG\xf92\x09\xd9\x16\xd9\
\x1e@\x1f\xf1\x17\xbb\x0a\xe5\xfaK\xec\x8c\xe2\x0f\xe0i\
\xe5Q\xf1\xd0\x00\x18\x10m\x1b\xfb\x1f\xa8\x1cH\x12c\
\x03\xac\xf3\xfc\xe6o\xe0\xa5\xe1W\xea[\xf89\x08\x15\
\x16\x81\x1eg\x1f\x90\x18\xac\x0b\xe9\xfb#\xed\xff\xe2\xfe\
\xdf\xdd\xe4j\xf0\xca\xff7\x0f\xe6\x1a\xf3\x1f!\x1d\x1e\
\x13e\x04\x96\xf4\x93\xe7\x90\xe0I\xe1\x95\xe9c\xf7L\
\x07m\x15C\x1e\xa2\x1f5\x19\x8e\x0c\xd2\xfc\xda\xedV\
\xe3\xe3\xdfX\xe4\x9d\xef\xe6\xfet\x0er\x1a\xe9\x1f\x83\
\x1d\xd4\x13@\x05e\xf5\x22\xe8\xbf\xe0\x0c\xe1\xfa\xe8\x92\
\xf6v\x06\xc2\x14\xf0\x1d\xbd\x1f\xb5\x19U\x0d\xb2\xfd\x9c\
\xee\xcb\xe3\xee\xdf\xf4\xe3\xe1\xee\x02\xfe\x9b\x0d\xdb\x19\xbc\
\x1f\xca\x1d}\x14'\x06M\xf6\xd3\xe8\x0c\xe1\xe3\xe0b\
\xe8\xaf\xf5\x82\x05\xf9\x13\x83\x1d\xc7\x1f5\x1a,\x0e\xa9\
\xfeu\xefQ\xe4\x01\xe0\x8c\xe3\x18\xee\x0c\xfd\xb6\x0c=\
\x19\x8b\x1f\x14\x1e1\x15\x14\x07:\xf7\x86\xe9[\xe1\xba\
\xe0\xcb\xe7\xd2\xf4\x94\x044\x13\x19\x1d\xd0\x1f\xae\x1a\xf9\
\x0e\x97\xffJ\xf0\xdc\xe4\x1d\xe04\xe3e\xed&\xfc\xd5\
\x0b\x9b\x18L\x1fJ\x1e\xcf\x15\xf1\x07$\xf8B\xea\xba\
\xe1\xa4\xe0F\xe7\xfc\xf3\xa3\x03d\x12\x9b\x1c\xc5\x1f\x1e\
\x1b\xc3\x0f\x89\x00.\xf1r\xe5A\xe0\xdc\xe2\xa3\xec.\
\xfb\xe2\x0a\xeb\x17\x10\x1f\x8c\x1e\x82\x16\xeb\x08!\xf9\x03\
\xeb\x0c\xe2t\xe0\x9f\xe6\x07\xf3\x9f\x02\x94\x116\x1c\xe2\
\x1f\xb2\x1b\xad\x10\x8b\x01\x03\xf2\xe6\xe56\xe0Y\xe2\xca\
\xeb4\xfa\x0b\x0al\x17\x06\x1f\xf9\x1eG\x17\xd5\x09\xf3\
\xf9\x8b\xeb,\xe2$\xe0\xf6\xe56\xf2\xd6\x01\x04\x11\x00\
\x1c\x11 6\x1cc\x11F\x02\x98\xf24\xe6,\xe0\xfe\
\xe17\xeb\x8a\xf9q\x09\x06\x17\xe6\x1e$\x1f\xb4\x17j\
\x0a\x90\xfa\x0b\xect\xe2%\xe0\xaf\xe5\xb4\xf15\x01i\
\x10\x8e\x1b\xe2\x1fZ\x1c\xd1\x11\xe9\x02L\xf3\xce\xe6\x86\
\xe0\xfc\xe1\xd7\xea\xe3\xf8\xa5\x08H\x16i\x1e\x0a\x1f\x06\
\x18\x17\x0br\xfb\xe9\xec\x10\xe3X\xe0i\xe5\x02\xf1D\
\x00u\x0f\xda\x1a\x9e\x1f\x98\x1c\x87\x12\xe8\x03R\xf4\x94\
\xe7\xd9\xe0\xc7\xe1\x22\xea\xde\xf7\x99\x07w\x15\x0a\x1e8\
\x1f\xb6\x18\x19\x0c\x80\xfc\xc0\xedy\xe36\xe0\xc7\xe4\x0c\
\xf0<\xff\x9e\x0eh\x1a\xaf\x1f&\x1di\x13\xe5\x04'\
\xf5\x0f\xe8\xde\xe0W\xe1^\xe9\xf7\xf6\xc7\x06\xee\x14\xea\
\x1d\x83\x1fS\x19\xe5\x0cK\xfdW\xee\xb9\xe3\x18\xe0R\
\xe4[\xef{\xfe\xf7\x0d\xfe\x19\x9e\x1fp\x1d\xfa\x13\x9c\
\x05\xe3\xf5\xa1\xe8 \xe1<\xe1\xea\xe8A\xf6\xf7\x055\
\x14t\x1do\x1f\xae\x19\x9a\x0d1\xfe9\xef`\xe4V\
\xe0\x10\xe4\xa8\xee\x7f\xfd\xee\x0c0\x19;\x1f\x98\x1d\xaf\
\x14\xac\x06\x07\xf7\x97\xe9\xa3\xe1%\xe1=\xe8(\xf5\xba\
\x04%\x13\xdb\x1cv\x1fS\x1a\xb5\x0ez\xffW\xf0\x09\
\xe5^\xe0v\xe3\x93\xed:\xfc\xcd\x0b~\x18&\x1f\x22\
\x1e\xb2\x15\xe5\x07 \xf8I\xea\xc5\xe1\xaf\xe0R\xe7\x08\
\xf4\xb1\x03v\x12\xab\x1c\xd0\x1f\x1c\x1b\xb3\x0fk\x00\x04\
\xf1K\xe5'\xe0\xd9\xe2\xc1\xece\xfb%\x0b)\x185\
\x1f\x8b\x1eV\x16\x9d\x08\xc5\xf8\xb4\xea\xe4\xe1\x80\xe0\xde\
\xe6n\xf3\x10\x03\xee\x11\x5c\x1c\xc7\x1f\x5c\x1b0\x10\x0a\
\x01\xa5\xf1\xc7\xe5c\xe0\xc6\xe2Z\xec\xc1\xfaj\x0a\x80\
\x17\xc8\x1ey\x1e\xa9\x16D\x09\x9b\xf9\x85\xeby\xe2\xb1\
\xe0\x99\xe6\xbf\xf2$\x02\xfd\x10\xa6\x1b\x80\x1f\x99\x1b\xe6\
\x10\x09\x02\xad\xf2\x95\xe6\xb9\xe0\x8e\xe2\xa1\xeb\xb4\xf9P\
\x09\xa5\x16e\x1e\xaa\x1e`\x17R\x0a\xb8\xfaf\xec\xe1\
\xe2\x86\xe0\xec\xe5\xb9\xf1\x0b\x01 \x109\x1b\x9e\x1f8\
\x1c\xd9\x11\x10\x03\x85\xf3\x08\xe7\xad\xe0\x0b\xe2\xcc\xea\xc4\
\xf8\x85\x08,\x16Y\x1e\x0a\x1f\x0d\x18#\x0b{\xfb\xe8\
\xec\x0b\xe3T\xe0k\xe5\x0d\xf1W\x00\x8d\x0f\xeb\x1a\x9d\
\x1f\x85\x1cb\x12\xb7\x03(\xf4\x81\xe7\xe3\xe0\xf1\xe1f\
\xea(\xf8\xcf\x07\x88\x15\xee\x1d\xf3\x1eW\x18\xbc\x0bD\
\xfc\xb6\xed\xaa\xe3\x99\xe0;\xe5t\xf0{\xff\x99\x0e \
\x1a8\x1f\x9e\x1c\xf9\x12\xab\x049\xf5i\xe8e\xe1\xe6\
\xe1\xcc\xe9&\xf7\xa7\x06\x87\x14[\x1d\xf2\x1e\xed\x18\xc3\
\x0cv\xfd\xc3\xeeG\xe4\x9e\xe0\xab\xe4p\xefJ\xfe\x8d\
\x0d\x7f\x19+\x1f$\x1d\xf0\x13\xcf\x05:\xf6\x0b\xe9}\
\xe1q\xe1\xee\xe8\x18\xf6\xb4\x05\xe9\x135\x1dL\x1f\xaa\
\x19\xb2\x0dW\xfea\xef\x82\xe4i\xe0\x18\xe4\xa9\xee}\
\xfd\xeb\x0c*\x195\x1f\x89\x1d\x91\x14\x8b\x06\xe8\xf6\x81\
\xe9\xa4\xe1?\xe1n\xe8i\xf5\xf8\x04M\x13\xdf\x1cR\
\x1f\x0d\x1a_\x0e'\xff \xf0\x02\xe5\x87\xe0\xc5\xe3\xf7\
\xed\x97\xfc\x0b\x0c\x8c\x18\x02\x1f\xd5\x1dM\x15\x82\x07\xda\
\xf7*\xea\xd7\xe1\xee\xe0\xae\xe7r\xf4\x0f\x04\xb1\x12\xb8\
\x1c\xa1\x1f\xb6\x1a.\x0f\xe9\xff\xaa\xf00\xe5V\xe0K\
\xe3T\xed\xf3\xfb\x89\x0bD\x18\x02\x1f\x16\x1e\xbf\x15\x0c\
\x08b\xf8\x97\xea\x14\xe2\xee\xe0k\xe7\xf5\xf3p\x03\x0d\
\x128\x1ck\x1f\xe1\x1a\xba\x0f\xb1\x00\x7f\xf1\xdc\xe5\xa4\
\xe0%\xe3\xbe\xec\x10\xfb\x94\x0a}\x17\x9f\x1e3\x1eV\
\x16\xfb\x08i\xf9q\xeb\x89\xe2\xde\xe0\xd9\xe6\x04\xf3]\
\x02 \x11\xac\x1bf\x1ff\x1b\xa6\x10\xca\x01\x7f\xf2\x82\
\xe6\xc7\xe0\xbc\xe2\xe2\xeb\xf7\xf9\x8a\x09\xbf\x16[\x1e~\
\x1e\x1a\x17\x07\x0a}\xfaG\xec\xed\xe2\xba\xe08\xe6\x0e\
\xf2K\x018\x10%\x1b[\x1f\xdb\x1b|\x11\xcb\x02m\
\xf3&\xe7\xfc\xe0u\xe22\xeb\x0b\xf9\x99\x08\x06\x16\x02\
\x1e\x9a\x1e\xa5\x17\xdc\x0ai\xfb\x13\xede\xe3\xc4\xe0\xd1\
\xe5R\xf1k\x00g\x0f\x99\x1a8\x1f&\x1c!\x12\xa2\
\x03@\xf4\xbf\xe77\xe1C\xe2\xa0\xeaC\xf8\xc7\x07_\
\x15\xb5\x1d\xb3\x1e\x1e\x18\x99\x0b7\xfc\xc2\xed\xca\xe3\xc3\
\xe0k\xe5\x9e\xf0\x9b\xff\xab\x0e\x1d\x1a%\x1f|\x1c\xca\
\x12x\x04\x08\xf5I\xe8a\xe1\x04\xe2\x0b\xeav\xf7\xf7\
\x06\xc1\x14k\x1d\xd3\x1e\xa1\x18\x5c\x0c\x10\xfd|\xee4\
\xe4\xc5\xe0\x05\xe5\xe4\xef\xb8\xfe\xda\x0d\x91\x19\xfb\x1e\xc5\
\x1cv\x13^\x05\xf2\xf5\xfb\xe8\xad\xe1\xd3\xe1f\xe9\x89\
\xf6\xfb\x05\xf6\x13\x06\x1d\xef\x1e7\x19E\x0d\x11\xfeP\
\xef\xa9\xe4\xc1\xe0\x86\xe4\x0f\xef\xc3\xfd\x03\x0d\x0d\x19\xe7\
\x1e%\x1d2\x14D\x06\xce\xf6\x95\xe9\xe3\xe1\x99\xe1\xc9\
\xe8\xb0\xf5\x1b\x05C\x13\xae\x1c\x05\x1f\xb7\x19\x15\x0e\xfa\
\xfe\x1b\xf0$\xe5\xca\xe0\x19\xe4I\xee\xd3\xfc \x0cv\
\x18\xc3\x1ez\x1d\xee\x147\x07\xb9\xf7C\xea%\xe2^\
\xe1$\xe8\xca\xf4,\x04\x88\x12P\x1c\x1b\x1f<\x1a\xe4\
\x0e\xe4\xff\xe8\xf0\xa3\xe5\xdf\xe0\xc1\xe3\x96\xed\xf0\xfbD\
\x0b\xd1\x17~\x1e\xa6\x1d\x80\x15\x10\x08\xa6\xf8\x07\xeb\x91\
\xe2Z\xe1\xac\xe7\xf8\xf36\x03\xaa\x11\xc5\x1b\x04\x1f\x9e\
\x1a\xa8\x0f\xd7\x00\xce\xf1>\xe6\x08\xe1p\xe3\xe3\xec\x0a\
\xfbd\x0a.\x17A\x1e\xdb\x1d\x15\x16\xde\x08x\xf9\xae\
\xeb\xe6\xe2F\xe17\xe7@\xf3i\x02\xfc\x10\x5c\x1b\xfa\
\x1e\xf7\x1aK\x10\x9c\x01\x85\xf2\xbb\xe6+\xe12\xe3S\
\xecK\xfa\xa4\x09\xa2\x16\x0a\x1e\x08\x1e\xa0\x16\xa0\x09@\
\xfaI\xec(\xe3!\xe1\xb3\xe6~\xf2\x9b\x01T\x10\x08\
\x1b\x10\x1fr\x1b\x0d\x11s\x02>\xf3$\xe7&\xe1\xc3\
\xe2\x92\xebg\xf9\xda\x08#\x16\xf8\x1di\x1e[\x17\x88\
\x0a\x1e\xfb\xe1\xecV\xe3\xda\xe0\x06\xe6\x99\xf1\xb1\x00\xa0\
\x0f\xb7\x1a2\x1f\x02\x1c\xeb\x11f\x03\x0d\xf4\xa0\xe72\
\xe1V\xe2\xc5\xeam\xf8\xea\x07v\x15\xb8\x1d\xa8\x1e\x0a\
\x18\x7f\x0b%\xfc\xb9\xed\xc8\xe3\xcb\xe0w\xe5\xac\xf0\xa2\
\xff\xaa\x0e\x18\x1a\x16\x1fm\x1c\xbf\x12v\x04\x16\xf5^\
\xe8{\xe1\x1a\xe2\x11\xeao\xf7\xe1\x06\xa1\x14J\x1d\xb7\
\x1e\x93\x18a\x0c%\xfd\x9c\xeeZ\xe4\xe9\xe0\x1a\xe5\xec\
\xef\xae\xfe\xbb\x0df\x19\xcd\x1e\x9e\x1ca\x13_\x05\x0d\
\xf6,\xe9\xe9\xe1\x0c\xe2\x8a\xe9\x8f\xf6\xdf\x05\xbd\x13\xbf\
\x1c\xaa\x1e\x07\x19:\x0d,\xfe\x8b\xef\xf6\xe4\x09\xe1\xb8\
\xe4\x22\xef\xb2\xfd\xcd\x0c\xc1\x18\x99\x1e\xe5\x1c\x0e\x14I\
\x06\xf8\xf6\xdd\xe9:\xe2\xe9\xe1\x02\xe9\xc0\xf5\xff\x04\x04\
\x13T\x1c\xa7\x1el\x19\xea\x0d\x00\xffO\xf0|\xe53\
\xe1|\xe4\x8e\xee\xe9\xfc\x03\x0c(\x18T\x1e\x05\x1d\x8d\
\x14\x01\x07\xba\xf7{\xea\x89\xe2\xda\xe1\x9a\xe8\x1d\xf5L\
\x04n\x12\x01\x1c\xa8\x1e\xbf\x19w\x0e\x9d\xff\xdb\xf0\xcf\
\xe59\xe17\xe4\x12\xeeW\xfc\x7f\x0b\xd5\x17G\x1e?\
\x1d\x01\x15\x8f\x07>\xf8\xd3\xea\x9c\xe2\xa2\xe1&\xe8\x89\
\xf4\xba\x03\x07\x12\xe2\x1b\xd8\x1e6\x1a\x16\x0f?\x00U\
\xf1\x02\xe6\x16\xe1\xc3\xe3g\xed\x9f\xfb\xe5\x0a}\x17K\
\x1e\xa3\x1d\xa8\x15W\x08\xfc\xf8T\xeb\xc7\xe2h\xe1\x8d\
\xe7\xb7\xf3\xdf\x02T\x11\x82\x1b\xe5\x1e\xae\x1a\xe5\x0f6\
\x019\xf2\x9d\xe6>\xe1n\xe3\xa6\xec\x9c\xfa\xdf\x09\xb5\
\x16\xf3\x1d\xce\x1dT\x16Z\x09\x12\xfa<\xec@\xe3[\
\xe1\xff\xe6\xc6\xf2\xcc\x01_\x10\xec\x1a\xd1\x1e\x1f\x1b\xbc\
\x106\x02,\xf3E\xe7s\xe1*\xe3\xf5\xeb\xaf\xf9\xf1\
\x08\xfe\x15\xa3\x1d\xf7\x1d\xe8\x163\x0a\xfc\xfa\xfd\xec\xa9\
\xe3O\xe1\x83\xe6\xff\xf1\xe9\x00\x98\x0fs\x1a\xc1\x1e}\
\x1bq\x11\x17\x03\xfb\xf3\xce\xe7\x98\xe1\xdf\xe2R\xeb\xda\
\xf8 \x08h\x15f\x1d#\x1es\x17\xf8\x0a\xca\xfb\xa1\
\xed\xfe\xe3?\xe1\x13\xe6I\xf1\x18\x00\xe3\x0e\x02\x1a\xb4\
\x1e\xd7\x1b\x1a\x12\xe6\x03\xba\xf4S\xe8\xbd\xe1\x99\xe2\xb4\
\xea\x0b\xf8U\x07\xd1\x14.\x1dV\x1e\x00\x18\xc1\x0b\x9c\
\xfcG\xeeM\xe4%\xe1\x97\xe5\x8b\xf0K\xff5\x0e\x9d\
\x19\xb3\x1e5\x1c\xc1\x12\xb0\x04v\xf5\xd2\xe8\xe6\xe1g\
\xe2.\xeaO\xf7\x90\x060\x14\xd4\x1c\x5c\x1ef\x18n\
\x0cj\xfd\x09\xef\xd5\xe4P\xe1U\xe5\xe9\xefp\xfeX\
\x0d\xf4\x18j\x1ec\x1cX\x13\x88\x05\x5c\xf6\x8b\xe9@\
\xe2G\xe2\xa1\xe9{\xf6\xa9\x05t\x13r\x1cl\x1e\xe1\
\x184\x0dI\xfe\xc4\xef?\xe5R\xe1\xf2\xe4<\xef\xa1\
\xfd\x95\x0co\x18A\x1e\xa1\x1c\xf5\x13c\x06?\xf7>\
\xea\x90\xe2\x1b\xe2\x00\xe9\x8c\xf5\xa8\x04\xa7\x12\x0f\x1c\x8e\
\x1e\x87\x191\x0e[\xff\xa4\xf0\xac\xe51\xe1J\xe4;\
\xee\x91\xfc\xbb\x0b\x04\x18_\x1e8\x1d\xd8\x14S\x07\x01\
\xf8\xa7\xea\x92\xe2\xbc\xe1X\xe8\xc2\xf4\xe9\x03\x1b\x12\xd5\
\x1b\xb1\x1e\xfe\x19\xe1\x0e\x1d\x00R\xf1\x1d\xe6E\xe1\xfc\
\xe3\x9a\xed\xbb\xfb\xea\x0au\x17)\x1e3\x1d\xaf\x14\xb8\
\x06\xe3\xf6c\xe9\xf3\xe1\xb8\xe2\x9f\xebP\xfa\xb2\x0a\x15\
\x18\x85\x1e\xf5\x1b\x02\x11\xd5\x00P\xf0\x90\xe4T\xe1\xcb\
\xe7\x06\xf6\x88\x07\xac\x16]\x1e\xe9\x1b\xfe\x0f\x86\xfe}\
\xed\xdb\xe2w\xe2\x9f\xec\xcd\xfd\xd4\x0f\x17\x1c\xed\x1dy\
\x140\x03\x9b\xf0\xed\xe33\xe2B\xec?\xfe\xfe\x10\xd9\
\x1c\xd7\x1c\xd1\x10\xae\xfdr\xeb\xf0\xe1_\xe5M\xf4A\
\x08\xa1\x18_\x1e\xfa\x16\xa6\x05\xe1\xf1,\xe4s\xe2w\
\xed}\x00V\x13\xd0\x1d_\x1b\x16\x0d%\xf9)\xe8q\
\xe1\xe6\xe7\xc0\xf8\xb9\x0c9\x1b\xf7\x1d\xbd\x13\xfd\x00\xcc\
\xedk\xe2\xc9\xe3P\xf1$\x05\xc0\x16\x8f\x1e.\x19\xf2\
\x08\xd6\xf4\x86\xe5\xa3\xe1\xd3\xea\x1c\xfd\x9a\x10\xe9\x1c\xbc\
\x1c'\x10\xa1\xfc\x8f\xea\xbb\xe1\xf8\xe5h\xf5d\x09O\
\x19H\x1e)\x16v\x04\xd6\xf0\xbe\xe3\xd6\xe2\x85\xee\xb9\
\x01,\x14\xe9\x1d\xb5\x1a\xf6\x0b\x0a\xf8\x89\xe7\x97\xe1\xc4\
\xe8\xf3\xf9\xb9\x0d\x90\x1b\x7f\x1d\xb2\x12\xd3\xff\x00\xed[\
\xe2\x81\xe4\x83\xf2V\x06g\x17Z\x1e-\x18\x8a\x07\xa5\
\xf3\x13\xe5\x1e\xe2\x12\xec\x9c\xfe\xb9\x110\x1d\x09\x1c\xc3\
\x0e\x1c\xfb\x8b\xe9\xa5\xe1\xda\xe6\xeb\xf6\xe7\x0a*\x1a\x1e\
\x1e\x0e\x15\xe2\x02x\xef&\xe3B\xe3\xc8\xefI\x03d\
\x15A\x1e\x02\x1a\x87\x0a|\xf6\x8a\xe6\x93\xe1\xba\xe9~\
\xfb0\x0fR\x1c8\x1dz\x11.\xfe\xa7\xeb\xe6\xe1$\
\xe5\xf4\xf3\xf1\x07}\x18u\x1eB\x17\x04\x06+\xf2F\
\xe4W\xe2.\xed#\x00\x07\x13\xaf\x1d\x84\x1bs\x0d\x92\
\xf9s\xe8y\xe1\xaf\xe7`\xf8V\x0c\xf7\x1a\xf0\x1d\xfb\
\x13_\x01)\xee\xa5\xe2\xc9\xe3\x19\xf1\xd3\x04w\x16e\
\x1e1\x19\x1a\x09\x11\xf5\xbd\xe5\xb9\xe1\xc8\xea\xfe\xfc}\
\x10\xe1\x1c\xc4\x1c3\x10\xa3\xfc\x81\xea\xa8\xe1\xeb\xe5m\
\xf5z\x09f\x19Z\x1e0\x16o\x04\xc3\xf0\xa5\xe3\xc5\
\xe2\x82\xee\xc5\x01B\x14\xfc\x1d\xbd\x1a\xf0\x0b\xfc\xf7}\
\xe7\x93\xe1\xc9\xe8\xfc\xf9\xc2\x0d\x93\x1bv\x1d\xa4\x12\xc6\
\xff\x01\xedl\xe2\x94\xe4\x8c\xf2J\x06N\x17D\x1e'\
\x18\x9d\x07\xc9\xf34\xe5'\xe2\xf8\xebj\xfe\x86\x11\x12\
\x1d\x11\x1c\xf1\x0e\x5c\xfb\xc2\xe9\xbe\xe1\xc6\xe6\xa9\xf6\x92\
\x0a\xeb\x19\x12\x1e=\x15<\x03\xd1\xef[\xe3<\xe3\x82\
\xef\xe4\x02\x06\x15\x15\x1e'\x1a\xeb\x0a\xf3\xf6\xdb\xe6\x96\
\xe1q\xe9\x09\xfb\xc7\x0e$\x1cW\x1d\xd9\x11\xa0\xfe\xf8\
\xeb\xf2\xe1\xea\xe4\x93\xf3\x96\x07T\x18\x8a\x1e\x86\x17W\
\x06i\xf2X\xe46\xe2\xf1\xec\xe2\xff\xd8\x12\xa8\x1d\xa5\
\x1b\xae\x0d\xd2\xf9\x9d\xe8\x7f\xe1\x8b\xe7\x1f\xf8\x14\x0c\xcf\
\x1a\xf4\x1d'\x14\xa4\x01l\xee\xc6\xe2\xba\xe3\xe2\xf0\x88\
\x046\x16I\x1eC\x19U\x09_\xf5\xfe\xe5\xd5\xe1\xad\
\xea\xb3\xfc\x1e\x10\x91\x1c\xae\x1ck\x10\x15\xfd\xfe\xea\xf2\
\xe1\xd9\xe5\x00\xf5\xe4\x08\xf3\x18A\x1e~\x16\xfe\x04T\
\xf1\xf9\xe3\xb3\xe2\x12\xee(\x01\xbc\x13\xc9\x1d\xfa\x1a\x83\
\x0c\xa3\xf8\xec\xe7\x94\xe1\x5c\xe8V\xf9,\x0dS\x1b\xa9\
\x1d.\x13g\x00p\xed|\xe2C\xe4\x01\xf2\xc6\x05\x07\
\x17S\x1e\x82\x18\x1c\x085\xf4b\xe5\x09\xe2\x9c\xeb\xf7\
\xfd.\x11\xf9\x1cA\x1cR\x0f\xc5\xfb\x06\xea\xbe\xe1\x86\
\xe6K\xf6>\x0a\xc3\x19'\x1e~\x15\x88\x03\x09\xf0j\
\xe3\x22\xe3Q\xef\xaf\x02\xe3\x14\x0e\x1e7\x1a\x0d\x0b\x1b\
\xf7\xfc\xe6\xa9\xe1o\xe9\xee\xfa\x9c\x0e\xf9\x1b;\x1d\xdc\
\x11\xc3\xfe-\xec&\xe2\x03\xe5\x83\xf3d\x07\x12\x18U\
\x1ex\x17{\x06\xae\xf2\xa0\xe4c\xe2\xe8\xec\xa7\xff\x84\
\x12a\x1d\x8f\x1b\xd4\x0d%\xfa\xfa\xe8\xb5\xe1\x83\xe7\xdc\
\xf7\xb1\x0b~\x1a\xdb\x1dQ\x14\x02\x02\xd0\xee\x01\xe3\xb4\
\xe3\x98\xf0\x1d\x04\xdc\x15)\x1en\x19\xb7\x09\xcd\xf5G\
\xe6\xd3\xe1b\xeaD\xfc\xba\x0fi\x1c\xd4\x1c\xca\x10\x81\
\xfdE\xeb\xf5\xe1\x9d\xe5\xa3\xf4\x8d\x08\xc7\x18M\x1e\xb8\
\x16R\x05\x9e\xf1\x19\xe4\x9d\xe2\xcc\xed\xd3\x00\x80\x13\xc2\
\x1d$\x1b\xc7\x0c\xe0\xf8\x08\xe8\x88\xe13\xe8%\xf9\x05\
\x0d@\x1b\xb5\x1dN\x13\x8c\x00\x91\xed\x87\xe24\xe4\xe2\
\xf1\xa2\x05\xf3\x16V\x1e\x97\x18:\x08J\xf4f\xe5\x00\
\xe2\x8e\xeb\xee\xfd+\x11\xfa\x1c=\x1cI\x0f\xc1\xfb\x0c\
\xea\xd1\xe1\xa2\xe6\x5c\xf68\x0a\xa6\x19\xfd\x1d`\x15\x8a\
\x030\xf0\xa2\xe3N\xe3Z\xef\x8d\x02\xa4\x14\xd3\x1d\x1e\
\x1a\x1f\x0bQ\xf7=\xe7\xd4\xe1q\xe9\xca\xfa^\x0e\xbe\
\x1b\x1d\x1d\xe3\x11\xed\xfej\xecZ\xe2\x19\xe5r\xf33\
\x07\xd4\x17#\x1ej\x17\x91\x06\xe1\xf2\xdb\xe4\x8c\xe2\xf2\
\xec\x8f\xffU\x12.\x1dh\x1b\xc9\x0d9\xfa#\xe9\xea\
\xe1\xac\xe7\xeb\xf7\xa3\x0bO\x1a\xa0\x1d!\x14\xee\x01\xe6\
\xee8\xe3\xf7\xe3\xcd\xf0+\x04\xbd\x15\xe7\x1d#\x19\x83\
\x09\xc7\xf5q\xe6\x1f\xe2\xb4\xear\xfc\xb3\x0f.\x1cx\
\x1cx\x10_\xfdb\xebI\xe2\xfe\xe5\xe7\xf4\x95\x08\x8b\
\x18\xec\x1d]\x16&\x05\xb3\xf1d\xe4\xfe\xe2\x18\xee\xe8\
\x00T\x13e\x1d\xc1\x1a\x90\x0c\xf3\xf8a\xe8\xf9\xe1\x80\
\xe8'\xf9\xbb\x0c\xd5\x1a`\x1d7\x13\xbd\x00\xef\xed\xe1\
\xe2`\xe4\xcf\xf1Y\x05\x94\x16\x11\x1e\x8a\x18h\x08\xa1\
\xf4\xbd\xe5.\xe2}\xeb\xa4\xfd\xcb\x10\xae\x1c*\x1cy\
\x0f\x1b\xfcg\xea\x03\xe2\x93\xe6\x15\xf6\xd9\x09X\x19\xe2\
\x1d\x84\x15\xd9\x03\x86\xf0\xe1\xe3Z\xe3,\xef;\x02N\
\x14\x9a\x1d\x1b\x1aW\x0b\xb0\xf7\x9a\xe7\x08\xe2e\xe9{\
\xfa\xef\x0d^\x1b\xf9\x1c\x13\x12]\xff\xea\xec\xb0\xe2\x19\
\xe5\x1b\xf3\xa8\x06U\x17\xef\x1d\x98\x17\x10\x07x\xf3D\
\xe5\x97\xe2\x98\xec\xf8\xfe\xc8\x11\xea\x1c\x8a\x1bF\x0e\xd6\
\xfa\x99\xe9\x07\xe2c\xe7\x5c\xf7\x0b\x0b\xf1\x19\xa5\x1d\x87\
\x14\x89\x02t\xef~\xe3\xd3\xe3L\xf0\x87\x03=\x15\xc3\
\x1do\x19\x1f\x0al\xf6\xd5\xe6\x13\xe29\xea\xc5\xfb#\
\x0f\xfb\x1b\xbd\x1c\x14\x11\x04\xfe\xc6\xeb@\xe2\x90\xe5K\
\xf4\x14\x08a\x18%\x1e\xdb\x16\xae\x05\x07\xf2c\xe4\xac\
\xe2\x9e\xed}\x00%\x13\x86\x1d\x1e\x1b\xff\x0cA\xf9d\
\xe8\xb8\xe1 \xe8\xd4\xf8\x9e\x0c\xf1\x1a\x9d\x1dw\x13\xe7\
\x00\xf8\xed\xd1\xe2@\xe4\xa3\xf12\x05\x7f\x16\x14\x1e\xaa\
\x18\x99\x08\xd1\xf4\xd8\xe5$\xe2S\xebj\xfd\x9c\x10\xa0\
\x1cB\x1c\xaf\x0fW\xfc\x90\xea\x08\xe2o\xe6\xdc\xf5\xa1\
\x097\x19\xea\x1d\xae\x15\x17\x04\xbe\xf0\xf7\xe3I\xe3\xf9\
\xee\xf8\x01\x1f\x14\x94\x1d@\x1a\x99\x0b\xf1\xf7\xbc\xe7\xfa\
\xe1+\xe94\xfa\xb8\x0dP\x1b\x1e\x1dU\x12\x9f\xff\x11\
\xed\xa7\xe2\xe9\xe4\xda\xf2q\x06C\x17\x05\x1e\xc9\x17J\
\x07\xa0\xf3L\xe5z\xe2d\xec\xc4\xfe\xa4\x11\xe5\x1c\xac\
\x1b{\x0e\x0c\xfb\xba\xe9\x00\xe2:\xe7 \xf7\xd9\x0a\xe1\
\x19\xbc\x1d\xbd\x14\xc4\x02\x97\xefy\xe3\xab\xe3\x19\xf0\x5c\
\x03-\x15\xd6\x1d\x94\x19D\x0a\x84\xf6\xdb\xe6\x0b\xe2*\
\xea\xb1\xfb\x0c\x0f\xe6\x1b\xaf\x1c\x10\x11\x19\xfe\xf1\xebm\
\xe2\xad\xe5B\xf4\xe1\x07\x18\x18\xe6\x1d\xc7\x16\xd4\x05[\
\xf2\xbe\xe4\xe2\xe2\x95\xed5\x00\xbe\x12-\x1d\xfc\x1a'\
\x0d\xa1\xf9\xd4\xe8\x07\xe2(\xe8\x8f\xf8'\x0c~\x1ac\
\x1d\x97\x13V\x01|\xee*\xe3G\xe4X\xf1\xba\x04\x13\
\x16\xe3\x1d\xc3\x18\xec\x08:\xf5+\xe6@\xe2,\xeb\x0f\
\xfd5\x10Y\x1c=\x1c\xed\x0f\xba\xfc\xee\xea6\xe2X\
\xe6\x8c\xf5?\x09\xf2\x18\xdf\x1d\xdc\x15g\x04\x0b\xf1\x1f\
\xe4<\xe3\xc5\xee\xb7\x01\xe9\x13\x7f\x1dN\x1a\xc1\x0b#\
\xf8\xe5\xe7\x0d\xe2$\xe9\x14\xfa\x8d\x0d%\x1b\x02\x1dV\
\x12\xbd\xffB\xed\xdb\xe2\x07\xe5\xd6\xf2J\x06\x01\x17\xc9\
\x1d\xb0\x17\x5c\x07\xdb\xf3\x96\xe5\xb4\xe2s\xec\x9c\xfeY\
\x11\x96\x1cz\x1b\x80\x0eC\xfb\x11\xeaQ\xe2\x5c\xe7\x04\
\xf7\x87\x0a|\x19q\x1d\xb0\x14\xfe\x02\xff\xef\xe4\xe3\xe2\
\xe3\xff\xef\x02\x03\xb6\x14{\x1d\x82\x19\x83\x0a\xf9\xf6L\
\xe7E\xe2\x10\xeaP\xfb\x97\x0e\x8e\x1b\x9e\x1cS\x11\x88\
\xfeZ\xec\xa0\xe2\x93\xe5\xec\xf3u\x07\xcc\x17\xdb\x1d\xfd\
\x16/\x06\xb1\xf2\xec\xe4\xd4\xe2V\xed\xe6\xffz\x12\x13\
\x1d\x18\x1bf\x0d\xed\xf9\x0e\xe9\x15\xe2\x06\xe8I\xf8\xda\
\x0bN\x1ad\x1d\xc6\x13\x9f\x01\xc0\xeeN\xe3=\xe4$\
\xf1r\x04\xd3\x15\xc3\x1d\xd7\x18/\x09\x90\xf5n\xe6N\
\xe2\x00\xeb\xc0\xfc\xe4\x0f)\x1cA\x1c\x22\x10\x0b\xfd9\
\xeb]\xe2K\xe6N\xf5\xe7\x08\xa6\x18\xc1\x1d\xfd\x15\xb8\
\x04j\xf1b\xe4A\xe3\x88\xeeW\x01\x8e\x13M\x1da\
\x1a\x10\x0c\x87\xf85\xe8)\xe2\xfd\xe8\xba\xf9%\x0d\xdf\
\x1a\x00\x1d\x96\x12%\x00\xa5\xed\x0a\xe3\xea\xe4x\xf2\xd6\
\x05\xae\x16\xba\x1d\xed\x17\xca\x07F\xf4\xcc\xe5\x9f\xe2 \
\xec0\xfe\x03\x11~\x1c\xaf\x1b\xe8\x0e\xae\xfbL\xeaD\
\xe2\x12\xe7\xa1\xf69\x0ad\x19\x96\x1d\xfd\x14Q\x034\
\xf0\xe1\xe3\xb2\xe3\xbe\xef\xcc\x02\xa1\x14\x86\x1d\xa6\x19\xb0\
\x0a\x1f\xf7_\xe79\xe2\xef\xe9(\xfbu\x0e\x83\x1b\xa7\
\x1ch\x11\xa5\xfew\xec\xb8\xe2\x99\xe5\xdc\xf3X\x07\xa7\
\x17\xbc\x1d\xf4\x16F\x06\xe6\xf2(\xe5\xfb\xe2T\xed\xb4\
\xff)\x12\xc9\x1c\xf7\x1a~\x0d6\xfae\xe9S\xe2\x11\
\xe8\x1c\xf8\x89\x0b\xf7\x19.\x1d\xcc\x13\xe0\x01'\xef\xad\
\xe3g\xe4\x07\xf1\x17\x04a\x15p\x1d\xc6\x18h\x09\xf6\
\xf5\xd3\xe6\x8b\xe2\xf7\xeat\xfcs\x0f\xc5\x1b\x19\x1cH\
\x10p\xfd\xae\xeb\xaf\xe2X\xe6\x10\xf5\x7f\x08=\x18\x82\
\x1d\x05\x16\x03\x05\xd7\xf1\xc3\xe4r\xe3l\xee\xf6\x00\x12\
\x13\xf0\x1cO\x1aL\x0c\xfe\xf8\xac\xe8q\xe2\x1e\xe9m\
\xf9\x0f\x0c\x16\x19\xf8\x1a\x1c\x11\xf0\xff\xee\xeec\xe5:\
\xe7~\xf3\xc1\x04\xa4\x13\xf3\x19C\x15\x01\x08\x19\xf8z\
\xec\x0b\xea\x9e\xf1\xb5\xff\x0c\x0eo\x16A\x15\x0e\x0bB\
\xfc\x13\xef\xe3\xe8\xfa\xeb\x9a\xf6\xed\x03/\x0e\x1e\x11\xc7\
\x0b\xda\x00a\xf5\x80\xeeQ\xef\x8d\xf7\xbf\x03\xe5\x0e~\
\x14\x81\x12\x1b\x0a\x1c\xff,\xf6\xd6\xf2\x14\xf6\xee\xfd\x81\
\x06\xb4\x0b\x11\x0b\xb3\x04;\xfb\x95\xf20\xee\xb6\xefG\
\xf6\x13\xff\x91\x06\x06\x0a\xa0\x08\xb1\x03\x05\xfe\x88\xfa\x05\
\xfbg\xff\xdc\x05\xa4\x0bU\x0e\xd6\x0c\xc0\x07\x11\x01.\
\xfb\xf6\xf7\xef\xf7G\xfaH\xfd$\xff\xd8\xfe\x81\xfcC\
\xf9\xb1\xf6\x19\xf6\xf1\xf7\xb7\xfb@\x008\x04\xc2\x06\xad\
\x07p\x07\xce\x06o\x06\x83\x06\xc8\x06\xbb\x06\xdd\x05\x1b\
\x04\xb0\x012\xff\x01\xfd\x0e\xfbi\xf9/\xf8f\xf7#\
\xf7g\xf7/\xf8}\xf99\xfbG\xfd\x86\xff\xc7\x01\xe4\
\x03\xbe\x054\x075\x08\xb8\x08\xb5\x08.\x08#\x07\xa6\
\x05\xc3\x03\xa1\x01f\xff/\xfd)\xfbs\xf91\xf8j\
\xf7(\xf7q\xf79\xf8\x80\xf9,\xfb+\xfdX\xff\x92\
\x01\xbb\x03\xa5\x05.\x074\x08\xb7\x08\xaf\x08!\x08\x1a\
\x07\xa4\x05\xd6\x03\xc6\x01\x95\xff_\xfdM\xfb\x87\xf9/\
\xf8^\xf7\x1c\xf7k\xf7@\xf8\x8d\xf94\xfb$\xfdA\
\xffi\x01\x85\x03q\x05\x09\x07-\x08\xc9\x08\xd3\x08K\
\x085\x07\xaf\x05\xd0\x03\xb9\x01\x95\xffn\xfdu\xfb\xbb\
\xf9^\xf8}\xf7\x1d\xf7R\xf7\x12\xf8W\xf9\x0a\xfb\x0b\
\xfd6\xffh\x01\x85\x03d\x05\xee\x06\x0c\x08\xae\x08\xc5\
\x08N\x08R\x07\xdc\x05\x06\x04\xef\x01\xbd\xff\x8e\xfd\x86\
\xfb\xc5\xf9f\xf8\x80\xf7\x22\xf7P\xf7\x06\xf8C\xf9\xe6\
\xfa\xda\xfc\x03\xff8\x01Z\x03H\x05\xdf\x06\x07\x08\xaf\
\x08\xcb\x08\x5c\x08f\x07\xf8\x05*\x04\x18\x02\xe8\xff\xb7\
\xfd\xad\xfb\xe4\xf9{\xf8\x8e\xf7&\xf7L\xf7\xfa\xf7+\
\xf9\xca\xfa\xb8\xfc\xdc\xfe\x11\x012\x03\x22\x05\xc2\x06\xf1\
\x07\xa1\x08\xc6\x08`\x08t\x07\x0d\x06H\x04:\x02\x0c\
\x00\xdd\xfd\xcc\xfb\x02\xfa\x95\xf8\xa0\xf70\xf7N\xf7\xf5\
\xf7\x1d\xf9\xb5\xfa\x9f\xfc\xbf\xfe\xef\x00\x15\x03\x08\x05\xa7\
\x06\xdd\x07\x94\x08\xc4\x08a\x08{\x07\x1b\x06Y\x04S\
\x02$\x00\xf6\xfd\xe5\xfb\x18\xfa\xa9\xf8\xad\xf7:\xf7P\
\xf7\xf2\xf7\x14\xf9\xa6\xfa\x8d\xfc\xa9\xfe\xda\x00\xfe\x02\xf0\
\x04\x94\x06\xcd\x07\x89\x08\xbe\x08a\x08\x80\x07(\x06k\
\x04g\x02;\x00\x0e\xfe\xfe\xfb.\xfa\xba\xf8\xba\xf7A\
\xf7Q\xf7\xeb\xf7\x09\xf9\x95\xfax\xfc\x92\xfe\xbd\x00\xe1\
\x02\xd9\x04\x80\x06\xbb\x07|\x08\xb5\x08_\x08\x87\x074\
\x06}\x04\x7f\x02Y\x00/\xfe\x1c\xfcK\xfa\xd4\xf8\xcf\
\xf7O\xf7W\xf7\xec\xf7\xfe\xf8\x80\xfa_\xfcs\xfe\x9f\
\x00\xc1\x02\xb9\x04c\x06\xa5\x07n\x08\xae\x08a\x08\x8f\
\x07A\x06\x90\x04\x95\x02r\x00H\xfe6\xfcd\xfa\xeb\
\xf8\xe2\xf7\x5c\xf7`\xf7\xee\xf7\xfa\xf8w\xfaM\xfcZ\
\xfe\x82\x00\xa2\x02\x97\x04D\x06\x8a\x07X\x08\xa1\x08]\
\x08\x92\x07M\x06\xa6\x04\xb1\x02\x91\x00m\xfe^\xfc\x87\
\xfa\x08\xf9\xfa\xf7l\xf7d\xf7\xea\xf7\xee\xf8c\xfa4\
\xfc;\xfe`\x00\x80\x02v\x04&\x06s\x07F\x08\x94\
\x08Y\x08\x9b\x07`\x06\xbd\x04\xcf\x02\xb4\x00\x90\xfe\x81\
\xfc\xa6\xfa\x22\xf9\x0b\xf8u\xf7g\xf7\xe0\xf7\xdf\xf8M\
\xfa\x16\xfc \xfe@\x00_\x02[\x04\x0e\x06`\x079\
\x08\x90\x08]\x08\xa2\x07o\x06\xd4\x04\xea\x02\xd1\x00\xaf\
\xfe\xa0\xfc\xc2\xfa:\xf9 \xf8\x82\xf7l\xf7\xdd\xf7\xd0\
\xf89\xfa\xfe\xfb\xfe\xfd\x1e\x00<\x028\x04\xf0\x05G\
\x07,\x08\x8b\x08`\x08\xb0\x07\x84\x06\xf1\x04\x09\x03\xf4\
\x00\xd5\xfe\xbf\xfc\xdf\xfaR\xf9.\xf8\x88\xf7h\xf7\xd2\
\xf7\xbe\xf8\x1f\xfa\xde\xfb\xdc\xfd\xfd\xff\x1e\x02\x1b\x04\xd8\
\x058\x07\x22\x08\x89\x08j\x08\xc1\x07\x9c\x06\x0c\x05&\
\x03\x14\x01\xf1\xfe\xdc\xfc\xf8\xfae\xf9;\xf8\x8e\xf7g\
\xf7\xc8\xf7\xaf\xf8\x0c\xfa\xc6\xfb\xc4\xfd\xe5\xff\x04\x02\x02\
\x04\xc3\x05(\x07\x17\x08\x85\x08j\x08\xc7\x07\xa7\x06\x1a\
\x05;\x03,\x01\x0b\xff\xf6\xfc\x10\xfb{\xf9O\xf8\x9d\
\xf7o\xf7\xca\xf7\xab\xf8\xff\xf9\xb1\xfb\xa9\xfd\xc5\xff\xe2\
\x01\xe2\x03\xa4\x05\x0b\x07\x00\x08v\x08c\x08\xc8\x07\xb3\
\x06.\x05V\x03M\x01-\xff\x1a\xfd3\xfb\x98\xf9g\
\xf8\xae\xf7v\xf7\xc9\xf7\xa1\xf8\xeb\xf9\x98\xfb\x8b\xfd\xa2\
\xff\xbf\x01\xc2\x03\x86\x05\xf4\x06\xf1\x07m\x08a\x08\xd1\
\x07\xc1\x06E\x05u\x03k\x01N\xff:\xfdO\xfb\xb3\
\xf9z\xf8\xb7\xf7x\xf7\xc4\xf7\x93\xf8\xd7\xf9\x7f\xfbm\
\xfd\x83\xff\xa0\x01\xa4\x03m\x05\xdf\x06\xe5\x07h\x08e\
\x08\xdc\x07\xd3\x06^\x05\x90\x03\x8b\x01q\xffY\xfdl\
\xfb\xc9\xf9\x88\xf8\xc0\xf7z\xf7\xbd\xf7\x82\xf8\xc1\xf9e\
\xfbN\xfdc\xff\x82\x01\x88\x03U\x05\xcd\x06\xd9\x07d\
\x08h\x08\xe7\x07\xe4\x06t\x05\xab\x03\xa8\x01\x8c\xffr\
\xfd\x83\xfb\xdd\xf9\x97\xf8\xc9\xf7{\xf7\xb7\xf7z\xf8\xb4\
\xf9R\xfb8\xfdL\xffi\x01o\x03?\x05\xb7\x06\xc6\
\x07W\x08`\x08\xe6\x07\xea\x06\x81\x05\xbe\x03\xc1\x01\xaa\
\xff\x93\xfd\xa5\xfb\xfd\xf9\xb1\xf8\xdc\xf7\x8a\xf7\xbd\xf7r\
\xf8\xa3\xf98\xfb\x19\xfd(\xff?\x01G\x03\x1c\x05\x9b\
\x06\xb3\x07N\x08c\x08\xf2\x07\x00\x07\x9e\x05\xe1\x03\xe8\
\x01\xcf\xff\xb9\xfd\xc5\xfb\x10\xfa\xbf\xf8\xe2\xf7\x85\xf7\xb2\
\xf7b\xf8\x8b\xf9\x1d\xfb\xfd\xfc\x0b\xff%\x010\x03\x09\
\x05\x8d\x06\xa8\x07H\x08d\x08\xfa\x07\x0c\x07\xad\x05\xf5\
\x03\xfd\x01\xe9\xff\xd3\xfd\xdb\xfb)\xfa\xd4\xf8\xee\xf7\x8c\
\xf7\xb1\xf7[\xf8~\xf9\x08\xfb\xe2\xfc\xed\xfe\x05\x01\x0f\
\x03\xe9\x04t\x06\x98\x07@\x08b\x08\x01\x08\x1c\x07\xc5\
\x05\x14\x04\x1f\x02\x07\x00\xf2\xfd\xfa\xfbA\xfa\xe4\xf8\xf8\
\xf7\x8e\xf7\xaa\xf7M\xf8j\xf9\xf0\xfa\xc6\xfc\xcf\xfe\xe9\
\x00\xf5\x02\xd3\x04c\x06\x8b\x07:\x08c\x08\x07\x08*\
\x07\xd8\x05+\x047\x02\x22\x00\x0c\xfe\x13\xfcX\xfa\xf7\
\xf8\x06\xf8\x95\xf7\xac\xf7H\xf8]\xf9\xdc\xfa\xae\xfc\xb6\
\xfe\xcc\x00\xd8\x02\xba\x04I\x06w\x07.\x08\x5c\x08\x09\
\x081\x07\xe7\x05>\x04O\x02@\x00+\xfe0\xfcq\
\xfa\x0e\xf9\x19\xf8\xa0\xf7\xae\xf7B\xf8O\xf9\xc9\xfa\x97\
\xfc\x97\xfe\xac\x00\xb8\x02\x9a\x040\x06c\x07!\x08Y\
\x08\x0b\x08=\x07\xf6\x05U\x04o\x02^\x00K\xfeN\
\xfc\x8c\xfa#\xf9&\xf8\xaa\xf7\xb0\xf7;\xf8C\xf9\xb4\
\xfa}\xfc{\xfe\x8f\x00\x9c\x02\x80\x04\x1c\x06Q\x07\x13\
\x08U\x08\x0b\x08D\x07\x07\x06j\x04\x85\x02v\x00e\
\xfek\xfc\xa6\xfa;\xf99\xf8\xb5\xf7\xb6\xf78\xf8:\
\xf9\xa5\xfaf\xfca\xfep\x00{\x02`\x04\xfb\x057\
\x07\x00\x08G\x08\x09\x08K\x07\x15\x06\x81\x04\xa3\x02\x99\
\x00\x8c\xfe\x91\xfc\xca\xfaZ\xf9S\xf8\xc3\xf7\xb8\xf75\
\xf8+\xf9\x8d\xfaG\xfc:\xfeJ\x00V\x02;\x04\xdd\
\x05 \x07\xf3\x07D\x08\x0e\x08X\x07-\x06\xa0\x04\xc6\
\x02\xbf\x00\xaf\xfe\xb0\xfc\xe5\xfam\xf9_\xf8\xcb\xf7\xb7\
\xf7(\xf8\x17\xf9u\xfa-\xfc\x1d\xfe*\x009\x02\x22\
\x04\xc5\x05\x0f\x07\xe6\x07=\x08\x11\x08d\x07>\x06\xb2\
\x04\xe0\x02\xde\x00\xce\xfe\xcf\xfc\x01\xfb\x85\xf9q\xf8\xd7\
\xf7\xbd\xf7%\xf8\x0d\xf9b\xfa\x14\xfc\x02\xfe\x0c\x00\x19\
\x02\x02\x04\xab\x05\xf9\x06\xd3\x072\x08\x0f\x08j\x07M\
\x06\xca\x04\xf8\x02\xfa\x00\xee\xfe\xf1\xfc\x22\xfb\xa0\xf9\x86\
\xf8\xe1\xf7\xbe\xf7\x22\xf8\x01\xf9O\xfa\xf8\xfb\xe1\xfd\xed\
\xff\xf6\x01\xe2\x03\x8e\x05\xe2\x06\xc9\x07/\x08\x13\x08w\
\x07a\x06\xe5\x04\x17\x03\x1c\x01\x10\xff\x10\xfd>\xfb\xb5\
\xf9\x94\xf8\xe8\xf7\xbd\xf7\x16\xf8\xed\xf87\xfa\xda\xfb\xc0\
\xfd\xcc\xff\xd7\x01\xc5\x03x\x05\xd5\x06\xc4\x071\x08 \
\x08\x8a\x07w\x06\x01\x056\x038\x01*\xff#\xfdL\
\xfb\xc1\xf9\x96\xf8\xe4\xf7\xb4\xf7\x09\xf8\xdd\xf8$\xfa\xc8\
\xfb\xaf\xfd\xb9\xff\xc6\x01\xb9\x03n\x05\xca\x06\xbb\x07-\
\x08\x1e\x08\x8c\x07~\x06\x09\x05B\x03K\x01@\xff;\
\xfde\xfb\xd9\xf9\xad\xf8\xf7\xf7\xc3\xf7\x0f\xf8\xdd\xf8\x1c\
\xfa\xb6\xfb\x96\xfd\x9a\xff\xa4\x01\x94\x03K\x05\xad\x06\xa2\
\x07\x1e\x08\x18\x08\x8f\x07\x8e\x06$\x05d\x03o\x01e\
\xffc\xfd\x87\xfb\xf5\xf9\xc3\xf8\x02\xf8\xc3\xf7\x06\xf8\xc9\
\xf8\x01\xfa\x95\xfbr\xfdx\xff\x7f\x01s\x031\x05\x9b\
\x06\x9b\x07 \x08!\x08\xa0\x07\xa5\x06>\x05\x81\x03\x8e\
\x01\x82\xff}\xfd\x9e\xfb\x02\xfa\xcb\xf8\x05\xf8\xbd\xf7\xfc\
\xf7\xba\xf8\xee\xf9\x81\xfb]\xfdb\xffm\x01c\x03#\
\x05\x8f\x06\x93\x07\x1a\x08 \x08\xa3\x07\xa8\x06G\x05\x90\
\x03\x9e\x01\x97\xff\x94\xfd\xb6\xfb\x1e\xfa\xe4\xf8\x1b\xf8\xd0\
\xf7\x06\xf8\xbd\xf8\xe9\xf9t\xfbE\xfdB\xffK\x01;\
\x03\xfa\x04j\x06q\x07\x02\x08\x12\x08\xa1\x07\xb7\x06`\
\x05\xb1\x03\xc9\x01\xc7\xff\xc3\xfd\xe2\xfbF\xfa\x02\xf9,\
\xf8\xd3\xf7\xfe\xf7\xa9\xf8\xc8\xf9J\xfb\x19\xfd\x14\xff\x1d\
\x01\x16\x03\xdb\x04U\x06g\x07\x02\x08\x1f\x08\xb6\x07\xd1\
\x06\x7f\x05\xd3\x03\xeb\x01\xe5\xff\xdf\xfd\xfa\xfbW\xfa\x0c\
\xf9/\xf8\xd1\xf7\xf6\xf7\x9b\xf8\xb7\xf97\xfb\x03\xfd\xfc\
\xfe\x06\x01\x00\x03\xca\x04F\x06\x5c\x07\xfd\x07\x1a\x08\xb5\
\x07\xd6\x06\x87\x05\xe0\x03\xf9\x01\xf6\xff\xf5\xfd\x12\xfcl\
\xfa!\xf9E\xf8\xe3\xf7\x04\xf8\xa5\xf8\xb9\xf91\xfb\xf6\
\xfc\xeb\xfe\xeb\x00\xdf\x02\xa8\x04 \x067\x07\xdc\x07\x01\
\x08\xa5\x07\xd0\x06\x8e\x05\xf1\x03\x15\x02\x1c\x00 \xfe?\
\xfc\x9a\xfaI\xf9d\xf8\xfb\xf7\x10\xf8\xa3\xf8\xab\xf9\x18\
\xfb\xd6\xfc\xc2\xfe\xbe\x00\xb4\x02}\x04\xfd\x05\x1d\x07\xcb\
\x07\xfb\x07\xab\x07\xe2\x06\xa5\x05\x11\x04:\x02?\x00E\
\xfeb\xfc\xb8\xfab\xf9v\xf8\x03\xf8\x10\xf8\x9b\xf8\x9d\
\xf9\x03\xfb\xb6\xfc\x9f\xfe\x9d\x00\x90\x02Z\x04\xe0\x05\x06\
\x07\xbb\x07\xf5\x07\xad\x07\xea\x06\xbc\x05.\x04[\x02g\
\x00j\xfe\x85\xfc\xd7\xfay\xf9\x86\xf8\x09\xf8\x0b\xf8\x8b\
\xf8\x85\xf9\xe6\xfa\x96\xfc}\xfe{\x00t\x02C\x04\xce\
\x05\xfc\x06\xba\x07\xfd\x07\xbd\x07\x00\x07\xd2\x05G\x04t\
\x02{\x00\x7f\xfe\x93\xfc\xdf\xfa\x80\xf9\x86\xf8\x04\xf8\x03\
\xf8\x84\xf8|\xf9\xda\xfa\x8c\xfcr\xfem\x00f\x028\
\x04\xc4\x05\xf2\x06\xb1\x07\xf4\x07\xb5\x07\xfe\x06\xd4\x05L\
\x04\x80\x02\x8c\x00\x8f\xfe\xa9\xfc\xf6\xfa\x93\xf9\x9a\xf8\x17\
\xf8\x11\xf8\x88\xf8x\xf9\xd1\xfaz\xfc\x5c\xfeU\x00F\
\x02\x19\x04\xa7\x05\xd8\x06\xa0\x07\xea\x07\xb5\x07\x06\x07\xe1\
\x05c\x04\x9c\x02\xa9\x00\xaf\xfe\xc7\xfc\x14\xfb\xae\xf9\xad\
\xf8!\xf8\x13\xf8\x84\xf8k\xf9\xba\xfa^\xfc;\xfe0\
\x00&\x02\xf9\x03\x89\x05\xc3\x06\x91\x07\xe5\x07\xba\x07\x13\
\x07\xfa\x05\x82\x04\xbe\x02\xd1\x00\xd8\xfe\xec\xfc2\xfb\xc3\
\xf9\xba\xf8#\xf8\x09\xf8r\xf8P\xf9\x99\xfa:\xfc\x18\
\xfe\x10\x00\x07\x02\xe3\x03{\x05\xbd\x06\x96\x07\xee\x07\xca\
\x07*\x07\x13\x06\x9c\x04\xd9\x02\xe8\x00\xea\xfe\xfc\xfc<\
\xfb\xca\xf9\xbc\xf8!\xf8\x04\xf8e\xf8A\xf9\x88\xfa(\
\xfc\x05\xfe\xfc\xff\xf8\x01\xd4\x03o\x05\xb3\x06\x8c\x07\xee\
\x07\xc9\x07-\x07\x1c\x06\xa5\x04\xe7\x02\xf8\x00\x00\xff\x13\
\xfdQ\xfb\xde\xf9\xcc\xf8.\xf8\x0d\xf8g\xf8=\xf9\x80\
\xfa\x17\xfc\xf0\xfd\xe7\xff\xdc\x01\xb5\x03T\x05\x9e\x06\x7f\
\x07\xe3\x07\xc7\x072\x07%\x06\xb6\x04\xfe\x02\x10\x01\x17\
\xff+\xfdj\xfb\xf4\xf9\xdf\xf8<\xf8\x14\xf8j\xf8<\
\xf9y\xfa\x0b\xfc\xdd\xfd\xcf\xff\xc1\x01\x9a\x039\x05\x81\
\x06b\x07\xcb\x07\xb6\x07*\x07(\x06\xc2\x04\x15\x035\
\x01D\xff\x5c\xfd\x9c\xfb\x22\xfa\x06\xf9Z\xf8$\xf8m\
\xf8,\xf9Y\xfa\xe0\xfb\xa9\xfd\x97\xff\x8b\x01e\x03\x0b\
\x05c\x06S\x07\xcc\x07\xc8\x07G\x07P\x06\xf3\x04E\
\x03d\x01n\xffz\xfd\xb1\xfb,\xfa\x06\xf9O\xf8\x11\
\xf8T\xf8\x10\xf9?\xfa\xc7\xfb\x93\xfd\x88\xff}\x01_\
\x03\x09\x05_\x06Q\x07\xcd\x07\xc9\x07H\x07R\x06\xf5\
\x04I\x03k\x01v\xff\x86\xfd\xc0\xfb=\xfa\x18\xf9a\
\xf8!\xf8c\xf8\x1e\xf9F\xfa\xc9\xfb\x8d\xfdw\xffh\
\x01B\x03\xe9\x04D\x066\x07\xb4\x07\xb5\x07<\x07M\
\x06\xf9\x04V\x03|\x01\x8e\xff\xa2\xfd\xde\xfb\x5c\xfa2\
\xf9y\xf85\xf8o\xf8\x22\xf9B\xfa\xbc\xfb}\xfdf\
\xffR\x01.\x03\xd6\x04,\x06!\x07\xa1\x07\xa6\x070\
\x07D\x06\xf6\x04Y\x03\x85\x01\x9c\xff\xb6\xfd\xf7\xfbx\
\xfaQ\xf9\x97\xf8S\xf8\x8b\xf86\xf9O\xfa\xc2\xfbw\
\xfdR\xff3\x01\x04\x03\xa2\x04\xf8\x05\xed\x06q\x07\x83\
\x07\x1a\x07B\x06\x04\x05t\x03\xb0\x01\xd2\xff\xf4\xfd6\
\xfc\xb2\xfa\x84\xf9\xbe\xf8h\xf8\x8b\xf8#\xf9,\xfa\x8f\
\xfb9\xfd\x11\xff\xf2\x00\xc7\x02t\x04\xd9\x05\xe2\x06z\
\x07\x98\x07A\x07r\x06:\x05\xad\x03\xe3\x01\xff\xff\x14\
\xfeG\xfc\xb8\xfax\xf9\xa5\xf8H\xf8c\xf8\xfb\xf8\x05\
\xfam\xfb \xfd\x01\xff\xf0\x00\xd3\x02\x88\x04\xf1\x05\xf9\
\x06\x92\x07\xae\x07M\x07u\x062\x05\xa0\x03\xd1\x01\xe7\
\xff\x03\xfe;\xfc\xb2\xfa|\xf9\xb3\xf8]\xf8\x7f\xf8\x1c\
\xf9$\xfa\x88\xfb6\xfd\x0b\xff\xec\x00\xc2\x02i\x04\xc7\
\x05\xc7\x06W\x07x\x07\x1d\x07Q\x06$\x05\xa6\x03\xec\
\x01\x14\x00@\xfe\x84\xfc\xfe\xfa\xc7\xf9\xf3\xf8\x8d\xf8\x9b\
\xf8 \xf9\x10\xfa[\xfb\xf4\xfc\xba\xfe\x94\x00k\x02\x19\
\x04\x88\x05\x9e\x06N\x07\x89\x07H\x07\x94\x06r\x05\xfa\
\x03=\x02\x5c\x00v\xfe\xa4\xfc\x0a\xfb\xba\xf9\xcf\xf8[\
\xf8_\xf8\xde\xf8\xd0\xf9'\xfb\xcc\xfc\xa7\xfe\x96\x00z\
\x027\x04\xb0\x05\xcc\x06x\x07\xa7\x07[\x07\x9b\x06k\
\x05\xe7\x03$\x02@\x00\x5c\xfe\x8e\xfc\xfb\xfa\xb9\xf9\xda\
\xf8p\xf8}\xf8\x03\xf9\xf8\xf9L\xfb\xe9\xfc\xb9\xfe\x95\
\x00j\x02\x1b\x04\x81\x05\x92\x06;\x07n\x07-\x07y\
\x06^\x05\xee\x03?\x02n\x00\x96\xfe\xd3\xfc=\xfb\xf5\
\xf9\x0e\xf9\x94\xf8\x8e\xf8\x00\xf9\xe4\xf9%\xfb\xb5\xfc|\
\xfeU\x000\x02\xe4\x03Z\x05{\x060\x07v\x07@\
\x07\x94\x06y\x05\xfd\x03>\x02S\x00a\xfe\x85\xfc\xe5\
\xfa\x9e\xf9\xc6\xf8w\xf8\xb5\xf8}\xf9\xc3\xfaw\xfcn\
\xfe\x86\x00\x98\x02v\x04\xfa\x05\x00\x07t\x07H\x07}\
\x06 \x05O\x031\x01\xf9\xfe\xd1\xfc\xed\xfa\x81\xf9\xa8\
\xf8}\xf8\x08\xf9>\xfa\x04\xfc.\xfe\x86\x00\xd6\x02\xe5\
\x04p\x06V\x07y\x07\xd0\x06q\x05x\x03\x1d\x01\xa4\
\xfeJ\xfcT\xfa\xfd\xf8m\xf8\xb0\xf8\xc1\xf9\x86\xfb\xc6\
\xfdD\x00\xbe\x02\xe9\x04\x85\x06h\x07w\x07\xb2\x060\
\x05\x1b\x03\xac\x00.\xfe\xdf\xfb\x07\xfa\xda\xf8t\xf8\xe6\
\xf8\x1e\xfa\xfe\xfbN\xfe\xc7\x00*\x036\x05\xa9\x06Z\
\x07@\x07Q\x06\xb1\x04\x8c\x02\x1b\x00\xae\xfd~\xfb\xcd\
\xf9\xcd\xf8\x9a\xf8;\xf9\x97\xfa\x90\xfc\xe8\xfe]\x01\xad\
\x03\x91\x05\xd6\x06W\x07\x06\x07\xee\x05(\x04\xee\x01|\
\xff\x17\xfd\x03\xfb{\xf9\xb0\xf8\xaf\xf8\x82\xf9\x0b\xfb\x1e\
\xfd\x89\xff\xf9\x014\x04\xfa\x05\x11\x07c\x07\xde\x06\x98\
\x05\xb0\x03^\x01\xe7\xfe\x8c\xfc\x92\xfa.\xf9\x8e\xf8\xbf\
\xf8\xbc\xf9o\xfb\xa0\xfd\x0f\x00~\x02\xa7\x04J\x06:\
\x07]\x07\xad\x06@\x05>\x03\xde\x00i\xfe\x1d\xfc=\
\xfa\x03\xf9\x8c\xf8\xe8\xf8\x0a\xfa\xd7\xfb\x18\xfe\x8e\x00\xf6\
\x02\x05\x05\x88\x06N\x07D\x07i\x06\xd9\x04\xbf\x02P\
\x00\xe2\xfd\xac\xfb\xec\xf9\xdd\xf8\x96\xf8#\xf9q\xfa]\
\xfc\xaf\xfe\x22\x01w\x03m\x05\xc2\x06V\x07\x1b\x07\x15\
\x06^\x04)\x02\xba\xffP\xfd2\xfb\x9a\xf9\xb8\xf8\xa7\
\xf8f\xf9\xdf\xfa\xe9\xfcL\xff\xbb\x01\xfc\x03\xce\x05\xf5\
\x06Z\x07\xec\x06\xb7\x05\xdd\x03\x95\x01%\xff\xc7\xfc\xc1\
\xfaR\xf9\xa2\xf8\xc1\xf8\xae\xf9M\xfbr\xfd\xe1\xffK\
\x02w\x04'\x06$\x07U\x07\xb4\x06T\x05]\x03\x04\
\x01\x91\xfeC\xfc]\xfa\x16\xf9\x91\xf8\xe4\xf8\xfa\xf9\xbe\
\xfb\xfb\xfdj\x00\xd3\x02\xec\x04y\x06K\x07L\x07\x81\
\x06\xfb\x04\xe3\x02y\x00\x06\xfe\xc4\xfb\xfd\xf9\xdf\xf8\x86\
\xf8\x06\xf9H\xfa.\xfc\x80\xfe\xf8\x00T\x03S\x05\xb9\
\x06^\x074\x07:\x06\x90\x04f\x02\xf7\xff\x88\xfd\x5c\
\xfb\xb6\xf9\xc1\xf8\x98\xf8D\xf9\xac\xfa\xaa\xfc\x05\xffw\
\x01\xc3\x03\xa2\x05\xdf\x06W\x07\xfd\x06\xe1\x05\x18\x04\xdb\
\x01m\xff\x0c\xfd\xfe\xfa}\xf9\xb6\xf8\xbb\xf8\x90\xf9\x1b\
\xfb2\xfd\x97\xff\x01\x029\x04\xf6\x05\x06\x07N\x07\xc6\
\x06}\x05\x93\x03F\x01\xd6\xfe\x86\xfc\x96\xfa?\xf9\xa7\
\xf8\xe0\xf8\xe0\xf9\x8f\xfb\xba\xfd\x22\x00\x8b\x02\xa7\x04@\
\x06(\x07C\x07\x90\x06\x1d\x05\x1b\x03\xc3\x00V\xfe\x14\
\xfcB\xfa\x14\xf9\xa4\xf8\x0c\xf95\xfa\x00\xfc>\xfe\xa6\
\x00\xfe\x02\x01\x05t\x06/\x07\x19\x07;\x06\xac\x04\x94\
\x025\x00\xd0\xfd\xa9\xfb\xfc\xf9\xf8\xf8\xc0\xf8W\xf9\xa9\
\xfa\x93\xfc\xe0\xfeG\x01\x8a\x03i\x05\xa9\x06.\x07\xe3\
\x06\xd3\x05\x1b\x04\xee\x01\x8b\xff2\xfd&\xfb\xa2\xf9\xd7\
\xf8\xd5\xf8\x9e\xf9\x1c\xfb&\xfd\x83\xff\xe9\x01\x1d\x04\xda\
\x05\xf1\x06F\x07\xc7\x06\x87\x05\xa5\x03^\x01\xf1\xfe\x9b\
\xfc\xa3\xfaD\xf9\xa2\xf8\xd1\xf8\xca\xf9q\xfb\x99\xfd\x03\
\x00n\x02\x93\x046\x06*\x07Q\x07\xaa\x06D\x05H\
\x03\xf0\x00\x7f\xfe7\xfcX\xfa\x18\xf9\x99\xf8\xee\xf8\x09\
\xfa\xcc\xfb\x03\xfeo\x00\xce\x02\xdc\x04`\x06-\x07-\
\x07a\x06\xe1\x04\xd4\x02z\x00\x14\xfe\xe0\xfb#\xfa\x0e\
\xf9\xbc\xf8:\xf9v\xfaR\xfc\x95\xfe\xf8\x00E\x034\
\x05\x87\x06#\x07\xf0\x06\xf6\x05R\x044\x02\xd8\xff|\
\xfdi\xfb\xd7\xf9\xf4\xf8\xdb\xf8\x8a\xf9\xf5\xfa\xed\xfc=\
\xff\x9f\x01\xd6\x03\xa1\x05\xc6\x06,\x07\xc5\x06\x9b\x05\xce\
\x03\x97\x014\xff\xe1\xfc\xe9\xfa\x81\xf9\xd0\xf8\xea\xf8\xcc\
\xf9^\xfbt\xfd\xce\xff/\x02Q\x04\xf7\x05\xf7\x06/\
\x07\x97\x06E\x05\x5c\x03\x14\x01\xad\xfei\xfc\x8c\xfaJ\
\xf9\xc4\xf8\x0d\xf9\x19\xfa\xcf\xfb\xf9\xfdY\x00\xb2\x02\xba\
\x04?\x06\x0f\x07\x13\x07O\x06\xd6\x04\xd4\x02\x7f\x00\x1f\
\xfe\xf1\xfb2\xfa\x1d\xf9\xc8\xf8@\xf9x\xfaM\xfc\x89\
\xfe\xee\x009\x03)\x05\x86\x06(\x07\xfc\x06\x0b\x06l\
\x04N\x02\xef\xff\x90\xfdv\xfb\xd9\xf9\xec\xf8\xc8\xf8o\
\xf9\xd2\xfa\xc6\xfc\x14\xffx\x01\xb4\x03\x88\x05\xbd\x061\
\x07\xd8\x06\xbf\x05\xfe\x03\xcf\x01p\xff\x1c\xfd\x18\xfb\xa0\
\xf9\xdd\xf8\xe2\xf8\xb4\xf93\xfb:\xfd\x92\xff\xeb\x01\x13\
\x04\xc6\x05\xd2\x06\x1e\x07\x9e\x06a\x05\x89\x03L\x01\xef\
\xfe\xac\xfc\xc8\xfay\xf9\xe1\xf8\x15\xf9\x0c\xfa\xad\xfb\xc5\
\xfd\x1b\x00n\x02x\x04\x03\x06\xe3\x06\xfe\x06Q\x06\xef\
\x04\x01\x03\xbc\x00e\xfe8\xfcv\xfaP\xf9\xe5\xf8F\
\xf9d\xfa#\xfcM\xfe\xa5\x00\xef\x02\xe4\x04J\x06\xff\
\x06\xeb\x06\x10\x06\x8c\x04\x80\x020\x00\xdd\xfd\xbf\xfb\x1a\
\xfa\x1f\xf9\xe6\xf8t\xf9\xbc\xfa\x99\xfc\xd7\xfe1\x01j\
\x03D\x05\x86\x06\x0d\x07\xcc\x06\xcb\x05\x1f\x04\x00\x02\xad\
\xff\x5c\xfdW\xfb\xd3\xf9\xfe\xf8\xf1\xf8\xad\xf9\x19\xfb\x0f\
\xfd[\xff\xb4\x01\xe0\x03\x9b\x05\xb5\x06\x14\x07\xa5\x06z\
\x05\xae\x03~\x01%\xff\xde\xfc\xf1\xfa\x93\xf9\xeb\xf8\x0e\
\xf9\xf4\xf9\x85\xfb\x92\xfd\xe5\xff8\x02M\x04\xea\x05\xd9\
\x06\x07\x07l\x06\x17\x052\x03\xf0\x00\x97\xfeb\xfc\x93\
\xfa^\xf9\xe3\xf85\xf9D\xfa\xfa\xfb\x1d\xfeu\x00\xc1\
\x02\xbd\x040\x06\xf3\x06\xf3\x06(\x06\xae\x04\xad\x02`\
\x00\x0e\xfe\xe9\xfb;\xfa1\xf9\xe6\xf8f\xf9\x9d\xfar\
\xfc\xa9\xfe\x01\x01A\x03$\x05q\x06\x08\x07\xd6\x06\xe2\
\x05D\x04-\x02\xd8\xff\x88\xfdz\xfb\xea\xf9\x0b\xf9\xee\
\xf8\x9a\xf9\xfd\xfa\xec\xfc1\xff\x89\x01\xb9\x03\x7f\x05\xa3\
\x06\x0e\x07\xaf\x06\x90\x05\xd2\x03\xa7\x01P\xff\x08\xfd\x11\
\xfb\xab\xf9\xf7\xf8\x07\xf9\xe0\xf9e\xfbm\xfd\xbd\xff\x10\
\x02*\x04\xcf\x05\xcb\x06\x07\x07x\x06/\x05S\x03\x18\
\x01\xc0\xfe\x88\xfc\xb1\xfas\xf9\xed\xf8.\xf92\xfa\xdc\
\xfb\xf7\xfdL\x00\x99\x02\x97\x04\x17\x06\xe5\x06\xf1\x066\
\x06\xc7\x04\xd1\x02\x89\x006\xfe\x11\xfcZ\xfaE\xf9\xec\
\xf8_\xf9\x8b\xfaT\xfc\x84\xfe\xda\x00\x1c\x03\x04\x05Z\
\x06\xfb\x06\xd5\x06\xee\x05[\x04J\x02\xfa\xff\xad\xfd\x9f\
\xfb\x09\xfa\x1f\xf9\xf8\xf8\x95\xf9\xea\xfa\xd0\xfc\x0b\xff`\
\x01\x91\x03Y\x05\x89\x06\x01\x07\xae\x06\x9f\x05\xef\x03\xcd\
\x01{\xff6\xfd=\xfb\xce\xf9\x0d\xf9\x0d\xf9\xd8\xf9O\
\xfbG\xfd\x8e\xff\xdc\x01\xf8\x03\xa3\x05\xa9\x06\xf3\x06v\
\x06A\x05u\x03E\x01\xf5\xfe\xbf\xfc\xe4\xfa\x9d\xf9\x07\
\xf9:\xf9)\xfa\xbf\xfb\xcf\xfd\x16\x00_\x02d\x04\xe6\
\x05\xc3\x06\xe0\x067\x06\xdd\x04\xf5\x02\xbb\x00n\xfeH\
\xfc\x8b\xfak\xf9\x04\xf9b\xf9~\xfa4\xfcU\xfe\xa6\
\x00\xe1\x02\xcb\x04-\x06\xdd\x06\xcb\x06\xf5\x05t\x04t\
\x020\x00\xe7\xfd\xd6\xfb9\xfaA\xf9\x08\xf9\x93\xf9\xd5\
\xfa\xab\xfc\xdc\xfe(\x01W\x03(\x05c\x06\xea\x06\xa9\
\x06\xa9\x05\x09\x04\xf7\x01\xad\xffj\xfdo\xfb\xf6\xf9(\
\xf9\x1a\xf9\xd3\xf9;\xfb(\xfdc\xff\xaf\x01\xca\x03{\
\x05\x90\x06\xe7\x06y\x06Q\x05\x93\x03q\x01$\xff\xed\
\xfc\x0d\xfb\xb8\xf9\x16\xf98\xf9\x1a\xfa\xa3\xfb\xa7\xfd\xec\
\xff2\x02;\x04\xcb\x05\xb5\x06\xe2\x06H\x06\xf9\x04\x1f\
\x03\xeb\x00\x9d\xfew\xfc\xb1\xfa\x80\xf9\x09\xf9X\xf9a\
\xfa\x09\xfc!\xfej\x00\xa9\x02\x9d\x04\x0a\x06\xcb\x06\xcb\
\x06\x0a\x06\x9d\x04\xaa\x02k\x00#\xfe\x0e\xfch\xfa`\
\xf9\x12\xf9\x8b\xf9\xba\xfa|\xfc\xa2\xfe\xec\x00\x1b\x03\xf1\
\x049\x06\xd2\x06\xa4\x06\xba\x05,\x04'\x02\xe8\xff\xa9\
\xfd\xa9\xfb'\xfaK\xf9+\xf9\xce\xf9!\xfb\xfe\xfc.\
\xffp\x01\x8e\x03F\x05d\x06\xce\x06u\x06a\x05\xb4\
\x03\x9e\x01[\xff)\xfdE\xfb\xe6\xf94\xf9D\xf9\x14\
\xfa\x89\xfb\x80\xfd\xb9\xff\xf6\x01\x01\x04\x98\x05\x8e\x06\xcb\
\x06B\x06\x09\x05@\x03\x18\x01\xd5\xfe\xae\xfc\xe4\xfa\xae\
\xf9'\xf9d\xf9[\xfa\xf2\xfb\xfb\xfd<\x00v\x02g\
\x04\xdd\x05\xac\x06\xbb\x06\x0c\x06\xac\x04\xc8\x02\x98\x00T\
\xfe?\xfc\x93\xfa~\xf9%\xf9\x8d\xf9\xaa\xfaa\xfc{\
\xfe\xbc\x00\xeb\x02\xc7\x04\x1a\x06\xbc\x06\x9f\x06\xc7\x05G\
\x04M\x02\x12\x00\xd7\xfd\xd6\xfbG\xfa`\xf91\xf9\xc1\
\xf9\x06\xfb\xd7\xfc\x00\xff@\x01`\x03!\x05L\x06\xc4\
\x06|\x06z\x05\xdb\x03\xce\x01\x8e\xffZ\xfdq\xfb\x05\
\xfaE\xf9D\xf9\x02\xfaf\xfbM\xfd\x83\xff\xc2\x01\xd0\
\x03r\x05u\x06\xc2\x06N\x06'\x05j\x03L\x01\x0c\
\xff\xe2\xfc\x12\xfb\xcd\xf96\xf9a\xf9F\xfa\xcd\xfb\xcc\
\xfd\x06\x00?\x029\x04\xb8\x05\x94\x06\xb7\x06\x18\x06\xcb\
\x04\xf3\x02\xc8\x00\x8c\xfeq\xfc\xbc\xfa\x9e\xf92\xf9\x89\
\xf9\x97\xfa>\xfcL\xfe\x8a\x00\xbc\x02\x9b\x04\xf8\x05\xac\
\x06\xa0\x06\xd5\x05e\x04y\x02D\x00\x0a\xfe\x04\xfcl\
\xfaw\xf98\xf9\xbc\xf9\xed\xfa\xaf\xfc\xd1\xfe\x0e\x011\
\x03\xf6\x04/\x06\xb7\x06}\x06\x8d\x05\xf9\x03\xf8\x01\xc1\
\xff\x8d\xfd\x9b\xfb'\xfa\x5c\xf9H\xf9\xf6\xf9O\xfb)\
\xfdV\xff\x90\x01\xa1\x03L\x05\x5c\x06\xb9\x06R\x06:\
\x05\x8a\x03w\x01>\xff\x14\xfd=\xfb\xed\xf9H\xf9e\
\xf9;\xfa\xb5\xfb\xa5\xfd\xdb\xff\x10\x02\x0a\x04\x95\x05|\
\x06\xac\x06\x1e\x06\xdf\x04\x14\x03\xf2\x00\xba\xfe\xa1\xfc\xe5\
\xfa\xbc\xf9B\xf9\x89\xf9\x87\xfa\x1f\xfc&\xfe\x5c\x00\x88\
\x02m\x04\xd4\x05\x92\x06\x96\x06\xde\x05~\x04\x9d\x02p\
\x00;\xfe7\xfc\x99\xfa\x95\xf9H\xf9\xbc\xf9\xde\xfa\x91\
\xfc\xa5\xfe\xdc\x00\xfc\x02\xc6\x04\x07\x06\x9c\x06u\x06\x96\
\x05\x14\x04 \x02\xf1\xff\xc3\xfd\xd1\xfbV\xfa~\xf9Z\
\xf9\xf4\xf99\xfb\x06\xfd&\xffW\x01g\x03\x17\x051\
\x06\x9d\x06L\x06F\x05\xa8\x03\xa4\x01t\xffO\xfdu\
\xfb\x1c\xfaj\xf9r\xf95\xfa\x9b\xfb|\xfd\xa2\xff\xd2\
\x01\xd1\x03`\x05T\x06\x98\x06\x1b\x06\xf1\x04:\x03(\
\x01\xf6\xfe\xdd\xfc\x1f\xfb\xe8\xf9_\xf9\x93\xf9{\xfa\x02\
\xfc\xf6\xfd \x00K\x025\x04\xa3\x05q\x06\x88\x06\xe3\
\x05\x95\x04\xc7\x02\xaa\x00w\xfeo\xfc\xce\xfa\xbb\xf9]\
\xf9\xbd\xf9\xc8\xfal\xfcs\xfe\xa3\x00\xc3\x02\x92\x04\xdf\
\x05\x85\x06o\x06\xa4\x056\x04N\x02&\x00\xfc\xfd\x05\
\xfc\x83\xfa\x9a\xf9b\xf9\xed\xf9 \xfb\xdc\xfc\xf3\xfe#\
\x014\x03\xe9\x04\x13\x06\x8f\x06M\x06\x5c\x05\xce\x03\xd2\
\x01\xa6\xff\x82\xfd\xa3\xfb?\xfa}\xf9u\xf9&\xfa}\
\xfbS\xfds\xff\xa0\x01\xa0\x03<\x05=\x06\x8e\x06#\
\x06\x08\x05^\x03V\x01&\xff\x0c\xfdF\xfb\x06\xfan\
\xf9\x91\xf9l\xfa\xe0\xfb\xcc\xfd\xf7\xff\x1c\x02\x06\x04\x82\
\x05^\x06\x82\x06\xef\x05\xae\x04\xea\x02\xd5\x00\xa5\xfe\x9c\
\xfc\xf2\xfa\xd6\xf9h\xf9\xb6\xf9\xb8\xfaN\xfcH\xfeu\
\x00\x95\x02i\x04\xc0\x05r\x06l\x06\xaf\x05P\x04v\
\x02R\x00)\xfe4\xfc\xa5\xfa\xb2\xf9p\xf9\xe8\xf9\x0b\
\xfb\xbb\xfc\xca\xfe\xf5\x00\x06\x03\xc1\x04\xf2\x05|\x06J\
\x06e\x05\xe7\x03\xf8\x01\xd3\xff\xaf\xfd\xcd\xfbc\xfa\x98\
\xf9\x82\xf9!\xfai\xfb3\xfdJ\xfft\x01r\x03\x13\
\x05\x1f\x06z\x06 \x06\x15\x05x\x03z\x01S\xff;\
\xfdq\xfb+\xfa\x87\xf9\x9b\xf9f\xfa\xcd\xfb\xac\xfd\xcb\
\xff\xed\x01\xda\x03Z\x05@\x06q\x06\xec\x05\xbf\x04\x07\
\x03\xfb\x00\xd4\xfe\xcc\xfc\x1e\xfb\xf9\xf9\x80\xf9\xbf\xf9\xaf\
\xfa6\xfc&\xfeH\x00e\x02<\x04\x96\x05V\x06_\
\x06\xb1\x05a\x04\x92\x02|\x00Y\xfeb\xfc\xd1\xfa\xd0\
\xf9\x81\xf9\xea\xf9\xfd\xfa\xa3\xfc\xa3\xfe\xc6\x00\xd4\x02\x92\
\x04\xd0\x05d\x06A\x06n\x05\xfd\x03\x1a\x02\xfd\xff\xe0\
\xfd\xfe\xfb\x8b\xfa\xb3\xf9\x8d\xf9\x1e\xfaW\xfb\x13\xfd\x1e\
\xffA\x01C\x03\xe6\x04\xfc\x05h\x06\x1d\x06$\x05\x95\
\x03\xa4\x01\x84\xffm\xfd\xa0\xfbO\xfa\xa1\xf9\xa6\xf9\x5c\
\xfa\xb2\xfb\x84\xfd\x9b\xff\xbb\x01\xaa\x03/\x05\x1f\x06d\
\x06\xef\x05\xd2\x04+\x03)\x01\x08\xff\xff\xfcI\xfb\x1a\
\xfa\x94\xf9\xc1\xf9\x9f\xfa\x16\xfc\xf9\xfd\x15\x00/\x02\x0a\
\x04s\x05;\x06U\x06\xbb\x05{\x04\xbc\x02\xad\x00\x8e\
\xfe\x96\xfc\xfd\xfa\xf0\xf9\x8f\xf9\xe9\xf9\xea\xfa}\xfct\
\xfe\x90\x00\x9e\x02e\x04\xac\x05M\x06?\x06~\x05\x1c\
\x04F\x022\x00\x18\xfe2\xfc\xb5\xfa\xce\xf9\x97\xf9\x17\
\xfa>\xfb\xeb\xfc\xed\xfe\x09\x01\x0d\x03\xb9\x04\xda\x05V\
\x06\x1d\x066\x05\xb8\x03\xcf\x01\xb7\xff\xa5\xfd\xd3\xfbu\
\xfa\xb7\xf9\xac\xf9P\xfa\x97\xfb]\xfdi\xff\x83\x01t\
\x03\x04\x05\x03\x06U\x06\xf4\x05\xe9\x04P\x03Z\x01>\
\xff5\xfd}\xfbA\xfa\xa9\xf9\xc7\xf9\x91\xfa\xf5\xfb\xcf\
\xfd\xe4\xff\xf8\x01\xd5\x03H\x05!\x06I\x06\xc1\x05\x96\
\x04\xe4\x02\xe1\x00\xc6\xfe\xca\xfc,\xfb\x13\xfa\xa3\xf9\xe9\
\xf9\xd7\xfa\x5c\xfcD\xfe[\x00l\x022\x04\x83\x056\
\x067\x06\x89\x059\x04q\x02d\x00N\xfed\xfc\xde\
\xfa\xee\xf9\xa6\xf9\x12\xfa)\xfb\xc6\xfc\xc0\xfe\xd9\x00\xd8\
\x02\x8c\x04\xba\x05B\x06\x1d\x06E\x05\xd5\x03\xfb\x01\xe8\
\xff\xd8\xfd\x03\xfc\x9c\xfa\xd0\xf9\xb4\xf9J\xfa\x7f\xfb7\
\xfd<\xffP\x01D\x03\xda\x04\xe3\x05E\x06\xf4\x05\xf8\
\x04o\x03\x84\x01m\xfff\xfd\xa7\xfbd\xfa\xc1\xf9\xcc\
\xf9\x87\xfa\xdc\xfb\xa8\xfd\xb6\xff\xc6\x01\xa6\x03\x1e\x05\x04\
\x06>\x06\xc3\x05\xa9\x04\x06\x03\x0b\x01\xf8\xfe\xfb\xfcW\
\xfb6\xfa\xb6\xf9\xea\xf9\xca\xfa=\xfc\x1b\xfe+\x005\
\x02\x02\x04]\x05\x1d\x06/\x06\x90\x05T\x04\x99\x02\x94\
\x00\x83\xfe\x97\xfc\x0b\xfb\x0c\xfa\xb3\xf9\x10\xfa\x12\xfb\xa1\
\xfc\x8f\xfe\xa1\x00\xa4\x02[\x04\x95\x05/\x06\x18\x06U\
\x05\xf7\x03(\x02\x1b\x00\x0c\xfe5\xfc\xc3\xfa\xe8\xf9\xba\
\xf9?\xfae\xfb\x0c\xfd\x08\xff\x1d\x01\x13\x03\xae\x04\xc7\
\x05:\x06\xf8\x05\x0f\x05\x92\x03\xb0\x01\xa2\xff\x99\xfd\xd3\
\xfb\x83\xfa\xd2\xf9\xce\xf9x\xfa\xc0\xfb\x81\xfd\x87\xff\x95\
\x01|\x03\xfd\x04\xec\x056\x06\xcb\x05\xbd\x04&\x033\
\x01#\xff&\xfd|\xfbQ\xfa\xc3\xf9\xeb\xf9\xbd\xfa%\
\xfc\xfa\xfd\x03\x00\x0b\x02\xdd\x03=\x05\x08\x06(\x06\x94\
\x05b\x04\xb5\x02\xbb\x00\xab\xfe\xbf\xfc.\xfb(\xfa\xc7\
\xf9\x14\xfa\x09\xfb\x8c\xfco\xfe{\x00z\x023\x04r\
\x05\x17\x06\x0c\x06T\x05\x07\x04D\x02@\x00:\xfe`\
\xfc\xeb\xfa\x08\xfa\xce\xf9D\xfa\x5c\xfb\xf6\xfc\xe4\xfe\xef\
\x00\xe1\x02\x82\x04\xa1\x05 \x06\xed\x05\x11\x05\xa5\x03\xd3\
\x01\xd0\xff\xc9\xfd\x02\xfc\xaf\xfa\xf0\xf9\xdd\xf9x\xfa\xaf\
\xfb`\xfdY\xffd\x01G\x03\xcd\x04\xca\x05!\x06\xc8\
\x05\xcb\x04E\x03_\x01T\xff\x5c\xfd\xac\xfbw\xfa\xde\
\xf9\xf4\xf9\xb2\xfa\x08\xfc\xd2\xfd\xd5\xff\xdb\x01\xac\x03\x14\
\x05\xec\x05\x1c\x06\x9b\x05z\x04\xd8\x02\xe6\x00\xdb\xfe\xed\
\xfcW\xfbE\xfa\xd4\xf9\x12\xfa\xf7\xfao\xfcG\xfeM\
\x00M\x02\x0a\x04T\x05\x06\x06\x08\x06_\x05\x1e\x04g\
\x02l\x00c\xfe\x87\xfc\x0c\xfb\x1f\xfa\xd9\xf9?\xfaH\
\xfb\xda\xfc\xbf\xfe\xc7\x00\xba\x02^\x04\x85\x05\x0f\x06\xeb\
\x05\x1e\x05\xbc\x03\xf1\x01\xf3\xff\xf3\xfd+\xfc\xcd\xfa\x06\
\xfa\xe7\xf9s\xfa\x9f\xfbF\xfd5\xff=\x01!\x03\xa9\
\x04\xaf\x05\x12\x06\xc5\x05\xd5\x04\x5c\x03\x7f\x01{\xff\x85\
\xfd\xd2\xfb\x98\xfa\xf2\xf9\xfa\xf9\xaf\xfa\xf7\xfb\xb1\xfd\xad\
\xff\xb0\x01\x82\x03\xf0\x04\xd2\x05\x0d\x06\x9b\x05\x89\x04\xf4\
\x02\x0b\x01\x07\xff\x1b\xfd\x7f\xfbd\xfa\xe8\xf9\x19\xfa\xef\
\xfaW\xfc%\xfe\x22\x00\x22\x02\xe1\x030\x05\xeb\x05\xfd\
\x05e\x050\x04\x86\x02\x93\x00\x8c\xfe\xb2\xfc3\xfb<\
\xfa\xe7\xf9?\xfa:\xfb\xbe\xfc\x9c\xfe\x9c\x00\x90\x027\
\x04e\x05\xfc\x05\xe3\x05%\x05\xd5\x03\x15\x02\x19\x00\x1d\
\xfeU\xfc\xf0\xfa \xfa\xf4\xf9q\xfa\x8f\xfb'\xfd\x0f\
\xff\x11\x01\xf5\x02\x84\x04\x8e\x05\xfe\x05\xc1\x05\xdf\x04s\
\x03\xa3\x01\xa7\xff\xb2\xfd\xfd\xfb\xbc\xfa\x0c\xfa\x05\xfa\xab\
\xfa\xe2\xfb\x91\xfd\x84\xff\x7f\x01R\x03\xc5\x04\xb2\x05\xfb\
\x05\x97\x05\x96\x04\x0f\x032\x017\xffL\xfd\xad\xfb\x8b\
\xfa\x01\xfa!\xfa\xe8\xfa>\xfc\xff\xfd\xf9\xff\xec\x01\xac\
\x03\x05\x05\xcd\x05\xef\x05f\x05E\x04\xa7\x02\xc0\x00\xc5\
\xfe\xe7\xfcc\xfbb\xfa\xfe\xf9C\xfa,\xfb\xa1\xfcp\
\xfeh\x00X\x02\x04\x04=\x05\xdf\x05\xd8\x05,\x05\xef\
\x03=\x02L\x00T\xfe\x88\xfc\x1f\xfbA\xfa\x02\xfap\
\xfax\xfb\x02\xfd\xe0\xfe\xda\x00\xbd\x02Q\x04j\x05\xe9\
\x05\xbe\x05\xf2\x04\x93\x03\xd2\x01\xdf\xff\xea\xfd5\xfc\xe5\
\xfa'\xfa\x10\xfa\x9e\xfa\xc7\xfbg\xfdN\xffE\x01\x1b\
\x03\x98\x04\x91\x05\xed\x05\x9c\x05\xad\x048\x03e\x01n\
\xff\x85\xfd\xe0\xfb\xad\xfa\x14\xfa\x22\xfa\xd3\xfa\x19\xfc\xce\
\xfd\xbd\xff\xb2\x01z\x03\xdc\x04\xb4\x05\xea\x05t\x05g\
\x04\xd5\x02\xf4\x00\xff\xfe\x1c\xfd\x8f\xfb\x7f\xfa\x06\xfa<\
\xfa\x13\xfbw\xfc=\xfe1\x00\x22\x02\xd7\x03\x1c\x05\xd0\
\x05\xdc\x05@\x05\x12\x04l\x02~\x00\x88\xfe\xb7\xfcA\
\xfbS\xfa\x05\xfaa\xfa[\xfb\xda\xfc\xaf\xfe\xaa\x00\x90\
\x02-\x04S\x05\xdf\x05\xc6\x05\x06\x05\xb6\x03\xfc\x01\x08\
\x00\x17\xfeV\xfc\xfd\xfa5\xfa\x0d\xfa\x91\xfa\xac\xfbC\
\xfd&\xff\x1e\x01\xfb\x02\x7f\x04\x80\x05\xe6\x05\xa6\x05\xc4\
\x04T\x03\x88\x01\x93\xff\xa6\xfd\xfb\xfb\xc1\xfa\x1d\xfa \
\xfa\xc5\xfa\x03\xfc\xb1\xfd\x9e\xff\x93\x01]\x03\xc7\x04\xa7\
\x05\xe6\x05|\x05t\x04\xec\x02\x12\x01\x1a\xff8\xfd\xa5\
\xfb\x8e\xfa\x0d\xfa9\xfa\x08\xfbd\xfc%\xfe\x15\x00\x07\
\x02\xbe\x03\x08\x05\xc3\x05\xd9\x05G\x05\x1f\x04\x7f\x02\x98\
\x00\xa4\xfe\xd2\xfcY\xfbf\xfa\x10\xfaa\xfaT\xfb\xcb\
\xfc\x99\xfe\x8e\x00t\x02\x11\x04;\x05\xcf\x05\xbc\x05\x08\
\x05\xc1\x03\x0f\x02\x22\x004\xfew\xfc\x1a\xfbL\xfa\x1e\
\xfa\x94\xfa\xa6\xfb2\xfd\x0d\xff\x00\x01\xd5\x02Z\x04e\
\x05\xd3\x05\x9a\x05\xc3\x04b\x03\xa1\x01\xb4\xff\xcf\xfd$\
\xfc\xe6\xfa:\xfa1\xfa\xcd\xfa\xfb\xfb\x9a\xfd{\xffh\
\x011\x03\x9d\x04\x83\x05\xce\x05q\x05z\x04\x03\x035\
\x01G\xffl\xfd\xd7\xfb\xb8\xfa.\xfaJ\xfa\x08\xfbR\
\xfc\x02\xfe\xea\xff\xd3\x01\x86\x03\xd8\x04\x9e\x05\xc2\x05E\
\x05-\x04\x9d\x02\xc7\x00\xdb\xfe\x0a\xfd\x8d\xfb\x90\xfa*\
\xfak\xfaI\xfb\xac\xfcn\xfeY\x00:\x02\xdb\x03\x0e\
\x05\xb1\x05\xb0\x05\x0f\x05\xda\x037\x02W\x00m\xfe\xae\
\xfcJ\xfbn\xfa,\xfa\x93\xfa\x92\xfb\x0b\xfd\xde\xfe\xc7\
\x00\x9e\x02,\x04>\x05\xbf\x05\x97\x05\xd3\x04\x83\x03\xcc\
\x01\xea\xff\x04\xfeT\xfc\x0d\xfbS\xfa:\xfa\xc0\xfa\xdf\
\xfbr\xfdL\xff9\x01\x00\x03s\x04j\x05\xc4\x05w\
\x05\x90\x04%\x03a\x01v\xff\x9a\xfd\x00\xfc\xd6\xfa?\
\xfaJ\xfa\xf8\xfa5\xfc\xdb\xfd\xbf\xff\xa7\x01`\x03\xb8\
\x04\x89\x05\xbf\x05M\x05B\x04\xbe\x02\xed\x00\x02\xff1\
\xfd\xb0\xfb\xa5\xfa5\xfai\xfa:\xfb\x93\xfcK\xfe3\
\x00\x13\x02\xb9\x03\xf3\x04\x9f\x05\xad\x05\x14\x05\xed\x03U\
\x02y\x00\x92\xfe\xd0\xfcj\xfb\x85\xfa9\xfa\x95\xfa\x85\
\xfb\xf7\xfc\xbf\xfe\xa6\x00{\x02\x08\x04\x22\x05\xac\x05\x91\
\x05\xd7\x04\x94\x03\xe8\x01\x08\x00(\xfey\xfc0\xfbm\
\xfaE\xfa\xc2\xfa\xd5\xfb\x5c\xfd-\xff\x10\x01\xd8\x02N\
\x04I\x05\xad\x05m\x05\x95\x047\x03}\x01\x9e\xff\xc2\
\xfd&\xfc\xfc\xfa[\xfaZ\xfa\xf9\xfa&\xfc\xc3\xfd\x9c\
\xff{\x013\x03\x92\x04k\x05\xa9\x05F\x05L\x04\xd8\
\x02\x13\x01/\xff^\xfd\xd9\xfb\xca\xfaO\xfat\xfa4\
\xfb\x7f\xfc)\xfe\x06\x00\xe5\x01\x8b\x03\xcb\x04\x83\x05\x9c\
\x05\x14\x05\xfe\x03t\x02\xa2\x00\xc0\xfe\x01\xfd\x94\xfb\xa3\
\xfaL\xfa\x97\xfax\xfb\xdc\xfc\x97\xfeu\x00H\x02\xdc\
\x03\xff\x04\x91\x05\x88\x05\xde\x04\xaa\x03\x0c\x024\x00Y\
\xfe\xa8\xfcT\xfb\x87\xfaU\xfa\xc2\xfa\xc0\xfb:\xfd\x01\
\xff\xe2\x00\xa8\x02#\x04*\x05\x98\x05j\x05\xa1\x04P\
\x03\xa5\x01\xca\xff\xf2\xfdS\xfc\x1d\xfbt\xfae\xfa\xf4\
\xfa\x11\xfc\x9f\xfdp\xffN\x01\x08\x03j\x04L\x05\x99\
\x05G\x05\x5c\x04\xf3\x028\x01Y\xff\x8d\xfd\x04\xfc\xed\
\xfad\xfaz\xfa/\xfbi\xfc\x09\xfe\xe2\xff\xb8\x01^\
\x03\xa9\x04k\x05\x8f\x05\x15\x05\x0e\x04\x90\x02\xc6\x00\xed\
\xfe-\xfd\xbb\xfb\xc5\xfaa\xfa\x9e\xfap\xfb\xc7\xfcy\
\xfeM\x00\x1e\x02\xb2\x03\xda\x04z\x05y\x05\xe0\x04\xb9\
\x03'\x02Z\x00\x83\xfe\xd4\xfc~\xfb\xa7\xfaf\xfa\xc9\
\xfa\xbb\xfb$\xfd\xe1\xfe\xb8\x00|\x02\xf9\x03\x04\x05\x81\
\x05]\x05\xa5\x04c\x03\xc2\x01\xf3\xff!\xfe\x83\xfcG\
\xfb\x91\xfav\xfa\xf5\xfa\x04\xfc\x84\xfdI\xff\x1b\x01\xd3\
\x02<\x04'\x05\x81\x05;\x05b\x04\x0c\x03]\x01\x8a\
\xff\xc0\xfd6\xfc\x18\xfb\x81\xfa\x88\xfa+\xfbU\xfc\xe6\
\xfd\xb1\xff\x84\x01*\x03w\x04F\x05|\x05\x14\x05\x1d\
\x04\xae\x02\xf5\x00\x22\xffb\xfd\xee\xfb\xec\xfay\xfa\xa5\
\xfae\xfb\xa8\xfcM\xfe\x1b\x00\xe6\x01|\x03\xaf\x04\x5c\
\x05m\x05\xe5\x04\xd2\x03M\x02\x8b\x00\xbc\xfe\x07\xfd\xaa\
\xfb\xca\xfax\xfa\xc6\xfa\xa8\xfb\x02\xfd\xb2\xfe\x85\x00H\
\x02\xca\x03\xe1\x04k\x05X\x05\xb1\x04\x80\x03\xe9\x01 \
\x00R\xfe\xb2\xfcm\xfb\xa9\xfa}\xfa\xef\xfa\xef\xfbb\
\xfd\x1f\xff\xef\x00\xa8\x02\x15\x04\x0a\x05t\x05>\x05q\
\x04&\x03\x81\x01\xb4\xff\xec\xfd^\xfc6\xfb\x96\xfa\x91\
\xfa#\xfbB\xfc\xc9\xfd\x8d\xffZ\x01\x02\x03W\x04,\
\x05m\x05\x14\x05*\x04\xc7\x02\x15\x01I\xff\x8c\xfd\x14\
\xfc\x0b\xfb\x8f\xfa\xad\xfa`\xfb\x98\xfc-\xfe\xf6\xff\xbd\
\x01Q\x03\x8c\x04@\x05_\x05\xe6\x04\xde\x03i\x02\xae\
\x00\xe5\xfe5\xfd\xd2\xfb\xe8\xfa\x8a\xfa\xca\xfa\x9d\xfb\xeb\
\xfc\x8f\xfeY\x00\x1a\x02\xa1\x03\xc0\x04V\x05Q\x05\xb5\
\x04\x94\x03\x0a\x02F\x00}\xfe\xd9\xfc\x8d\xfb\xc1\xfa\x8b\
\xfa\xef\xfa\xe1\xfbJ\xfd\xfc\xfe\xc8\x00\x81\x02\xef\x03\xec\
\x04]\x053\x05v\x04:\x03\xa1\x01\xdd\xff\x19\xfe\x8a\
\xfc_\xfb\xb2\xfa\x9d\xfa \xfb,\xfc\xa5\xfd^\xff'\
\x01\xd2\x02+\x04\x0d\x05_\x05\x18\x05?\x04\xeb\x02E\
\x01|\xff\xbf\xfd=\xfc)\xfb\xa0\xfa\xab\xfaM\xfbu\
\xfc\x03\xfe\xc8\xff\x8e\x01*\x03l\x04/\x05]\x05\xf3\
\x04\xf9\x03\x8c\x02\xda\x00\x10\xff^\xfd\xf4\xfb\x00\xfb\x97\
\xfa\xc8\xfa\x8e\xfb\xd0\xfcm\xfe1\x00\xf1\x01|\x03\xa1\
\x04>\x05I\x05\xbb\x04\xa5\x03'\x02j\x00\xa7\xfe\x04\
\xfd\xb4\xfb\xe0\xfa\x9c\xfa\xf2\xfa\xd5\xfb0\xfd\xd9\xfe\x9d\
\x00S\x02\xc7\x03\xc9\x04H\x05,\x05}\x04P\x03\xbf\
\x01\x02\x00B\xfe\xb1\xfc{\xfb\xc7\xfa\xa7\xfa\x1e\xfb!\
\xfc\x8c\xfd?\xff\x04\x01\xb0\x02\x0e\x04\xf3\x04Q\x05\x13\
\x05D\x04\xfa\x02\x5c\x01\x97\xff\xde\xfd_\xfcC\xfb\xb3\
\xfa\xb7\xfaR\xfbn\xfc\xf1\xfd\xae\xffn\x01\x09\x03M\
\x04\x15\x05M\x05\xee\x04\xff\x03\x9e\x02\xf3\x00/\xff\x81\
\xfd\x16\xfc\x19\xfb\xab\xfa\xd2\xfa\x8a\xfb\xc2\xfcS\xfe\x12\
\x00\xce\x01Y\x03\x84\x04+\x05?\x05\xbe\x04\xb7\x03A\
\x02\x8d\x00\xcb\xfe'\xfd\xd4\xfb\xf8\xfa\xa7\xfa\xf1\xfa\xc9\
\xfb\x17\xfd\xba\xfey\x00/\x02\xa5\x03\xb1\x04:\x05*\
\x05\x88\x04c\x03\xe0\x01#\x00e\xfe\xd4\xfc\x99\xfb\xdc\
\xfa\xae\xfa\x1d\xfb\x12\xfcv\xfd$\xff\xe6\x00\x8f\x02\xef\
\x03\xe0\x04A\x05\x0f\x05L\x04\x0a\x03u\x01\xb7\xff\xff\
\xfd~\xfcb\xfb\xc9\xfa\xc2\xfaP\xfba\xfc\xda\xfd\x8e\
\xffJ\x01\xe1\x02*\x04\xfa\x04>\x05\xec\x04\x0a\x04\xb7\
\x02\x15\x01V\xff\xa4\xfd5\xfc0\xfb\xb4\xfa\xce\xfa}\
\xfb\xa9\xfc5\xfe\xf7\xff\xb1\x01B\x03r\x04#\x05>\
\x05\xc3\x04\xc4\x03S\x02\xa6\x00\xe4\xfe@\xfd\xe8\xfb\x07\
\xfb\xb4\xfa\xf4\xfa\xc0\xfb\x07\xfd\xa0\xfeZ\x00\x0e\x02\x88\
\x03\x99\x04'\x05$\x05\x8c\x04v\x03\xf9\x01H\x00\x8f\
\xfe\xfa\xfc\xbc\xfb\xf5\xfa\xbb\xfa\x18\xfb\xfd\xfbR\xfd\xf8\
\xfe\xb3\x00^\x02\xc5\x03\xc1\x046\x05\x12\x05a\x042\
\x03\xa4\x01\xec\xff3\xfe\xa8\xfc\x82\xfb\xd7\xfa\xbf\xfa;\
\xfbA\xfc\xb2\xfd^\xff\x1c\x01\xbc\x02\x0d\x04\xe7\x048\
\x05\xf0\x04\x1f\x04\xd0\x026\x01z\xff\xca\xfdZ\xfcO\
\xfb\xcd\xfa\xdc\xfa\x7f\xfb\x9e\xfc\x1e\xfe\xd2\xff\x8f\x01\x1d\
\x03S\x04\x04\x05\x16\x05\x88\x04c\x03\xca\x01\xf0\xff\x18\
\xfez\xfcX\xfb\xd8\xfa\x18\xfb\x0b\xfc\x96\xfd\x83\xff\x81\
\x01J\x03\x90\x04\x19\x05\xcb\x04\xaf\x03\xf0\x01\xda\xff\xc1\
\xfd\x07\xfc\x01\xfb\xe2\xfa\xb3\xfbU\xfd\x7f\xff\xc0\x01\xb0\
\x03\xe9\x04\x1e\x05F\x04\x89\x02:\x00\xdc\xfd\xed\xfb\xde\
\xfa\xf1\xfa)\xfcA\xfe\xc1\x00\x19\x03\xb2\x04,\x05]\
\x04\x7f\x02\xff\xff~\xfd\x9f\xfb\xcd\xfaF\xfb\xe3\xfcD\
\xff\xcc\x01\xe3\x03\x04\x05\xe1\x04\x8a\x03R\x01\xc9\xfe\x86\
\xfc\x1f\xfb\xe9\xfa\xf4\xfb\xfe\xfd\x7f\x00\xe3\x02\x8f\x04\x17\
\x05\x5c\x04\x8c\x02\x1a\x00\xa2\xfd\xba\xfb\xdb\xfaB\xfb\xd0\
\xfc)\xff\xb0\x01\xcd\x03\xf8\x04\xea\x04\xa2\x03r\x01\xec\
\xfe\x9f\xfc,\xfb\xe2\xfa\xdb\xfb\xda\xfdW\x00\xc2\x02{\
\x04\x1a\x05s\x04\xb2\x02D\x00\xc7\xfd\xd2\xfb\xe0\xfa5\
\xfb\xb2\xfc\xff\xfe\x88\x01\xb1\x03\xed\x04\xf0\x04\xba\x03\x97\
\x01\x13\xff\xc4\xfc?\xfb\xe4\xfa\xcc\xfb\xb9\xfd4\x00\xa3\
\x02g\x04\x14\x05\x7f\x04\xcc\x02d\x00\xe7\xfd\xea\xfb\xef\
\xfa1\xfb\xa2\xfc\xe5\xfeg\x01\x94\x03\xd8\x04\xeb\x04\xc5\
\x03\xb0\x01/\xff\xe2\xfcX\xfb\xed\xfa\xc5\xfb\xa4\xfd\x16\
\x00\x82\x02M\x04\x03\x05\x7f\x04\xdc\x02\x83\x00\x0c\xfe\x09\
\xfc\x02\xfb2\xfb\x92\xfc\xc5\xfeB\x01r\x03\xc4\x04\xec\
\x04\xd6\x03\xce\x01U\xff\x05\xfdl\xfb\xf3\xfa\xb7\xfb\x87\
\xfd\xf3\xff[\x021\x04\xfc\x04\x8b\x04\xfa\x02\xa7\x00/\
\xfe%\xfc\x0b\xfb)\xfby\xfc\xa2\xfe\x1f\x01W\x03\xba\
\x04\xef\x04\xeb\x03\xf1\x01z\xff \xfdz\xfb\xf1\xfa\xa4\
\xfbk\xfd\xd3\xff>\x02!\x04\xf9\x04\x97\x04\x13\x03\xc6\
\x00N\xfe:\xfc\x14\xfb\x22\xfbd\xfc\x86\xfe\xff\x00>\
\x03\xa8\x04\xed\x04\xf9\x03\x08\x02\x9a\xff?\xfd\x92\xfb\xfc\
\xfa\xa1\xfbV\xfd\xb1\xff\x1b\x02\xff\x03\xe8\x04\x97\x04$\
\x03\xeb\x00x\xfe_\xfc,\xfb$\xfbO\xfca\xfe\xd3\
\x00\x14\x03\x90\x04\xec\x04\x0f\x04/\x02\xc5\xfff\xfd\xa9\
\xfb\xfd\xfa\x89\xfb1\xfd\x8b\xff\xf9\x01\xec\x03\xe6\x04\xa9\
\x04A\x03\x0c\x01\x97\xfes\xfc1\xfb\x1a\xfb:\xfcE\
\xfe\xb7\x00\xfd\x02\x84\x04\xee\x04\x19\x04E\x02\xe2\xff\x82\
\xfd\xbf\xfb\x05\xfb\x85\xfb\x1e\xfdl\xff\xd7\x01\xcd\x03\xd6\
\x04\xac\x04U\x03+\x01\xbc\xfe\x96\xfcE\xfb\x1c\xfb(\
\xfc\x22\xfe\x8f\x00\xd8\x02l\x04\xe9\x04+\x04g\x02\x09\
\x00\xa9\xfd\xd9\xfb\x0a\xfbv\xfb\xfa\xfc=\xff\xab\x01\xb2\
\x03\xce\x04\xb7\x04u\x03V\x01\xe7\xfe\xb5\xfcT\xfb\x16\
\xfb\x0d\xfc\xfd\xfdd\x00\xb5\x02\x5c\x04\xeb\x04B\x04\x8c\
\x020\x00\xca\xfd\xed\xfb\x0e\xfbe\xfb\xdd\xfc\x19\xff\x89\
\x01\x9a\x03\xc3\x04\xbf\x04\x8f\x03y\x01\x0a\xff\xd2\xfca\
\xfb\x13\xfb\xfb\xfb\xdd\xfdB\x00\x98\x02G\x04\xe5\x04M\
\x04\xa5\x02U\x00\xf0\xfd\x08\xfc\x19\xfb`\xfb\xc9\xfc\xf8\
\xfee\x01|\x03\xb2\x04\xbf\x04\x9f\x03\x99\x010\xff\xf6\
\xfcz\xfb\x17\xfb\xeb\xfb\xbd\xfd\x19\x00o\x02*\x04\xdb\
\x04W\x04\xc1\x02{\x00\x1a\xfe*\xfc+\xfbX\xfb\xac\
\xfc\xd2\xfe8\x01W\x03\xa1\x04\xc4\x04\xb6\x03\xbd\x01[\
\xff\x18\xfd\x8e\xfb\x18\xfb\xd6\xfb\x9b\xfd\xf0\xffI\x02\x14\
\x04\xda\x04k\x04\xe5\x02\xa4\x00<\xfe?\xfc,\xfbK\
\xfb\x8f\xfc\xac\xfe\x16\x01@\x03\x9c\x04\xcf\x04\xd3\x03\xe5\
\x01|\xff1\xfd\x95\xfb\x0d\xfb\xbf\xfbx\xfd\xd1\xff3\
\x02\x07\x04\xdf\x04\x80\x04\x02\x03\xc5\x00Y\xfeP\xfc-\
\xfb;\xfbt\xfc\x8a\xfe\xf9\x00-\x03\x91\x04\xd6\x04\xe8\
\x03\xff\x01\x9d\xffM\xfd\xa6\xfb\x12\xfb\xb1\xfbb\xfd\xb5\
\xff\x15\x02\xf3\x03\xd5\x04\x84\x04\x16\x03\xe3\x00w\xfel\
\xfc?\xfb=\xfbh\xfcq\xfe\xdb\x00\x0d\x03|\x04\xcd\
\x04\xee\x03\x17\x02\xbc\xffo\xfd\xbf\xfb\x1f\xfb\xad\xfbK\
\xfd\x95\xff\xef\x01\xd4\x03\xc2\x04\x85\x04(\x03\xfe\x00\x9d\
\xfe\x8b\xfcS\xfb?\xfbV\xfcR\xfe\xb1\x00\xe8\x02d\
\x04\xc8\x04\xfd\x035\x02\xe4\xff\x94\xfd\xdc\xfb)\xfb\xa3\
\xfb0\xfdo\xff\xca\x01\xb4\x03\xb5\x04\x8b\x04A\x03$\
\x01\xc3\xfe\xac\xfcc\xfb>\xfbD\xfc2\xfe\x8d\x00\xca\
\x02Q\x04\xc6\x04\x0e\x04Q\x02\x02\x00\xb0\xfd\xf0\xfb-\
\xfb\x96\xfb\x18\xfdN\xff\xab\x01\xa0\x03\xae\x04\x93\x04T\
\x03?\x01\xdf\xfe\xc0\xfcl\xfb;\xfb1\xfc\x17\xfeq\
\x00\xae\x02D\x04\xc6\x04\x1d\x04j\x02\x1e\x00\xce\xfd\x01\
\xfc2\xfb\x8e\xfb\x00\xfd0\xff\x8c\x01\x88\x03\xa3\x04\x97\
\x04h\x03a\x01\x02\xff\xde\xfc\x80\xfb=\xfb%\xfc\xfa\
\xfdN\x00\x8d\x02)\x04\xbf\x04&\x04\x84\x02B\x00\xf4\
\xfd \xfc?\xfb\x8a\xfb\xea\xfc\x0c\xfff\x01g\x03\x8e\
\x04\x95\x04y\x03\x80\x01*\xff\x03\xfd\x97\xfbB\xfb\x14\
\xfc\xdd\xfd)\x00i\x02\x11\x04\xb6\x04/\x04\x9e\x02h\
\x00\x1a\xfe<\xfcN\xfb\x84\xfb\xd3\xfc\xec\xfeA\x01K\
\x03\x82\x04\x99\x04\x8d\x03\x9e\x01K\xff!\xfd\xa8\xfbB\
\xfb\x04\xfc\xc1\xfd\x07\x00J\x02\xfd\x03\xb1\x04;\x04\xb8\
\x02\x86\x005\xfeS\xfcW\xfb{\xfb\xbf\xfc\xd0\xfe$\
\x013\x03v\x04\x99\x04\x9a\x03\xba\x01j\xff<\xfd\xb9\
\xfbE\xfb\xfb\xfb\xa9\xfd\xec\xff.\x02\xe6\x03\xa7\x04?\
\x04\xca\x02\xa3\x00U\xfel\xfce\xfb}\xfb\xb0\xfc\xb1\
\xfe\x01\x01\x11\x03\x5c\x04\x95\x04\xa7\x03\xd0\x01\x8d\xff`\
\xfd\xd6\xfbT\xfb\xf4\xfb\x92\xfd\xc8\xff\x03\x02\xc4\x03\x94\
\x04?\x04\xde\x02\xc7\x00\x80\xfe\x91\xfc}\xfb\x82\xfb\xa1\
\xfc\x91\xfe\xd7\x00\xe8\x02A\x04\x8d\x04\xb3\x03\xf3\x01\xb7\
\xff\x89\xfd\xf6\xfb]\xfb\xe9\xfbv\xfd\x9f\xff\xdc\x01\xa4\
\x03\x85\x04I\x04\xfa\x02\xee\x00\xa8\xfe\xb0\xfc\x8b\xfby\
\xfb\x86\xfcj\xfe\xaf\x00\xcc\x022\x04\x91\x04\xcc\x03\x16\
\x02\xdf\xff\xa8\xfd\x02\xfcZ\xfb\xd1\xfbR\xfd{\xff\xbd\
\x01\x96\x03\x88\x04]\x04\x1c\x03\x12\x01\xc9\xfe\xc3\xfc\x8b\
\xfbk\xfbk\xfcK\xfe\x90\x00\xb6\x020\x04\x9e\x04\xe5\
\x034\x02\xfa\xff\xbf\xfd\x0c\xfcT\xfb\xc2\xfb:\xfd`\
\xff\xa5\x01\x88\x03\x8a\x04f\x04-\x03+\x01\xdc\xfe\xd3\
\xfc\x90\xfbd\xfb]\xfc5\xfez\x00\xa3\x02%\x04\x9c\
\x04\xed\x03F\x02\x0e\x00\xd4\xfd\x1d\xfc\x5c\xfb\xbe\xfb(\
\xfdI\xff\x90\x01t\x03{\x04h\x04<\x03A\x01\xf8\
\xfe\xed\xfc\xa6\xfbk\xfbP\xfc\x1d\xfe]\x00\x84\x02\x09\
\x04\x8e\x04\xf2\x03]\x02/\x00\xf5\xfd:\xfck\xfb\xbb\
\xfb\x16\xfd'\xffg\x01P\x03e\x04d\x04M\x03c\
\x01#\xff\x16\xfd\xbf\xfbr\xfbD\xfc\xfe\xfd3\x00Y\
\x02\xec\x03\x82\x04\xfc\x03{\x02W\x00#\xfe_\xfc}\
\xfb\xb7\xfb\xfe\xfc\x00\xff;\x01.\x03Q\x04e\x04`\
\x03\x84\x01L\xff9\xfd\xd5\xfbt\xfb6\xfc\xdf\xfd\x0c\
\x008\x02\xd2\x03|\x04\x08\x04\x95\x02{\x00D\xfev\
\xfc\x85\xfb\xae\xfb\xe5\xfc\xe0\xfe\x1b\x01\x13\x03F\x04i\
\x04t\x03\xa4\x01p\xffV\xfd\xe5\xfby\xfb$\xfc\xc3\
\xfd\xef\xff\x19\x02\xc0\x03y\x04\x15\x04\xae\x02\x9b\x00g\
\xfe\x8e\xfc\x8f\xfb\xaa\xfb\xd0\xfc\xc0\xfe\xf8\x00\xf4\x027\
\x04k\x04\x84\x03\xc0\x01\x8e\xffu\xfd\xfb\xfb|\xfb\x18\
\xfc\xa8\xfd\xcc\xff\xf6\x01\xa7\x03n\x04\x1d\x04\xc6\x02\xbb\
\x00\x87\xfe\xa9\xfc\x9f\xfb\xa5\xfb\xbc\xfc\x9f\xfe\xd4\x00\xd8\
\x02%\x04j\x04\x95\x03\xe0\x01\xb3\xff\x95\xfd\x0f\xfc\x80\
\xfb\x0b\xfc\x8e\xfd\xaa\xff\xd5\x01\x90\x03g\x04(\x04\xe0\
\x02\xdd\x00\xab\xfe\xc4\xfc\xa8\xfb\x9e\xfb\xa5\xfc\x82\xfe\xb4\
\x00\xbe\x02\x17\x04k\x04\xa9\x03\xfe\x01\xd4\xff\xb2\xfd \
\xfc~\xfb\xfb\xfbr\xfd\x87\xff\xb7\x01}\x03d\x042\
\x04\xf7\x02\xfe\x00\xc9\xfe\xdb\xfc\xb1\xfb\x94\xfb\x90\xfcb\
\xfe\x92\x00\xa4\x02\x09\x04p\x04\xbc\x03\x1a\x02\xf5\xff\xce\
\xfd2\xfc\x82\xfb\xeb\xfbW\xfdh\xff\x9a\x01f\x03[\
\x04=\x04\x0f\x03\x1e\x01\xea\xfe\xf5\xfc\xbc\xfb\x91\xfb|\
\xfcC\xfet\x00\x87\x02\xf8\x03o\x04\xcc\x035\x02\x12\
\x00\xed\xfdD\xfc\x86\xfb\xe0\xfb<\xfdH\xffx\x01P\
\x03S\x04B\x04&\x03=\x01\x0a\xff\x0e\xfd\xcd\xfb\x90\
\xfbk\xfc(\xfeQ\x00i\x02\xe5\x03k\x04\xd7\x03N\
\x024\x00\x0a\xfe[\xfc\x8f\xfb\xdb\xfb+\xfd+\xff[\
\x015\x03C\x04C\x041\x03V\x01'\xff&\xfd\xdd\
\xfb\x95\xfbb\xfc\x12\xfe7\x00O\x02\xd1\x03d\x04\xdb\
\x03^\x02L\x00%\xfeq\xfc\x9c\xfb\xda\xfb\x1b\xfd\x15\
\xffA\x01\x1d\x035\x04B\x04=\x03j\x01C\xffC\
\xfd\xf0\xfb\x9b\xfbZ\xfc\xff\xfd\x1a\x001\x02\xbc\x03W\
\x04\xe0\x03p\x02g\x00D\xfe\x8b\xfc\xaa\xfb\xda\xfb\x0c\
\xfd\xf7\xfe\x1e\x01\x01\x03\x22\x04<\x04J\x03\x84\x01c\
\xffc\xfd\x06\xfc\xa1\xfbO\xfc\xe6\xfd\xfb\xff\x0f\x02\xa1\
\x03M\x04\xe7\x03\x88\x02\x88\x00f\xfe\xa8\xfc\xb8\xfb\xd3\
\xfb\xf9\xfc\xda\xfe\xfc\x00\xe5\x02\x13\x04=\x04]\x03\xa7\
\x01\x87\xff\x84\xfd\x1a\xfc\xa3\xfb@\xfc\xc7\xfd\xd9\xff\xf2\
\x01\x8e\x03H\x04\xf4\x03\xa5\x02\xac\x00\x8b\xfe\xbf\xfc\xbe\
\xfb\xc9\xfb\xde\xfc\xb5\xfe\xd9\x00\xca\x02\x04\x04E\x04v\
\x03\xc6\x01\xab\xff\xa0\xfd)\xfc\xa0\xfb+\xfc\xa7\xfd\xb4\
\xff\xd2\x01y\x03H\x04\x04\x04\xc1\x02\xd1\x00\xad\xfe\xd7\
\xfc\xc5\xfb\xc0\xfb\xc4\xfc\x93\xfe\xb7\x00\xac\x02\xfb\x03J\
\x04\x87\x03\xe4\x01\xcc\xff\xbe\xfd:\xfc\xa3\xfb\x1d\xfc\x8c\
\xfd\x95\xff\xb3\x01e\x03A\x04\x0e\x04\xd8\x02\xec\x00\xca\
\xfe\xee\xfc\xd2\xfb\xbe\xfb\xb3\xfcw\xfe\x97\x00\x93\x02\xea\
\x03F\x04\x93\x03\xfe\x01\xec\xff\xda\xfdN\xfc\xab\xfb\x18\
\xfcy\xfdw\xff\x93\x01K\x031\x04\x0d\x04\xe8\x02\x09\
\x01\xe9\xfe\x0d\xfd\xe8\xfb\xc4\xfb\xaa\xfc^\xfex\x00s\
\x02\xd0\x03:\x04\x98\x03\x12\x02\x07\x00\xfc\xfdl\xfc\xbb\
\xfb\x18\xfcg\xfdZ\xffr\x01-\x03\x1e\x04\x07\x04\xf5\
\x02%\x01\x0b\xff.\xfd\xfd\xfb\xcc\xfb\xa1\xfcE\xfeW\
\x00R\x02\xb6\x030\x04\xa0\x03*\x02(\x00\x1e\xfe\x86\
\xfc\xc6\xfb\x15\xfcS\xfd:\xffO\x01\x0e\x03\x0f\x04\x0b\
\x04\x06\x03B\x01-\xffJ\xfd\x10\xfc\xcb\xfb\x90\xfc,\
\xfe7\x003\x02\xa3\x03-\x04\xae\x03C\x02I\x00<\
\xfe\x9b\xfc\xcf\xfb\x0a\xfc?\xfd \xff2\x01\xfa\x02\x05\
\x04\x10\x04\x18\x03\x5c\x01M\xffd\xfd\x1e\xfc\xcb\xfb\x81\
\xfc\x14\xfe\x1b\x00\x1a\x02\x92\x03(\x04\xb5\x03U\x02a\
\x00W\xfe\xb1\xfc\xd8\xfb\x06\xfc,\xfd\x05\xff\x17\x01\xe1\
\x02\xf5\x03\x0d\x04#\x03r\x01g\xff|\xfd.\xfc\xd2\
\xfb{\xfc\x01\xfe\x00\x00\xfd\x01}\x03\x1f\x04\xbb\x03g\
\x02|\x00t\xfe\xc8\xfc\xe6\xfb\x02\xfc\x1b\xfd\xea\xfe\xf8\
\x00\xc8\x02\xe5\x03\x0d\x043\x03\x8f\x01\x88\xff\x99\xfdA\
\xfc\xd5\xfbk\xfc\xe4\xfd\xe1\xff\xdf\x01i\x03\x1a\x04\xc5\
\x03\x83\x02\x9e\x00\x95\xfe\xe0\xfc\xee\xfb\xfb\xfb\x05\xfd\xcb\
\xfe\xd6\x00\xaf\x02\xdd\x03\x13\x04H\x03\xae\x01\xa8\xff\xb3\
\xfdP\xfc\xd3\xfbZ\xfc\xc8\xfd\xc1\xff\xc5\x01Y\x03\x18\
\x04\xd1\x03\x99\x02\xbb\x00\xae\xfe\xf1\xfc\xf2\xfb\xf1\xfb\xef\
\xfc\xad\xfe\xbc\x00\x9b\x02\xd0\x03\x18\x04Y\x03\xc3\x01\xc1\
\xff\xcb\xfd]\xfc\xd3\xfbR\xfc\xb4\xfd\xa7\xff\xab\x01F\
\x03\x13\x04\xd9\x03\xaa\x02\xd4\x00\xca\xfe\x08\xfd\xfe\xfb\xf2\
\xfb\xe4\xfc\x98\xfe\xa0\x00~\x02\xc0\x03\x14\x04d\x03\xdc\
\x01\xdf\xff\xe7\xfdt\xfc\xdd\xfbH\xfc\xa0\xfd\x8a\xff\x89\
\x01+\x03\x04\x04\xdb\x03\xbd\x02\xf3\x00\xec\xfe%\xfd\x10\
\xfc\xf4\xfb\xd3\xfcz\xfe|\x00_\x02\xae\x03\x10\x04q\
\x03\xf8\x01\xfe\xff\x07\xfe\x8a\xfc\xe4\xfb=\xfc\x84\xfdf\
\xffk\x01\x17\x03\xfb\x03\xe7\x03\xd6\x02\x12\x01\x0e\xff>\
\xfd\x1d\xfc\xeb\xfb\xbd\xfc[\xfe[\x00F\x02\x9f\x03\x13\
\x04\x83\x03\x12\x02\x1e\x00\x22\xfe\x98\xfc\xe5\xfb1\xfcm\
\xfdM\xffN\x01\x02\x03\xf5\x03\xec\x03\xeb\x02,\x01&\
\xffP\xfd$\xfc\xeb\xfb\xb1\xfcE\xfeA\x00/\x02\x90\
\x03\x10\x04\x8d\x03%\x024\x008\xfe\xad\xfc\xed\xfb-\
\xfc`\xfd3\xff4\x01\xeb\x02\xe7\x03\xea\x03\xf5\x02A\
\x01@\xffk\xfd9\xfc\xf1\xfb\xa8\xfc1\xfe&\x00\x15\
\x02}\x03\x03\x04\x8e\x034\x02P\x00X\xfe\xc2\xfc\xf9\
\xfb,\xfcO\xfd\x19\xff\x18\x01\xd3\x02\xd9\x03\xea\x03\x03\
\x03]\x01_\xff\x87\xfdI\xfc\xf4\xfb\x9c\xfc\x18\xfe\x0a\
\x00\xf5\x01g\x03\x01\x04\x99\x03N\x02m\x00t\xfe\xd8\
\xfc\x02\xfc%\xfc:\xfd\xfc\xfe\xf9\x00\xbc\x02\xcc\x03\xef\
\x03\x15\x03v\x01\x80\xff\xa2\xfdW\xfc\xf3\xfb\x8e\xfc\x00\
\xfe\xed\xff\xdb\x01S\x03\xfa\x03\xa0\x03a\x02\x8b\x00\x92\
\xfe\xef\xfc\x0d\xfc$\xfc,\xfd\xe4\xfe\xdc\x00\xa1\x02\xbf\
\x03\xeb\x03\x1d\x03\x8c\x01\x99\xff\xbd\xfdn\xfc\xfc\xfb\x88\
\xfc\xee\xfd\xd3\xff\xc0\x01<\x03\xee\x03\xa3\x03o\x02\xa4\
\x00\xb0\xfe\x0a\xfd\x1f\xfc&\xfc\x1d\xfd\xcb\xfe\xbf\x00\x83\
\x02\xa9\x03\xe3\x03(\x03\xa3\x01\xb8\xff\xdb\xfd\x80\xfc\x06\
\xfc\x83\xfc\xda\xfd\xb6\xff\x9e\x01$\x03\xe3\x03\xa9\x03\x82\
\x02\xbf\x00\xce\xfe\x22\xfd,\xfc$\xfc\x0d\xfd\xb1\xfe\xa1\
\x00l\x02\x9d\x03\xe6\x037\x03\xbc\x01\xd3\xff\xf3\xfd\x90\
\xfc\x06\xfct\xfc\xc1\xfd\x9b\xff\x86\x01\x15\x03\xdd\x03\xb1\
\x03\x99\x02\xda\x00\xe9\xfe4\xfd1\xfc\x1d\xfc\xfc\xfc\x98\
\xfe\x85\x00U\x02\x8e\x03\xe4\x03C\x03\xd0\x01\xef\xff\x0b\
\xfe\xa1\xfc\x0d\xfcn\xfc\xb1\xfd\x83\xffn\x01\xfe\x02\xd1\
\x03\xb1\x03\xa4\x02\xf0\x00\x02\xffO\xfdD\xfc!\xfc\xf5\
\xfc\x86\xfel\x009\x02y\x03\xda\x03H\x03\xe4\x01\x05\
\x00(\xfe\xbc\xfc\x1b\xfco\xfc\xa2\xfdi\xffN\x01\xe3\
\x02\xc3\x03\xb0\x03\xb3\x02\x0c\x01#\xffl\xfdU\xfc&\
\xfc\xe7\xfch\xfeL\x00\x19\x02c\x03\xd5\x03R\x03\xff\
\x01)\x00H\xfe\xd3\xfc\x22\xfcd\xfc\x88\xfdG\xff,\
\x01\xca\x02\xb9\x03\xb7\x03\xcb\x02,\x01D\xff\x87\xfda\
\xfc!\xfc\xd3\xfcI\xfe*\x00\x01\x02X\x03\xd8\x03f\
\x03\x19\x02I\x00h\xfe\xe2\xfc#\xfcW\xfcn\xfd(\
\xff\x12\x01\xb7\x02\xb0\x03\xc1\x03\xdf\x02H\x01b\xff\x9c\
\xfdl\xfc\x1d\xfc\xc4\xfc1\xfe\x0e\x00\xe9\x01G\x03\xd4\
\x03o\x03-\x02b\x00\x80\xfe\xf7\xfc-\xfcP\xfc\x5c\
\xfd\x10\xff\xf5\x00\xa0\x02\xa3\x03\xbf\x03\xed\x02^\x01}\
\xff\xb8\xfd\x80\xfc$\xfc\xba\xfc\x1f\xfe\xf7\xff\xcc\x012\
\x03\xcd\x03u\x03@\x02~\x00\x9d\xfe\x0d\xfd8\xfcN\
\xfcL\xfd\xf3\xfe\xd6\x00\x86\x02\x92\x03\xbf\x03\xfb\x02x\
\x01\x9a\xff\xcf\xfd\x90\xfc&\xfc\xac\xfc\x05\xfe\xd7\xff\xb1\
\x01\x1f\x03\xc7\x03~\x03U\x02\x9a\x00\xb9\xfe\x22\xfdA\
\xfcI\xfc;\xfd\xda\xfe\xbf\x00s\x02\x8c\x03\xc3\x03\x07\
\x03\x8e\x01\xb5\xff\xe6\xfd\x9b\xfc'\xfc\xa4\xfc\xf4\xfd\xc1\
\xff\x9c\x01\x11\x03\xbf\x03\x82\x03e\x02\xaf\x00\xce\xfe4\
\xfdK\xfcH\xfc1\xfd\xc6\xfe\xa4\x00[\x02{\x03\xbc\
\x03\x0d\x03\x9f\x01\xcc\xff\x00\xfe\xb0\xfc4\xfc\xa3\xfc\xe2\
\xfd\xa8\xff\x7f\x01\xf6\x02\xaf\x03\x81\x03r\x02\xc6\x00\xee\
\xfeT\xfda\xfcP\xfc%\xfd\xae\xfe\x84\x00;\x02d\
\x03\xb4\x03\x16\x03\xb8\x01\xee\xff$\xfe\xcd\xfc?\xfc\x9d\
\xfc\xcd\xfd\x85\xffW\x01\xd8\x02\xa3\x03\x83\x03\x87\x02\xe9\
\x00\x13\xffr\xfdp\xfcO\xfc\x13\xfd\x8f\xfea\x00\x1b\
\x02R\x03\xb3\x03(\x03\xd2\x01\x0b\x00C\xfe\xdf\xfcB\
\xfc\x8f\xfc\xb3\xfdg\xff;\x01\xc5\x02\x9c\x03\x8d\x03\x9a\
\x02\x01\x01-\xff\x84\xfdx\xfcI\xfc\x03\xfdw\xfeJ\
\x00\x08\x02E\x03\xb3\x031\x03\xe7\x01\x22\x00S\xfe\xee\
\xfcF\xfc\x88\xfc\xa7\xfdV\xff'\x01\xb2\x02\x93\x03\x8e\
\x03\xa5\x02\x16\x01A\xff\x98\xfd\x86\xfcM\xfc\xfc\xfch\
\xfe4\x00\xf1\x013\x03\xa7\x034\x03\xf5\x017\x00o\
\xfe\x04\xfdT\xfc\x8a\xfc\x99\xfd<\xff\x0a\x01\x9b\x02\x81\
\x03\x89\x03\xb1\x02,\x01`\xff\xb7\xfd\x9c\xfcU\xfc\xf4\
\xfcP\xfe\x16\x00\xd3\x01\x1b\x03\x9f\x03<\x03\x0a\x02X\
\x00\x8e\xfe\x1c\xfdb\xfc\x86\xfc\x86\xfd \xff\xea\x00\x81\
\x02u\x03\x8b\x03\xc1\x02H\x01~\xff\xcf\xfd\xa9\xfcU\
\xfc\xe7\xfc9\xfe\xfa\xff\xba\x01\x0b\x03\x9c\x03G\x03\x1f\
\x02n\x00\xa7\xfe/\xfde\xfc\x80\xfcv\xfd\x08\xff\xd3\
\x00m\x02i\x03\x8c\x03\xcf\x02\x5c\x01\x95\xff\xe4\xfd\xb8\
\xfcZ\xfc\xde\xfc)\xfe\xe5\xff\xa0\x01\xf8\x02\x91\x03H\
\x03.\x02\x88\x00\xc1\xfeE\xfdu\xfc\x81\xfcj\xfd\xf1\
\xfe\xb6\x00Q\x02W\x03\x88\x03\xd8\x02u\x01\xb4\xff\x06\
\xfe\xd1\xfcc\xfc\xd7\xfc\x0e\xfe\xc3\xff\x80\x01\xdd\x02\x86\
\x03R\x03F\x02\xa9\x00\xe7\xfeb\xfd\x82\xfcz\xfcP\
\xfd\xcc\xfe\x90\x004\x02I\x03\x90\x03\xf1\x02\x98\x01\xda\
\xff\x22\xfe\xdd\xfc[\xfc\xbf\xfc\xeb\xfd\x9c\xffb\x01\xcf\
\x02\x8c\x03g\x03i\x02\xce\x00\x03\xffr\xfd\x7f\xfci\
\xfc3\xfd\xae\xfex\x00&\x02I\x03\x9a\x03\x08\x03\xb1\
\x01\xf1\xff2\xfe\xe1\xfcW\xfc\xb0\xfc\xdd\xfd\x8e\xffT\
\x01\xca\x02\x8d\x03m\x03q\x02\xd9\x00\x0e\xffy\xfd\x84\
\xfck\xfc1\xfd\xa7\xfem\x00\x18\x02>\x03\x91\x03\x01\
\x03\xb2\x01\xf7\xff>\xfe\xf1\xfce\xfc\xba\xfc\xde\xfd\x83\
\xffA\x01\xb4\x02u\x03_\x03n\x02\xe2\x00$\xff\x96\
\xfd\xa1\xfc\x7f\xfc7\xfd\x9c\xfeW\x00\xf9\x01\x1e\x03{\
\x03\xfa\x02\xbe\x01\x10\x00c\xfe\x14\xfd|\xfc\xc2\xfc\xcd\
\xfdg\xff\x1e\x01\x8e\x02]\x03W\x03z\x02\x00\x01I\
\xff\xb8\xfd\xb7\xfc\x82\xfc)\xfd\x80\xfe0\x00\xd7\x01\x08\
\x03w\x03\x0a\x03\xda\x015\x00\x83\xfe*\xfd\x82\xfc\xb6\
\xfc\xb6\xfdD\xff\x00\x01|\x02V\x03^\x03\x8f\x02\x1b\
\x01b\xff\xcc\xfd\xc0\xfc\x81\xfc\x1a\xfdj\xfe\x1a\x00\xc3\
\x01\xfb\x02s\x03\x10\x03\xe8\x01G\x00\x95\xfe9\xfd\x8d\
\xfc\xb5\xfc\xaf\xfd7\xff\xec\x00g\x02G\x03Y\x03\x90\
\x02(\x01x\xff\xe4\xfd\xd6\xfc\x8c\xfc\x1a\xfd^\xfe\x04\
\x00\xa5\x01\xe1\x02b\x03\x0d\x03\xf9\x01d\x00\xbb\xfeW\
\xfd\x9e\xfc\xb8\xfc\x9c\xfd\x16\xff\xc5\x00H\x026\x03Z\
\x03\xa9\x02M\x01\xa0\xff\x04\xfe\xe6\xfc\x88\xfc\x04\xfd<\
\xfe\xe2\xff\x8c\x01\xd4\x02g\x03#\x03\x14\x02\x80\x00\xcf\
\xfed\xfd\x9c\xfc\xa8\xfc\x86\xfd\xff\xfe\xb4\x00=\x025\
\x03`\x03\xb6\x02]\x01\xae\xff\x12\xfe\xec\xfc\x88\xfc\xfd\
\xfc/\xfe\xd2\xffx\x01\xc5\x02a\x03%\x03\x1f\x02\x92\
\x00\xe4\xfeu\xfd\xa7\xfc\xab\xfc~\xfd\xed\xfe\x9d\x00'\
\x02&\x03\x5c\x03\xbb\x02o\x01\xc8\xff*\xfe\xfe\xfc\x91\
\xfc\xfa\xfc\x1e\xfe\xba\xffa\x01\xb1\x02V\x03&\x030\
\x02\xac\x00\xfd\xfe\x8a\xfd\xb2\xfc\xa7\xfcp\xfd\xd8\xfe\x81\
\x00\x0e\x02\x16\x03X\x03\xc8\x02\x84\x01\xe0\xffC\xfe\x11\
\xfd\x94\xfc\xef\xfc\x0c\xfe\xa1\xffF\x01\x9f\x02Q\x03,\
\x03>\x02\xc3\x00\x17\xff\x9f\xfd\xbf\xfc\xa6\xfcc\xfd\xc2\
\xfej\x00\xf8\x01\x07\x03Y\x03\xd0\x02\x97\x01\xfb\xffZ\
\xfe!\xfd\x9d\xfc\xec\xfc\xf9\xfd\x89\xff.\x01\x89\x02E\
\x03/\x03N\x02\xd9\x000\xff\xb5\xfd\xca\xfc\xa6\xfcU\
\xfd\xac\xfeM\x00\xe0\x01\xfc\x02V\x03\xdd\x02\xac\x01\x10\
\x00q\xfe3\xfd\xa2\xfc\xe3\xfc\xe8\xfds\xff\x17\x01x\
\x02>\x030\x03\x5c\x02\xef\x00H\xff\xcb\xfd\xd6\xfc\xac\
\xfcL\xfd\x97\xfe8\x00\xc8\x01\xe7\x02K\x03\xe2\x02\xba\
\x01&\x00\x8d\xfeF\xfd\xae\xfc\xe2\xfc\xdb\xfdZ\xff\xfa\
\x00a\x02/\x031\x03g\x02\x06\x01c\xff\xe5\xfd\xea\
\xfc\xae\xfcF\xfd\x84\xfe\x1e\x00\xaf\x01\xd4\x02E\x03\xe3\
\x02\xcd\x01B\x00\xa7\xfe\x5c\xfd\xb8\xfc\xe2\xfc\xcd\xfdE\
\xff\xe2\x00H\x02 \x03-\x03o\x02\x16\x01}\xff\xfd\
\xfd\xf9\xfc\xb6\xfc?\xfdt\xfe\x06\x00\x97\x01\xc2\x02:\
\x03\xe6\x02\xd8\x01U\x00\xbd\xfeo\xfd\xc4\xfc\xe1\xfc\xc3\
\xfd1\xff\xcb\x005\x02\x13\x03*\x03v\x02)\x01\x91\
\xff\x0f\xfe\x08\xfd\xbc\xfc;\xfde\xfe\xf6\xff\x83\x01\xb0\
\x025\x03\xec\x02\xe8\x01k\x00\xd2\xfe\x82\xfd\xce\xfc\xe1\
\xfc\xb8\xfd\x1b\xff\xb5\x00$\x02\x07\x03+\x03\x84\x02<\
\x01\xa7\xff#\xfe\x14\xfd\xbb\xfc0\xfdT\xfe\xe0\xffp\
\x01\xa6\x023\x03\xf4\x02\xf9\x01\x7f\x00\xe8\xfe\x8f\xfd\xd0\
\xfc\xda\xfc\xa7\xfd\x0a\xff\xa2\x00\x13\x02\xff\x02,\x03\x8f\
\x02P\x01\xbe\xff7\xfe\x1e\xfd\xbc\xfc%\xfd@\xfe\xca\
\xff[\x01\x97\x02/\x03\xfc\x02\x0a\x02\x93\x00\xfd\xfe\x9f\
\xfd\xd7\xfc\xd5\xfc\x98\xfd\xf1\xfe\x87\x00\xfd\x01\xf4\x021\
\x03\x9d\x02f\x01\xd7\xffL\xfe+\xfd\xba\xfc\x19\xfd,\
\xfe\xb1\xffD\x01\x86\x02,\x03\x04\x03\x1b\x02\xad\x00\x17\
\xff\xb5\xfd\xe1\xfc\xd1\xfc\x88\xfd\xd9\xfem\x00\xe8\x01\xe8\
\x02.\x03\xab\x02}\x01\xf2\xffh\xfe@\xfd\xc5\xfc\x13\
\xfd\x1a\xfe\x94\xff#\x01p\x02\x1d\x03\x02\x03-\x02\xc9\
\x005\xff\xcf\xfd\xf2\xfc\xd5\xfc|\xfd\xc2\xfeP\x00\xca\
\x01\xd3\x02&\x03\xb2\x02\x8e\x01\x0b\x00\x85\xfeW\xfd\xd0\
\xfc\x10\xfd\x0a\xfe{\xff\x07\x01X\x02\x0f\x03\x03\x036\
\x02\xdd\x00Q\xff\xe6\xfd\x02\xfd\xd9\xfcu\xfd\xb2\xfe9\
\x00\xb2\x01\xc0\x02\x1d\x03\xb4\x02\x9d\x01\x1f\x00\x9c\xfem\
\xfd\xdd\xfc\x12\xfd\x00\xfeh\xff\xf1\x00C\x02\xff\x02\xfe\
\x02?\x02\xed\x00f\xff\xff\xfd\x14\xfd\xe2\xfcq\xfd\xa2\
\xfe$\x00\x9d\x01\xaf\x02\x15\x03\xb6\x02\xa9\x015\x00\xb1\
\xfe|\xfd\xe6\xfc\x0f\xfd\xf4\xfdW\xff\xdd\x001\x02\xf4\
\x02\xfc\x02H\x02\xff\x00y\xff\x0f\xfe\x1f\xfd\xe3\xfcm\
\xfd\x94\xfe\x11\x00\x8b\x01\xa1\x02\x0f\x03\xb9\x02\xb5\x01F\
\x00\xc5\xfe\x8c\xfd\xed\xfc\x10\xfd\xe8\xfdD\xff\xca\x00\x1e\
\x02\xeb\x02\xfd\x02O\x02\x11\x01\x8d\xff\x22\xfe)\xfd\xe2\
\xfcb\xfd\x84\xfe\xfd\xffy\x01\x99\x02\x0e\x03\xc3\x02\xc7\
\x01X\x00\xd7\xfe\x97\xfd\xeb\xfc\x04\xfd\xd7\xfd0\xff\xb7\
\x00\x13\x02\xea\x02\x06\x03a\x02&\x01\xa1\xff/\xfe/\
\xfd\xde\xfcS\xfdn\xfe\xe9\xfff\x01\x8b\x02\x12\x03\xd2\
\x02\xdb\x01q\x00\xed\xfe\xa7\xfd\xf3\xfc\xff\xfc\xc8\xfd\x1a\
\xff\x9f\x00\xff\x01\xdf\x02\x09\x03p\x02=\x01\xbd\xffI\
\xfeB\xfd\xe5\xfcJ\xfdY\xfe\xcd\xffI\x01x\x02\x08\
\x03\xd6\x02\xee\x01\x8a\x00\x09\xff\xbc\xfd\x00\xfd\xfd\xfc\xb9\
\xfd\x03\xff\x81\x00\xe8\x01\xcf\x02\x04\x03x\x02P\x01\xd7\
\xff`\xfeT\xfd\xeb\xfcC\xfdI\xfe\xb8\xff3\x01b\
\x02\xfd\x02\xd5\x02\xf8\x01\xa2\x00\x22\xff\xd3\xfd\x0f\xfd\x00\
\xfd\xaf\xfd\xef\xfei\x00\xcd\x01\xbd\x02\xfd\x02\x7f\x02c\
\x01\xed\xffz\xfef\xfd\xf2\xfc@\xfd:\xfe\xa0\xff\x1a\
\x01O\x02\xef\x02\xd6\x02\x08\x02\xb6\x00<\xff\xec\xfd\x1e\
\xfd\x04\xfd\xa4\xfd\xda\xfeQ\x00\xb7\x01\xad\x02\xf7\x02\x86\
\x02q\x01\x01\x00\x92\xfey\xfd\xfb\xfc>\xfd*\xfe\x87\
\xff\x00\x019\x02\xe5\x02\xd5\x02\x14\x02\xcc\x00R\xff\x03\
\xfe+\xfd\x05\xfd\x99\xfd\xc5\xfe8\x00\x9e\x01\x9f\x02\xf6\
\x02\x91\x02\x87\x01\x1b\x00\xa8\xfe\x86\xfd\x00\xfd5\xfd\x18\
\xfer\xff\xeb\x00)\x02\xde\x02\xdc\x02!\x02\xdd\x00g\
\xff\x12\xfe4\xfd\x04\xfd\x90\xfd\xb4\xfe%\x00\x8d\x01\x90\
\x02\xef\x02\x95\x02\x92\x01,\x00\xbf\xfe\x98\xfd\x0b\xfd6\
\xfd\x0f\xfe`\xff\xd2\x00\x17\x02\xd2\x02\xd9\x02+\x02\xf0\
\x00\x7f\xff'\xfeB\xfd\x09\xfd\x8a\xfd\xa4\xfe\x0e\x00t\
\x01\x7f\x02\xea\x02\x98\x02\xa1\x01D\x00\xd7\xfe\xac\xfd\x13\
\xfd1\xfd\xfe\xfdK\xff\xbe\x00\x04\x02\xc9\x02\xdc\x029\
\x02\x06\x01\x95\xff8\xfeM\xfd\x09\xfd\x80\xfd\x96\xfe\xff\
\xffg\x01w\x02\xe6\x02\x9c\x02\xab\x01O\x00\xe1\xfe\xb5\
\xfd\x1a\xfd6\xfd\xfd\xfdC\xff\xb1\x00\xf5\x01\xbb\x02\xcf\
\x025\x02\x0d\x01\xa1\xffJ\xfe^\xfd\x18\xfd\x8c\xfd\xa4\
\xfe\x12\x00|\x01\x82\x02\xd8\x02a\x02B\x01\xc5\xffS\
\xfeX\xfd\x1f\xfd\xc1\xfd\x0d\xff\xa0\x00\x03\x02\xc6\x02\xa9\
\x02\xb4\x01+\x00\x95\xfen\xfd\x1a\xfd\xc0\xfd&\xff\xd2\
\x00;\x02\xda\x02q\x02+\x01u\xff\xed\xfd!\xfdg\
\xfd\xa1\xfe_\x00\xf7\x01\xcf\x02\x86\x02:\x01q\xff\xd9\
\xfd!\xfd\x93\xfd\x05\xff\xdb\x00T\x02\xce\x02\x0c\x02c\
\x00\x8f\xfeW\xfdD\xfdY\xfe\x22\x00\xda\x01\xc2\x02u\
\x02\x15\x01=\xff\xb1\xfd#\xfd\xcf\xfdj\xff?\x01\x8a\
\x02\xb8\x02\xb8\x01\xf6\xff4\xfe5\xfdj\xfd\xb7\xfe\x8b\
\x00#\x02\xca\x028\x02\xae\x00\xdb\xfe~\xfd5\xfd\x1b\
\xfe\xd3\xff\x99\x01\xaa\x02\x93\x02[\x01\x8c\xff\xea\xfd,\
\xfd\xa2\xfd\x1d\xff\xf5\x00a\x02\xc0\x02\xef\x01B\x00w\
\xfeQ\xfdQ\xfdy\xfeB\x00\xef\x01\xc1\x02_\x02\xf6\
\x00\x1f\xff\xa4\xfd+\xfd\xeb\xfd\x8f\xffZ\x01\x93\x02\xa7\
\x02\x96\x01\xd2\xff\x1f\xfe7\xfd\x81\xfd\xdf\xfe\xb1\x006\
\x02\xc0\x02\x1c\x02\x87\x00\xba\xfes\xfdD\xfdA\xfe\xf7\
\xff\xb2\x01\xac\x02|\x025\x01i\xff\xd8\xfd2\xfd\xc2\
\xfdF\xff\x13\x01i\x02\xb0\x02\xca\x01\x1d\x00`\xfeS\
\xfdm\xfd\x9e\xfec\x00\xfc\x01\xb5\x02?\x02\xcc\x00\x01\
\xff\x9c\xfd@\xfd\x0e\xfe\xb2\xffo\x01\x8f\x02\x90\x02r\
\x01\xb6\xff\x0f\xfe>\xfd\x9d\xfd\x00\xff\xca\x00>\x02\xb4\
\x02\xfd\x01h\x00\xa1\xfep\xfdV\xfd^\xfe\x17\x00\xc4\
\x01\xad\x02g\x02\x15\x01K\xff\xc9\xfd;\xfd\xdb\xfdd\
\xff-\x01q\x02\xa5\x02\xaf\x01\xfe\xffL\xfeP\xfd{\
\xfd\xbc\xfe\x80\x00\x0c\x02\xb2\x02(\x02\xae\x00\xe6\xfe\x94\
\xfdJ\xfd)\xfe\xd2\xff\x87\x01\x94\x02\x80\x02Q\x01\x93\
\xff\xfe\xfdD\xfd\xb6\xfd\x22\xff\xe9\x00H\x02\xab\x02\xe1\
\x01E\x00\x88\xfeg\xfdf\xfd~\xfe9\x00\xdc\x01\xac\
\x02S\x02\xf4\x00'\xff\xb6\xfd>\xfd\xf7\xfd\x8b\xffM\
\x01\x80\x02\x9b\x02\x91\x01\xd7\xff.\xfeJ\xfd\x8e\xfd\xe2\
\xfe\xa7\x00#\x02\xb2\x02\x0f\x02\x86\x00\xc2\xfe\x87\xfdV\
\xfdH\xfe\xf7\xff\xa4\x01\x98\x02k\x022\x01o\xff\xe9\
\xfdH\xfd\xd0\xfdH\xff\x08\x01T\x02\x9d\x02\xc0\x01\x1f\
\x00n\xfeh\xfd{\xfd\xa4\xfe]\x00\xeb\x01\xa6\x025\
\x02\xce\x00\x0b\xff\xb0\xfdO\xfd\x15\xfe\xae\xffa\x01\x7f\
\x02\x84\x02m\x01\xbb\xff\x1f\xfeQ\xfd\xaa\xfd\xff\xfe\xc2\
\x00,\x02\xa5\x02\xf3\x01g\x00\xaf\xfe~\xfdc\xfdf\
\xfe\x12\x00\xb8\x01\x9a\x02X\x02\x12\x01S\xff\xdd\xfdL\
\xfd\xe7\xfdf\xff\x1f\x01]\x02\x92\x02\xa4\x01\xfe\xffY\
\xfee\xfd\x8f\xfd\xc2\xfex\x00\xfc\x01\x9e\x02\x19\x02\xaa\
\x00\xf0\xfe\xaa\xfd`\xfd7\xfe\xce\xffx\x01|\x02h\
\x02J\x01\x99\xff\x12\xfe^\xfd\xc9\xfd(\xff\xdf\x003\
\x02\x90\x02\xcf\x01B\x00\x98\xfe\x85\xfd\x80\xfd\x8e\xfe5\
\x00\xc4\x01\x8e\x027\x02\xe8\x005\xff\xd5\xfd_\xfd\x0b\
\xfe\x8c\xff:\x01^\x02z\x02\x80\x01\xde\xffH\xfel\
\xfd\xa9\xfd\xe7\xfe\x99\x00\x05\x02\x92\x02\xfc\x01\x88\x00\xd8\
\xfe\xa2\xfdm\xfdU\xfe\xf0\xff\x8c\x01~\x02X\x02*\
\x01}\xff\x02\xfe_\xfd\xde\xfdD\xff\xf7\x00<\x02\x88\
\x02\xb7\x01%\x00\x83\xfe~\xfd\x8c\xfd\xa5\xfeP\x00\xd4\
\x01\x8b\x02#\x02\xcc\x00\x1d\xff\xc9\xfdf\xfd\x22\xfe\xa8\
\xffO\x01d\x02n\x02g\x01\xc4\xff8\xfem\xfd\xbd\
\xfd\x02\xff\xb1\x00\x12\x02\x8c\x02\xe5\x01k\x00\xc4\xfe\x9d\
\xfd}\xfdo\xfe\x09\x00\x9d\x01{\x02B\x02\x0e\x01c\
\xff\xf7\xfdj\xfd\xf8\xfdc\xff\x0d\x01@\x02x\x02\x99\
\x01\x07\x00o\xfe\x81\xfd\xa3\xfd\xc7\xfeo\x00\xe2\x01\x84\
\x02\x0c\x02\xad\x00\x01\xff\xc0\xfdt\xfd>\xfe\xc9\xffe\
\x01d\x02Z\x02F\x01\xa4\xff'\xfeq\xfd\xd6\xfd'\
\xff\xcf\x00\x1b\x02}\x02\xc4\x01I\x00\xaa\xfe\x98\xfd\x92\
\xfd\x92\xfe-\x00\xb2\x01w\x02(\x02\xe7\x00A\xff\xeb\
\xfdw\xfd\x18\xfe\x89\xff(\x01G\x02f\x02t\x01\xe7\
\xff]\xfe\x84\xfd\xc0\xfd\xed\xfe\x8e\x00\xee\x01w\x02\xeb\
\x01\x88\x00\xe9\xfe\xbf\xfd\x8a\xfdc\xfe\xeb\xffv\x01_\
\x02<\x02 \x01\x89\xff\x1c\xfe\x7f\xfd\xf5\xfdH\xff\xe6\
\x00\x1d\x02k\x02\xa7\x01)\x00\x98\xfe\x9e\xfd\xa7\xfd\xb0\
\xfeF\x00\xb8\x01k\x02\x11\x02\xcd\x000\xff\xe9\xfd\x84\
\xfd0\xfe\xa2\xff7\x01C\x02S\x02\x5c\x01\xd1\xffR\
\xfe\x8a\xfd\xd2\xfd\x02\xff\x9f\x00\xf4\x01n\x02\xd8\x01p\
\x00\xda\xfe\xbc\xfd\x94\xfdw\xfe\xfe\xff\x84\x01_\x02/\
\x02\x0a\x01s\xff\x13\xfe\x82\xfd\x06\xfe_\xff\xf9\x00%\
\x02a\x02\x90\x01\x0f\x00\x87\xfe\x9b\xfd\xb6\xfd\xc9\xfe^\
\x00\xc9\x01j\x02\xfc\x01\xaf\x00\x15\xff\xdd\xfd\x8d\xfdM\
\xfe\xc3\xffM\x01F\x02@\x02@\x01\xb1\xff@\xfe\x8f\
\xfd\xeb\xfd)\xff\xc0\x00\x00\x02b\x02\xb9\x01K\x00\xbd\
\xfe\xb7\xfd\xab\xfd\x9d\xfe#\x00\x98\x01Z\x02\x13\x02\xe5\
\x00R\xff\x05\xfe\x8f\xfd'\xfe\x88\xff\x16\x01+\x02N\
\x02n\x01\xf1\xfft\xfe\xa0\xfd\xd2\xfd\xee\xfe\x7f\x00\xd5\
\x01\x5c\x02\xde\x01\x8c\x00\xfb\xfe\xd8\xfd\x9f\xfdk\xfe\xe2\
\xffa\x01E\x02,\x02\x1f\x01\x93\xff4\xfe\x97\xfd\x03\
\xfeH\xff\xd7\x00\x07\x02W\x02\x9e\x01-\x00\xaa\xfe\xb7\
\xfd\xbd\xfd\xb7\xfe<\x00\xa8\x01W\x02\xff\x01\xc7\x008\
\xff\xfb\xfd\x99\xfd@\xfe\xa3\xff*\x010\x02<\x02O\
\x01\xd2\xffc\xfe\xa2\xfd\xe4\xfd\x0e\xff\x9c\x00\xe4\x01W\
\x02\xc2\x01j\x00\xe0\xfe\xd0\xfd\xaf\xfd\x8d\xfe\x04\x00u\
\x01H\x02\x16\x02\xfd\x00u\xff$\xfe\x9d\xfd\x1c\xfem\
\xff\xf4\x00\x10\x02G\x02{\x01\x0b\x00\x94\xfe\xb4\xfd\xd1\
\xfd\xdc\xfe^\x00\xb8\x01P\x02\xe3\x01\xa3\x00\x1b\xff\xf2\
\xfd\xa5\xfd^\xfe\xc6\xff?\x012\x02+\x021\x01\xb4\
\xffS\xfe\xa8\xfd\xfc\xfd-\xff\xb3\x00\xec\x01L\x02\xa9\
\x01N\x00\xce\xfe\xd1\xfd\xbf\xfd\xa5\xfe\x1a\x00\x82\x01E\
\x02\x03\x02\xe3\x00^\xff\x1a\xfe\xa7\xfd4\xfe\x83\xff\x02\
\x01\x11\x029\x02f\x01\xf7\xff\x88\xfe\xb9\xfd\xe1\xfd\xf2\
\xfeq\x00\xbf\x01I\x02\xcf\x01\x8c\x00\x0b\xff\xf0\xfd\xb3\
\xfdt\xfe\xdd\xffN\x01/\x02\x1b\x02\x1a\x01\xa0\xffK\
\xfe\xad\xfd\x13\xfeG\xff\xc6\x00\xf1\x01=\x02\x90\x012\
\x00\xbd\xfe\xd1\xfd\xd0\xfd\xc2\xfe5\x00\x90\x01<\x02\xea\
\x01\xc4\x00G\xff\x14\xfe\xb1\xfdP\xfe\xa3\xff\x19\x01\x14\
\x02'\x02J\x01\xda\xffx\xfe\xbe\xfd\xfb\xfd\x13\xff\x8e\
\x00\xca\x01<\x02\xb5\x01n\x00\xf6\xfe\xec\xfd\xc4\xfd\x94\
\xfe\xf8\xff_\x01-\x02\x03\x02\xf9\x00\x81\xff=\xfe\xb8\
\xfd,\xfeg\xff\xe0\x00\xf7\x012\x02u\x01\x15\x00\xac\
\xfe\xcf\xfd\xe1\xfd\xdd\xfeQ\x00\x9f\x016\x02\xd6\x01\xa8\
\x00/\xff\x0c\xfe\xbe\xfdh\xfe\xbf\xff/\x01\x19\x02\x18\
\x02+\x01\xbd\xffi\xfe\xbd\xfd\x0c\xfe.\xff\xa9\x00\xd7\
\x016\x02\x9c\x01M\x00\xde\xfe\xe2\xfd\xcf\xfd\xb0\xfe\x17\
\x00v\x01/\x02\xf2\x01\xdb\x00d\xff.\xfe\xbb\xfdC\
\xfe\x87\xff\xfa\x00\x01\x02&\x02Y\x01\xf4\xff\x92\xfe\xc8\
\xfd\xf4\xfd\xfe\xfeo\x00\xaf\x013\x02\xbf\x01\x86\x00\x13\
\xff\x00\xfe\xc6\xfd\x84\xfe\xdf\xffD\x01\x1c\x02\x07\x02\x0e\
\x01\xa0\xffY\xfe\xc3\xfd#\xfeO\xff\xc2\x00\xdc\x01*\
\x02\x84\x012\x00\xcc\xfe\xe3\xfd\xe4\xfd\xc9\xfe/\x00\x80\
\x01%\x02\xda\x01\xc1\x00R\xff)\xfe\xc8\xfd\x5c\xfe\xa0\
\xff\x07\x01\xfc\x01\x14\x02?\x01\xe3\xff\x8f\xfe\xd4\xfd\x0d\
\xfe\x17\xff\x80\x00\xae\x01#\x02\xa7\x01p\x00\x0a\xff\x06\
\xfe\xdb\xfd\x9f\xfe\xf4\xffI\x01\x0f\x02\xee\x01\xf5\x00\x8f\
\xffX\xfe\xd3\xfd=\xfeg\xff\xcd\x00\xda\x01\x17\x02g\
\x01\x1b\x00\xbf\xfe\xeb\xfd\xfc\xfd\xe6\xfeC\x00\x86\x01\x1a\
\x02\xbf\x01\xa4\x00>\xff(\xfe\xd9\xfdv\xfe\xbd\xff\x19\
\x01\xf9\x01\xfd\x01\x22\x01\xc6\xff~\xfe\xdc\xfd\x22\xfe4\
\xff\x98\x00\xb8\x01\x19\x02\x89\x01P\x00\xf1\xfe\x02\xfe\xed\
\xfd\xb8\xfe\x0e\x00[\x01\x0f\x02\xda\x01\xd5\x00s\xffL\
\xfe\xdb\xfdT\xfe\x86\xff\xe5\x00\xe0\x01\x09\x02K\x01\xfc\
\xff\xac\xfe\xec\xfd\x0d\xfe\x01\xff`\x00\x92\x01\x16\x02\xad\
\x01\x89\x00'\xff!\xfe\xe7\xfd\x91\xfe\xda\xff*\x01\xfa\
\x01\xee\x01\x07\x01\xaf\xfft\xfe\xe4\xfd:\xfeN\xff\xae\
\x00\xbf\x01\x0b\x02r\x015\x00\xe0\xfe\x04\xfe\x01\xfe\xd5\
\xfe'\x00g\x01\x06\x02\xc2\x01\xb7\x00^\xffF\xfe\xe7\
\xfdq\xfe\xa2\xff\xf7\x00\xe1\x01\xf7\x01.\x01\xe4\xff\xa1\
\xfe\xf2\xfd$\xfe \xffy\x00\x9a\x01\x07\x02\x8f\x01i\
\x00\x14\xff\x1e\xfe\xf7\xfd\xb0\xfe\xf3\xff9\x01\xf9\x01\xd9\
\x01\xea\x00\x96\xffk\xfe\xec\xfdR\xfeo\xff\xc4\x00\xc3\
\x01\xfe\x01V\x01\x1a\x00\xcf\xfe\x02\xfe\x0f\xfe\xee\xfe@\
\x00s\x01\x04\x02\xb1\x01\x9f\x00J\xff<\xfe\xed\xfd\x85\
\xfe\xb9\xff\x08\x01\xe5\x01\xeb\x01\x19\x01\xcf\xff\x93\xfe\xf2\
\xfd1\xfe5\xff\x8d\x00\xa5\x01\x03\x02~\x01S\x00\x00\
\xff\x15\xfe\xfd\xfd\xbf\xfe\x07\x00J\x01\xfc\x01\xce\x01\xd5\
\x00\x81\xff_\xfe\xed\xfda\xfe\x82\xff\xd6\x00\xcd\x01\xf9\
\x01F\x01\x02\x00\xbd\xfe\xff\xfd\x1b\xfe\x04\xffV\x00\x80\
\x01\x03\x02\x9f\x01\x86\x003\xff2\xfe\xf7\xfd\x9a\xfe\xd6\
\xff\x1c\x01\xe9\x01\xde\x01\x00\x01\xb5\xff\x83\xfe\xf5\xfdG\
\xfeR\xff\xa7\x00\xaf\x01\xf9\x01f\x016\x00\xec\xfe\x14\
\xfe\x10\xfe\xdd\xfe\x22\x00Z\x01\xf5\x01\xb5\x01\xb6\x00f\
\xffU\xfe\xf9\xfd{\xfe\xa2\xff\xec\x00\xce\x01\xe6\x01'\
\x01\xe9\xff\xb1\xfe\x06\xfe4\xfe#\xffo\x00\x88\x01\xf5\
\x01\x84\x01i\x00\x22\xff3\xfe\x08\xfe\xb7\xfe\xee\xff(\
\x01\xe1\x01\xc5\x01\xe5\x00\x9f\xff~\xfe\x01\xfe^\xfem\
\xff\xb6\x00\xae\x01\xe8\x01N\x01 \x00\xe2\xfe\x1c\xfe$\
\xfe\xf8\xfe7\x00[\x01\xe9\x01\x9e\x01\x9c\x00U\xffT\
\xfe\x09\xfe\x96\xfe\xbb\xff\xf8\x00\xc8\x01\xd3\x01\x0f\x01\xd5\
\xff\xa9\xfe\x0d\xfeI\xfe?\xff\x81\x00\x8a\x01\xe6\x01j\
\x01P\x00\x11\xff5\xfe\x1b\xfe\xd1\xfe\x02\x001\x01\xda\
\x01\xae\x01\xc7\x00\x87\xffx\xfe\x0f\xfez\xfe\x8a\xff\xc7\
\x00\xae\x01\xd9\x011\x01\x03\x00\xd4\xfe \xfe<\xfe\x13\
\xffN\x00f\x01\xdd\x01\x84\x01\x82\x00C\xffQ\xfe\x18\
\xfe\xaf\xfe\xd3\xff\x06\x01\xc6\x01\xbd\x01\xf2\x00\xbf\xff\xa0\
\xfe\x19\xfea\xfeU\xff\x91\x00\x8f\x01\xda\x01S\x018\
\x00\x04\xff7\xfe+\xfe\xea\xfe\x15\x009\x01\xd4\x01\x9d\
\x01\xb4\x00z\xffv\xfe\x19\xfe\x8d\xfe\x9c\xff\xd3\x00\xad\
\x01\xca\x01\x1e\x01\xf6\xff\xce\xfe#\xfeH\xfe%\xff\x5c\
\x00j\x01\xd8\x01u\x01p\x009\xffT\xfe$\xfe\xbf\
\xfe\xe2\xff\x0d\x01\xc3\x01\xb3\x01\xe3\x00\xae\xff\x9a\xfe\x1d\
\xfeo\xfej\xff\xa0\x00\x92\x01\xd2\x01A\x01'\x00\xfb\
\xfe7\xfe9\xfe\xfc\xfe(\x00E\x01\xd0\x01\x8e\x01\x9c\
\x00f\xffn\xfe \xfe\xa2\xfe\xb2\xff\xe4\x00\xb0\x01\xbd\
\x01\x08\x01\xdc\xff\xbf\xfe(\xfeZ\xfe@\xffr\x00r\
\x01\xd0\x01]\x01S\x00!\xffM\xfe1\xfe\xda\xfe\xfd\
\xff\x1d\x01\xc1\x01\x9c\x01\xc2\x00\x93\xff\x8f\xfe%\xfe\x87\
\xfe\x89\xff\xb7\x00\x96\x01\xc1\x01$\x01\x07\x00\xe5\xfe8\
\xfeM\xfe\x1a\xffH\x00Q\x01\xc8\x01v\x01~\x00Q\
\xffi\xfe-\xfe\xbd\xfe\xd4\xff\xf6\x00\xae\x01\xa9\x01\xe9\
\x00\xc4\xff\xb1\xfe-\xfep\xfe^\xff\x8a\x00x\x01\xc3\
\x01B\x018\x00\x13\xffM\xfeB\xfe\xf4\xfe\x15\x00*\
\x01\xbc\x01\x89\x01\xa9\x00\x7f\xff\x89\xfe1\xfe\x9e\xfe\xa1\
\xff\xca\x00\x96\x01\xb3\x01\x0f\x01\xf3\xff\xdc\xfe;\xfe`\
\xfe3\xffY\x00Y\x01\xc1\x01a\x01h\x00?\xfff\
\xfe;\xfe\xcf\xfe\xe5\xff\x00\x01\xad\x01\x9b\x01\xd5\x00\xb4\
\xff\xab\xfe4\xfe\x84\xfeu\xff\x9b\x00|\x01\xb6\x012\
\x01$\x00\x04\xffO\xfeO\xfe\x08\xff'\x002\x01\xb6\
\x01x\x01\x93\x00m\xff\x84\xfe<\xfe\xb4\xfe\xb8\xff\xd6\
\x00\x97\x01\xa6\x01\xf6\x00\xe0\xff\xd1\xfe@\xfes\xfeL\
\xffn\x00^\x01\xb5\x01L\x01O\x00.\xffe\xfeI\
\xfe\xe9\xfe\xfb\xff\x0d\x01\xa9\x01\x84\x01\xbb\x00\x9d\xff\xa5\
\xfe@\xfe\x9c\xfe\x8e\xff\xac\x00~\x01\xa8\x01\x18\x01\x0a\
\x00\xf9\xfeT\xfee\xfe&\xff<\x009\x01\xac\x01`\
\x01y\x00[\xff\x83\xfeK\xfe\xcc\xfe\xd1\xff\xe4\x00\x94\
\x01\x91\x01\xde\x00\xcc\xff\xca\xfeK\xfe\x86\xfed\xff|\
\x00^\x01\xa7\x012\x019\x00#\xffi\xfe[\xfe\x00\
\xff\x0e\x00\x14\x01\xa0\x01r\x01\xa5\x00\x8c\xff\xa4\xfeK\
\xfe\xaf\xfe\xa4\xff\xb7\x00|\x01\x9b\x01\x03\x01\xf9\xff\xf0\
\xfeY\xfet\xfe7\xffM\x00>\x01\xa4\x01N\x01f\
\x00P\xff\x81\xfeU\xfe\xde\xfe\xe3\xff\xed\x00\x91\x01\x83\
\x01\xcb\x00\xbc\xff\xc1\xfeN\xfe\x95\xfew\xff\x8d\x00c\
\x01\xa0\x01!\x01$\x00\x17\xffg\xfef\xfe\x14\xff\x1f\
\x00\x1f\x01\x9f\x01f\x01\x90\x00y\xff\x9a\xfeQ\xfe\xc1\
\xfe\xb6\xff\xc6\x00\x81\x01\x92\x01\xed\x00\xe6\xff\xe4\xfeX\
\xfe\x83\xfeL\xffa\x00F\x01\x9e\x01?\x01P\x00>\
\xff|\xfe^\xfe\xf3\xfe\xf7\xff\xf9\x00\x91\x01w\x01\xb8\
\x00\xa8\xff\xba\xfeU\xfe\xaa\xfe\x8b\xff\x9b\x00i\x01\x93\
\x01\x0d\x01\x10\x00\x0e\xffj\xfeu\xfe*\xff1\x00&\
\x01\x96\x01R\x01z\x00k\xff\x9a\xfe^\xfe\xd6\xfe\xcb\
\xff\xd0\x00z\x01\x81\x01\xda\x00\xd4\xff\xdf\xfeb\xfe\x97\
\xfee\xffo\x00I\x01\x91\x01&\x01;\x004\xff\x80\
\xfeo\xfe\x0a\xff\x06\x00\x01\x01\x89\x01_\x01\xa0\x00\x95\
\xff\xb6\xfec\xfe\xc0\xfe\xa2\xff\xa9\x00f\x01\x82\x01\xf7\
\x00\xfe\xff\x02\xffo\xfe\x89\xfeB\xffE\x00)\x01\x8b\
\x01<\x01a\x00]\xff\x99\xfek\xfe\xef\xfe\xe2\xff\xdd\
\x00{\x01n\x01\xc1\x00\xc1\xff\xd8\xfej\xfe\xa9\xfe|\
\xff\x80\x00L\x01\x87\x01\x12\x01#\x00'\xff\x82\xfe~\
\xfe \xff\x1a\x00\x0a\x01\x83\x01Q\x01\x89\x00\x85\xff\xb4\
\xfej\xfe\xd1\xfe\xb6\xff\xb5\x00e\x01w\x01\xe2\x00\xec\
\xff\xfb\xfeu\xfe\x9a\xfeT\xffT\x00/\x01\x83\x01+\
\x01P\x00Q\xff\x9a\xfey\xfe\xfe\xfe\xf3\xff\xe6\x00t\
\x01]\x01\xad\x00\xb0\xff\xd0\xfeq\xfe\xba\xfe\x8d\xff\x8e\
\x00L\x01|\x01\x02\x01\x11\x00\x1d\xff\x83\xfe\x8c\xfe1\
\xff+\x00\x14\x01}\x01?\x01u\x00x\xff\xae\xfes\
\xfe\xe5\xfe\xca\xff\xc4\x00g\x01k\x01\xce\x00\xd8\xff\xee\
\xfeu\xfe\xa9\xfem\xffh\x007\x01}\x01\x18\x019\
\x00=\xff\x92\xfe\x81\xfe\x14\xff\x08\x00\xf5\x00v\x01P\
\x01\x97\x00\x9b\xff\xc5\xfes\xfe\xcc\xfe\xa4\xff\xa0\x00S\
\x01q\x01\xeb\x00\xfa\xff\x10\xff\x82\xfe\x98\xfeI\xffB\
\x00\x1b\x01y\x01-\x01]\x00f\xff\xab\xfe\x81\xfe\xf8\
\xfe\xdf\xff\xd0\x00c\x01Z\x01\xb6\x00\xc5\xff\xe8\xfe\x7f\
\xfe\xbb\xfe\x80\xffv\x006\x01m\x01\x02\x01'\x006\
\xff\x99\xfe\x96\xfe+\xff\x15\x00\xf6\x00h\x01;\x01\x84\
\x00\x90\xff\xc9\xfe\x87\xfe\xe4\xfe\xb6\xff\xa5\x00J\x01]\
\x01\xd4\x00\xf1\xff\x0f\xff\x90\xfe\xb3\xfe]\xffM\x00\x17\
\x01f\x01\x18\x01K\x00_\xff\xb3\xfe\x93\xfe\x0e\xff\xf0\
\xff\xd3\x00Y\x01G\x01\xa3\x00\xb8\xff\xe8\xfe\x8a\xfe\xcf\
\xfe\x93\xff\x7f\x004\x01`\x01\xf0\x00\x15\x000\xff\x9d\
\xfe\xa3\xfe>\xff&\x00\xfc\x00a\x01+\x01p\x00\x84\
\xff\xc6\xfe\x90\xfe\xf5\xfe\xca\xff\xb3\x00J\x01R\x01\xc2\
\x00\xdd\xff\x03\xff\x93\xfe\xbf\xfeq\xff_\x00\x1f\x01b\
\x01\x06\x017\x00O\xff\xae\xfe\x9b\xfe \xff\x02\x00\xdf\
\x00X\x01:\x01\x8f\x00\xa4\xff\xe0\xfe\x92\xfe\xe2\xfe\xa9\
\xff\x8f\x008\x01V\x01\xdb\x00\xfe\xff!\xff\x9f\xfe\xb3\
\xfeS\xff9\x00\x01\x01Z\x01\x1a\x01X\x00r\xff\xc5\
\xfe\x9b\xfe\x0a\xff\xe0\xff\xbc\x00F\x01A\x01\xac\x00\xcb\
\xff\xfc\xfe\x9c\xfe\xd1\xfe\x86\xffk\x00\x1e\x01T\x01\xf2\
\x00%\x00E\xff\xb3\xfe\xae\xfe8\xff\x12\x00\xe4\x00Q\
\x01$\x01{\x00\x9a\xff\xdf\xfe\x9c\xfe\xf3\xfe\xbb\xff\x99\
\x005\x01I\x01\xc9\x00\xf4\xff \xff\xa7\xfe\xc5\xfee\
\xffC\x00\x02\x01P\x01\x07\x01J\x00j\xff\xc8\xfe\xa9\
\xfe\x1b\xff\xf0\xff\xc1\x00A\x012\x01\x9b\x00\xc0\xff\xf9\
\xfe\xa5\xfe\xe2\xfe\x97\xfft\x00\x1e\x01I\x01\xdf\x00\x14\
\x00>\xff\xb8\xfe\xbc\xfeH\xff \x00\xe8\x00H\x01\x16\
\x01g\x00\x8c\xff\xde\xfe\xa9\xfe\x07\xff\xcc\xff\xa4\x001\
\x018\x01\xb4\x00\xe3\xff\x18\xff\xb0\xfe\xd5\xfey\xffU\
\x00\x06\x01F\x01\xf0\x005\x00_\xff\xc8\xfe\xb9\xfe2\
\xff\xfe\xff\xca\x00=\x01 \x01\x85\x00\xb0\xff\xf9\xfe\xad\
\xfe\xf5\xfe\xad\xff\x80\x00\x1d\x01;\x01\xcb\x00\x03\x008\
\xff\xbd\xfe\xcd\xfe\x5c\xff.\x00\xeb\x00?\x01\x05\x01U\
\x00\x82\xff\xe0\xfe\xb5\xfe\x19\xff\xdc\xff\xa9\x00,\x01)\
\x01\xa2\x00\xd7\xff\x16\xff\xb5\xfe\xe4\xfe\x8b\xff\x5c\x00\x04\
\x01<\x01\xe3\x00(\x00X\xff\xce\xfe\xc6\xfeB\xff\x0b\
\x00\xcd\x004\x01\x11\x01v\x00\xa5\xff\xf7\xfe\xb8\xfe\x05\
\xff\xba\xff\x8b\x00\x1a\x01-\x01\xbd\x00\xf6\xff0\xff\xc0\
\xfe\xdd\xfeo\xff;\x00\xef\x004\x01\xf1\x00E\x00x\
\xff\xdf\xfe\xc0\xfe-\xff\xef\xff\xb3\x00*\x01\x18\x01\x8d\
\x00\xc3\xff\x0f\xff\xc0\xfe\xf7\xfe\xa0\xffk\x00\x08\x010\
\x01\xcd\x00\x10\x00K\xff\xcf\xfe\xd5\xfeW\xff\x1b\x00\xd6\
\x00,\x01\xff\x00a\x00\x94\xff\xf7\xfe\xc5\xfe\x1a\xff\xd0\
\xff\x95\x00\x18\x01\x1f\x01\xa6\x00\xe7\xff-\xff\xca\xfe\xef\
\xfe\x83\xffG\x00\xed\x00*\x01\xdf\x004\x00m\xff\xe5\
\xfe\xd4\xfe?\xff\xfb\xff\xb3\x00\x1e\x01\x08\x01}\x00\xba\
\xff\x11\xff\xcb\xfe\x0a\xff\xb1\xfft\x00\x03\x01\x1e\x01\xbd\
\x00\x04\x00H\xff\xd7\xfe\xe2\xfeg\xff'\x00\xd6\x00%\
\x01\xf0\x00R\x00\x8f\xff\xf8\xfe\xd0\xfe*\xff\xde\xff\x9b\
\x00\x15\x01\x12\x01\x95\x00\xda\xff'\xff\xd0\xfe\xfa\xfe\x91\
\xffR\x00\xef\x00!\x01\xce\x00\x22\x00f\xff\xe8\xfe\xde\
\xfeP\xff\x08\x00\xba\x00\x1b\x01\xfb\x00n\x00\xb1\xff\x12\
\xff\xd1\xfe\x16\xff\xbc\xffx\x00\xff\x00\x14\x01\xaf\x00\xfb\
\xffG\xff\xde\xfe\xf0\xfes\xff/\x00\xd3\x00\x1b\x01\xe3\
\x00F\x00\x89\xff\xfb\xfe\xdc\xfe6\xff\xe8\xff\x9a\x00\x0a\
\x01\x07\x01\x8a\x00\xd3\xff)\xff\xd9\xfe\x08\xff\x9c\xffX\
\x00\xec\x00\x16\x01\xc4\x00\x18\x00c\xff\xec\xfe\xe9\xfeZ\
\xff\x0f\x00\xbe\x00\x16\x01\xf2\x00a\x00\xa7\xff\x10\xff\xda\
\xfe%\xff\xc9\xff\x80\x00\xfe\x00\x0d\x01\xa2\x00\xf0\xffA\
\xff\xe1\xfe\xfc\xfe\x84\xff=\x00\xd7\x00\x14\x01\xd2\x005\
\x00~\xff\xfa\xfe\xe6\xfeJ\xff\xf7\xff\xa6\x00\x0a\x01\xf8\
\x00y\x00\xc3\xff%\xff\xdf\xfe\x19\xff\xb3\xffe\x00\xee\
\x00\x0a\x01\xb0\x00\x07\x00Z\xff\xef\xfe\xf8\xfep\xff \
\x00\xc1\x00\x0c\x01\xde\x00K\x00\x98\xff\x0f\xff\xe9\xfe:\
\xff\xdf\xff\x8a\x00\xf9\x00\xf8\x00\x89\x00\xe1\xff=\xff\xed\
\xfe\x10\xff\x99\xffI\x00\xd6\x00\x08\x01\xbf\x00#\x00v\
\xff\x00\xff\xf5\xfe[\xff\x04\x00\xa8\x00\x01\x01\xe5\x00e\
\x00\xb7\xff#\xff\xeb\xfe*\xff\xbe\xffm\x00\xe9\x00\xfe\
\x00\xa0\x00\xf9\xffV\xff\xf4\xfe\x07\xff\x82\xff,\x00\xc4\
\x00\x02\x01\xce\x00=\x00\x8f\xff\x0e\xff\xf3\xfeI\xff\xea\
\xff\x8f\x00\xf6\x00\xee\x00z\x00\xd4\xff8\xff\xf3\xfe\x1f\
\xff\xa9\xffS\x00\xd8\x00\xfe\x00\xaf\x00\x13\x00l\xff\x02\
\xff\x02\xffl\xff\x11\x00\xaf\x00\xfb\x00\xd6\x00S\x00\xad\
\xff%\xff\xf7\xfe;\xff\xd0\xffu\x00\xe7\x00\xf1\x00\x8d\
\x00\xef\xffS\xff\xfb\xfe\x17\xff\x92\xff7\x00\xc4\x00\xf9\
\x00\xbf\x00-\x00\x89\xff\x13\xff\xff\xfeY\xff\xf8\xff\x92\
\x00\xed\x00\xde\x00k\x00\xcb\xff9\xff\xfc\xfe-\xff\xb7\
\xffX\x00\xd6\x00\xf2\x00\xa1\x00\x0a\x00k\xff\x08\xff\x0d\
\xffy\xff\x19\x00\xac\x00\xf2\x00\xcd\x00G\x00\xa6\xff&\
\xff\xff\xfeF\xff\xdc\xffy\x00\xe3\x00\xe4\x00\x81\x00\xe8\
\xffP\xff\x03\xff \xff\x9f\xff<\x00\xc3\x00\xef\x00\xb2\
\x00%\x00\x86\xff\x17\xff\x09\xffe\xff\xfe\xff\x95\x00\xe7\
\x00\xd5\x00^\x00\xc0\xff9\xff\x05\xff;\xff\xc0\xff`\
\x00\xd3\x00\xe8\x00\x94\x00\xfe\xffg\xff\x0e\xff\x1b\xff\x88\
\xff!\x00\xae\x00\xeb\x00\xbe\x00;\x00\x9d\xff%\xff\x09\
\xffU\xff\xe8\xff~\x00\xdc\x00\xd9\x00r\x00\xdb\xffL\
\xff\x08\xff/\xff\xaa\xffE\x00\xc1\x00\xe5\x00\xa3\x00\x15\
\x00}\xff\x18\xff\x17\xfft\xff\x0b\x00\x9b\x00\xe5\x00\xc6\
\x00N\x00\xb7\xff6\xff\x0c\xffJ\xff\xd2\xffe\x00\xd3\
\x00\xdc\x00\x84\x00\xf3\xffa\xff\x13\xff(\xff\x99\xff0\
\x00\xb0\x00\xe0\x00\xad\x00)\x00\x96\xff'\xff\x15\xffg\
\xff\xf7\xff\x85\x00\xd9\x00\xcc\x00b\x00\xd0\xffJ\xff\x15\
\xffA\xff\xbd\xffO\x00\xc1\x00\xd8\x00\x90\x00\x06\x00x\
\xff!\xff&\xff\x87\xff\x15\x00\x9b\x00\xd7\x00\xb3\x00@\
\x00\xaf\xff<\xff\x1b\xffX\xff\xdf\xffl\x00\xc8\x00\xcb\
\x00s\x00\xe9\xffc\xff\x1e\xff9\xff\xa4\xff6\x00\xad\
\x00\xd6\x00\x9e\x00\x1e\x00\x93\xff-\xff#\xfft\xff\xfc\
\xff\x81\x00\xd0\x00\xbc\x00V\x00\xc8\xffL\xff\x1d\xffK\
\xff\xc5\xffT\x00\xbc\x00\xcc\x00\x84\x00\xfd\xffw\xff$\
\xff0\xff\x93\xff\x1f\x00\x9a\x00\xd0\x00\xaa\x003\x00\xa8\
\xff<\xff%\xfff\xff\xe8\xffp\x00\xc4\x00\xc1\x00h\
\x00\xe3\xffc\xff%\xffC\xff\xb2\xff=\x00\xa9\x00\xcc\
\x00\x93\x00\x15\x00\x8e\xff4\xff0\xff\x80\xff\x04\x00\x86\
\x00\xc9\x00\xb2\x00K\x00\xbf\xffP\xff(\xffZ\xff\xd1\
\xffX\x00\xb5\x00\xc1\x00y\x00\xf5\xffv\xff,\xff?\
\xff\x9f\xff&\x00\x9a\x00\xc8\x00\x9b\x00'\x00\xa5\xff@\
\xff0\xffu\xff\xf4\xffp\x00\xbc\x00\xb6\x00Y\x00\xd7\
\xffc\xff-\xffR\xff\xbe\xffA\x00\xa9\x00\xc1\x00\x83\
\x00\x09\x00\x8a\xff8\xff<\xff\x8f\xff\x0f\x00\x85\x00\xc1\
\x00\xa2\x00;\x00\xbc\xffS\xff2\xffi\xff\xde\xff[\
\x00\xb1\x00\xb4\x00i\x00\xed\xffw\xff5\xffL\xff\xab\
\xff*\x00\x95\x00\xbc\x00\x8f\x00\x1b\x00\xa1\xffH\xff=\
\xff\x81\xff\xf8\xffs\x00\xb4\x00\xa5\x00M\x00\xcf\xffd\
\xff9\xff_\xff\xca\xffE\x00\xa4\x00\xb5\x00s\x00\xfe\
\xff\x89\xffA\xffH\xff\x9c\xff\x16\x00\x86\x00\xb8\x00\x97\
\x000\x00\xb5\xffU\xff<\xffu\xff\xe7\xff_\x00\xac\
\x00\xab\x00^\x00\xe7\xffw\xff<\xffY\xff\xb9\xff0\
\x00\x96\x00\xb2\x00\x81\x00\x12\x00\x9d\xffL\xffF\xff\x8f\
\xff\x02\x00s\x00\xae\x00\x9c\x00@\x00\xcc\xffb\xff?\
\xffl\xff\xd4\xffL\x00\x9e\x00\xab\x00j\x00\xf9\xff\x86\
\xffF\xffR\xff\xaa\xff\x1f\x00\x83\x00\xae\x00\x88\x00$\
\x00\xb0\xffW\xffG\xff\x84\xff\xf0\xff`\x00\xa5\x00\x9e\
\x00N\x00\xde\xffv\xffG\xfff\xff\xc6\xff6\x00\x92\
\x00\xaa\x00t\x00\x08\x00\x99\xffS\xffS\xff\x9c\xff\x0b\
\x00t\x00\xa6\x00\x8e\x003\x00\xc2\xffg\xffK\xffz\
\xff\xe1\xffM\x00\x9a\x00\x9e\x00\x5c\x00\xf1\xff\x85\xffO\
\xffb\xff\xb7\xff#\x00\x83\x00\xa6\x00|\x00\x18\x00\xab\
\xff^\xffS\xff\x90\xff\xf9\xffa\x00\x9e\x00\x93\x00B\
\x00\xd6\xffu\xffO\xffr\xff\xce\xff:\x00\x8f\x00\x9e\
\x00d\x00\x00\x00\x98\xffW\xff_\xff\xa8\xff\x10\x00t\
\x00\x9e\x00\x83\x00+\x00\xbf\xffj\xffW\xff\x85\xff\xe9\
\xffQ\x00\x93\x00\x92\x00M\x00\xe9\xff\x85\xffW\xffn\
\xff\xc3\xff+\x00\x7f\x00\x9a\x00o\x00\x10\x00\xab\xffc\
\xff_\xff\x9d\xff\x00\x00`\x00\x96\x00\x86\x006\x00\xd2\
\xffz\xff[\xff~\xff\xda\xff>\x00\x86\x00\x92\x00X\
\x00\xf8\xff\x98\xff`\xffk\xff\xb5\xff\x17\x00p\x00\x95\
\x00s\x00\x1d\x00\xbc\xffn\xffb\xff\x95\xff\xf1\xffO\
\x00\x89\x00\x86\x00A\x00\xe3\xff\x89\xff`\xffy\xff\xcb\
\xff.\x00{\x00\x8e\x00`\x00\x07\x00\xa8\xffl\xffk\
\xff\xa9\xff\x06\x00_\x00\x8c\x00x\x00/\x00\xd0\xff}\
\xffc\xff\x8b\xff\xe1\xffA\x00\x84\x00\x86\x00M\x00\xf3\
\xff\x99\xffg\xffw\xff\xc0\xff\x1b\x00j\x00\x89\x00g\
\x00\x18\x00\xb9\xffw\xffk\xff\x9f\xff\xf8\xffP\x00\x87\
\x00{\x00:\x00\xdd\xff\x8e\xffk\xff\x86\xff\xd6\xff.\
\x00v\x00\x82\x00U\x00\x01\x00\xa9\xffr\xffu\xff\xb3\
\xff\x0c\x00`\x00\x84\x00k\x00#\x00\xc9\xff\x82\xffn\
\xff\x99\xff\xe9\xffA\x00{\x00z\x00=\x00\xe1\xff\x8e\
\xffo\xff\x95\xff\xec\xffI\x00}\x00l\x00\x1b\x00\xbd\
\xff{\xff\x7f\xff\xcd\xff1\x00v\x00o\x00\x1f\x00\xb8\
\xffw\xff\x89\xff\xe5\xffI\x00{\x00T\x00\xec\xff\x8d\
\xffy\xff\xc4\xff/\x00y\x00`\x00\xf8\xff\x8f\xffx\
\xff\xc6\xff;\x00y\x00N\x00\xdd\xff\x7f\xff\x8b\xff\xf7\
\xffa\x00q\x00\x15\x00\xa0\xff}\xff\xcd\xffE\x00w\
\x003\x00\xba\xff~\xff\xae\xff'\x00s\x00O\x00\xda\
\xff\x82\xff\x96\xff\x03\x00f\x00b\x00\xfa\xff\x93\xff\x89\
\xff\xe8\xffS\x00k\x00\x18\x00\xa9\xff\x82\xff\xca\xff9\
\x00o\x007\x00\xc3\xff\x81\xff\xae\xff\x1e\x00k\x00N\
\x00\xe6\xff\x8a\xff\x97\xff\xfc\xff_\x00a\x00\x00\x00\x9d\
\xff\x88\xff\xe1\xffM\x00m\x00 \x00\xb3\xff\x84\xff\xc6\
\xff2\x00n\x00:\x00\xcf\xff\x87\xff\xab\xff\x12\x00f\
\x00Q\x00\xeb\xff\x90\xff\x98\xff\xf7\xffY\x00a\x00\x05\
\x00\xa5\xff\x8c\xff\xdc\xff@\x00i\x00$\x00\xbd\xff\x89\
\xff\xc2\xff)\x00h\x00;\x00\xd8\xff\x8d\xff\xab\xff\x0d\
\x00`\x00Q\x00\xf3\xff\x99\xff\x98\xff\xf3\xffP\x00]\
\x00\x0d\x00\xae\xff\x91\xff\xd9\xff7\x00d\x00'\x00\xc5\
\xff\x8d\xff\xbf\xff \x00`\x00=\x00\xe0\xff\x95\xff\xac\
\xff\x07\x00W\x00M\x00\xf9\xff\xa2\xff\x9c\xff\xed\xffG\
\x00Y\x00\x0f\x00\xb5\xff\x94\xff\xd7\xff2\x00]\x00*\
\x00\xca\xff\x94\xff\xbc\xff\x1b\x00]\x00=\x00\xe1\xff\x9b\
\xff\xad\xff\x00\x00R\x00L\x00\xf8\xff\xa7\xff\x9d\xff\xe9\
\xffC\x00W\x00\x14\x00\xba\xff\x9a\xff\xd1\xff,\x00W\
\x00+\x00\xd0\xff\x9a\xff\xbb\xff\x15\x00T\x00>\x00\xe8\
\xff\xa1\xff\xac\xff\xf9\xffI\x00L\x00\x00\x00\xaf\xff\xa1\
\xff\xe5\xff<\x00S\x00\x19\x00\xc0\xff\x9e\xff\xcd\xff%\
\x00T\x000\x00\xd8\xff\xa1\xff\xba\xff\x0d\x00M\x00?\
\x00\xf0\xff\xa7\xff\xab\xff\xf8\xffC\x00I\x00\x06\x00\xb5\
\xff\xa4\xff\xe0\xff4\x00Q\x00\x1d\x00\xc9\xff\xa0\xff\xc9\
\xff \x00M\x00/\x00\xdd\xff\xa4\xff\xba\xff\x08\x00J\
\x00>\x00\xf4\xff\xaf\xff\xaf\xff\xf5\xff;\x00E\x00\x08\
\x00\xbe\xff\xa8\xff\xdd\xff,\x00I\x00\x1c\x00\xcd\xff\xa8\
\xff\xca\xff\x18\x00I\x00.\x00\xe4\xff\xac\xff\xbb\xff\x02\
\x00B\x00:\x00\xf8\xff\xb7\xff\xb0\xff\xf1\xff7\x00E\
\x00\x0c\x00\xc1\xff\xac\xff\xd9\xff%\x00E\x00 \x00\xd5\
\xff\xab\xff\xca\xff\x10\x00C\x00/\x00\xe9\xff\xb2\xff\xba\
\xff\xfc\xff;\x00;\x00\xfd\xff\xba\xff\xb3\xff\xec\xff0\
\x00B\x00\x11\x00\xca\xff\xb0\xff\xd9\xff \x00A\x00 \
\x00\xde\xff\xb4\xff\xca\xff\x0c\x00<\x00/\x00\xf0\xff\xb9\
\xff\xbe\xff\xf9\xff1\x006\x00\x01\x00\xc3\xff\xb8\xff\xe8\
\xff'\x00<\x00\x11\x00\xd1\xff\xb5\xff\xd9\xff\x19\x009\
\x00 \x00\xe0\xff\xb8\xff\xca\xff\x05\x006\x00*\x00\xf4\
\xff\xbe\xff\xbf\xff\xf9\xff/\x002\x00\x00\x00\xca\xff\xba\
\xff\xe6\xff#\x007\x00\x13\x00\xd6\xff\xba\xff\xd6\xff\x14\
\x007\x00\x1f\x00\xe8\xff\xbe\xff\xc9\xff\x02\x003\x00,\
\x00\xf7\xff\xc2\xff\xc2\xff\xf5\xff(\x003\x00\x05\x00\xcd\
\xff\xbf\xff\xe4\xff\x1d\x002\x00\x15\x00\xdd\xff\xbf\xff\xd4\
\xff\x0c\x002\x00!\x00\xed\xff\xc3\xff\xcc\xff\xfd\xff)\
\x00)\x00\xf9\xff\xcb\xff\xc6\xff\xf0\xff#\x00.\x00\x0a\
\x00\xd5\xff\xc4\xff\xe3\xff\x14\x00-\x00\x15\x00\xe1\xff\xc4\
\xff\xd9\xff\x08\x00)\x00\x1f\x00\xf1\xff\xcb\xff\xd0\xff\xf8\
\xff\x22\x00$\x00\xfd\xff\xd2\xff\xcd\xff\xf0\xff\x1b\x00(\
\x00\x08\x00\xda\xff\xc9\xff\xe1\xff\x10\x00(\x00\x14\x00\xe5\
\xff\xcc\xff\xda\xff\x04\x00%\x00\x1b\x00\xf5\xff\xd0\xff\xd2\
\xff\xf8\xff\x1e\x00#\x00\xfc\xff\xd7\xff\xcf\xff\xed\xff\x17\
\x00\x22\x00\x08\x00\xe1\xff\xcf\xff\xe2\xff\x0c\x00\x22\x00\x13\
\x00\xed\xff\xcf\xff\xdb\xff\x01\x00\x1e\x00\x1a\x00\xf8\xff\xd7\
\xff\xd7\xff\xf9\xff\x1b\x00\x1e\x00\x00\x00\xde\xff\xd4\xff\xec\
\xff\x10\x00\x1d\x00\x09\x00\xe5\xff\xd4\xff\xe4\xff\x08\x00\x1d\
\x00\x10\x00\xf1\xff\xd8\xff\xdd\xff\xfd\xff\x19\x00\x17\x00\xf8\
\xff\xdb\xff\xdb\xff\xf5\xff\x13\x00\x19\x00\x00\x00\xe1\xff\xd8\
\xff\xed\xff\x0d\x00\x19\x00\x07\x00\xe8\xff\xd8\xff\xe7\xff\x05\
\x00\x16\x00\x0e\x00\xf0\xff\xda\xff\xdf\xff\xfa\xff\x13\x00\x12\
\x00\xf7\xff\xdd\xff\xdf\xff\xf6\xff\x10\x00\x16\x00\xff\xff\xe4\
\xff\xdb\xff\xee\xff\x0a\x00\x16\x00\x07\x00\xeb\xff\xde\xff\xe6\
\xff\x02\x00\x14\x00\x0b\x00\xf3\xff\xdc\xff\xe2\xff\xfa\xff\x11\
\x00\x10\x00\xf7\xff\xe4\xff\xe1\xff\xf6\xff\x0d\x00\x10\x00\xff\
\xff\xe8\xff\xe1\xff\xed\xff\x06\x00\x10\x00\x05\x00\xef\xff\xe1\
\xff\xe8\xff\xfd\xff\x10\x00\x0c\x00\xf8\xff\xe5\xff\xe5\xff\xf9\
\xff\x0c\x00\x0c\x00\xf9\xff\xe8\xff\xe6\xff\xf4\xff\x05\x00\x0b\
\x00\x01\x00\xec\xff\xe6\xff\xf0\xff\x01\x00\x0b\x00\x06\x00\xf4\
\xff\xe6\xff\xeb\xff\xf9\xff\x08\x00\x09\x00\xf8\xff\xe8\xff\xe9\
\xff\xf8\xff\x05\x00\x07\x00\xfa\xff\xec\xff\xe9\xff\xf4\xff\x01\
\x00\x08\x00\x01\x00\xf0\xff\xea\xff\xf0\xff\xfd\xff\x07\x00\x00\
\x00\xf4\xff\xed\xff\xed\xff\xf9\xff\x04\x00\x04\x00\xf9\xff\xec\
\xff\xee\xff\xf8\xff\x01\x00\x03\x00\xf9\xff\xf0\xff\xee\xff\xf4\
\xff\xfe\xff\x02\x00\xfe\xff\xf3\xff\xee\xff\xf4\xff\xfa\xff\xff\
\xff\x00\x00\xf8\xff\xf1\xff\xf2\xff\xf9\xff\x01\x00\xfe\xff\xf9\
\xff\xf4\xff\xf3\xff\xf8\xff\xfd\xff\xfe\xff\xf9\xff\xf4\xff\xf3\
\xff\xf8\xff\xfa\xff\xfa\xff\xfc\xff\xf8\xff\xf6\xff\xf5\xff\xf8\
\xff\xfc\xff\xfc\xff\xf9\xff\xf5\xff\xf5\xff\xf8\xff\xfc\xff\xfc\
\xff\xf9\xff\xf9\xff\xf8\xff\xf8\xff\xf8\xff\xf9\xff\xf9\xff\xf8\
\xff\xf8\xff\xf7\xff\xf9\xff\xf9\xff\xfa\xff\xf8\xff\xf8\xff\xf8\
\xff\xf8\xff\xf9\xff\xf9\xff\xf9\xff\xf8\xff\xf8\xff\xf8\xff\xf9\
\xff\xfa\xff\xf8\xff\xf9\xff\xf8\xff\xf8\xff\xf9\xff\xf9\xff\xf9\
\xff\xf8\xff\xf8\xff\xf8\xff\xf9\xff\xf9\xff\xf9\xff\xf9\xff\xf8\
\xff\xf8\xff\xf8\xff\xf9\xff\xf9\xff\xf9\xff\xf8\xff\xf8\xff\xf8\
\xff\xf8\xff\xf9\xff\xf9\xff\xf9\xff\xf8\xff\xf8\xff\xf8\xff\xf8\
\xff\xf9\xff\xf8\xff\xf9\xff\xf8\xff\xf8\xff\xf9\xff\xf8\xff\xf9\
\xff\xf8\xff\xf9\xff\xf8\xff\xf9\xff\xf9\xff\xf8\xff\xf8\xff\xf8\
\xff\
"

qt_resource_name = b"\
\x00\x06\
\x06\x8a\x9c\xb3\
\x00a\
\x00s\x00s\x00e\x00t\x00s\
\x00\x08\
\x05\xe2T\xa7\
\x00l\
\x00o\x00g\x00o\x00.\x00s\x00v\x00g\
\x00\x06\
\x07\xa6\xc4\xb3\
\x00s\
\x00o\x00u\x00n\x00d\x00s\
\x00\x06\
\x07|Z\xc7\
\x00p\
\x00y\x00.\x00s\x00v\x00g\
\x00\x12\
\x05w\xd4F\
\x00h\
\x00a\x00b\x00i\x00t\x00_\x00n\x00o\x00t\x00_\x00d\x00o\x00n\x00e\x00.\x00w\x00a\
\x00v\
\x00\x0e\
\x0di\x0df\
\x00h\
\x00a\x00b\x00i\x00t\x00_\x00d\x00o\x00n\x00e\x00.\x00w\x00a\x00v\
"

qt_resource_struct = b"\
\x00\x00\x00\x00\x00\x02\x00\x00\x00\x01\x00\x00\x00\x01\
\x00\x00\x00\x00\x00\x00\x00\x00\
\x00\x00\x00\x00\x00\x02\x00\x00\x00\x03\x00\x00\x00\x02\
\x00\x00\x00\x00\x00\x00\x00\x00\
\x00\x00\x00\x12\x00\x00\x00\x00\x00\x01\x00\x00\x00\x00\
\x00\x00\x01\x9d\xf8\x1d\x1d\xd8\
\x00\x00\x00:\x00\x00\x00\x00\x00\x01\x00\x00\x02:\
\x00\x00\x01\x9d\xf8\x1d\x1d\xd8\
\x00\x00\x00(\x00\x02\x00\x00\x00\x02\x00\x00\x00\x05\
\x00\x00\x00\x00\x00\x00\x00\x00\
\x00\x00\x00L\x00\x00\x00\x00\x00\x01\x00\x00\x07\xd6\
\x00\x00\x01\xa03\x1dO\xe2\
\x00\x00\x00v\x00\x00\x00\x00\x00\x01\x00\x00w\x8c\
\x00\x00\x01\xa03\x11\x94\x89\
"

def qCleanupResources():
    QtCore.qUnregisterResourceData(0x03, qt_resource_struct, qt_resource_name, qt_resource_data)

def qInitResources():
    QtCore.qRegisterResourceData(0x03, qt_resource_struct, qt_resource_name, qt_resource_data)

qInitResources()
